# Wavefront Obj file
# 
# verts: 960 uv-s: 1936
mtllib Side_Table.mtl

g side_table
#pivot 0.000000 0.000000 0.000000

v -0.245000 0.820000 -0.285000
v 0.245000 0.820000 -0.285000
v 0.245000 0.820000 0.285000
v -0.245000 0.820000 0.285000
v -0.245000 0.850000 -0.285000
v -0.245000 0.850000 0.285000
v 0.245000 0.850000 0.285000
v 0.245000 0.850000 -0.285000
v -0.250000 0.825000 -0.285000
v -0.250000 0.825000 0.285000
v -0.250000 0.845000 0.285000
v -0.250000 0.845000 -0.285000
v -0.245000 0.825000 0.290000
v 0.245000 0.825000 0.290000
v 0.245000 0.845000 0.290000
v -0.245000 0.845000 0.290000
v 0.250000 0.825000 0.285000
v 0.250000 0.825000 -0.285000
v 0.250000 0.845000 -0.285000
v 0.250000 0.845000 0.285000
v 0.245000 0.825000 -0.290000
v -0.245000 0.825000 -0.290000
v -0.245000 0.845000 -0.290000
v 0.245000 0.845000 -0.290000
v -0.218300 0.161200 -0.249200
v -0.218300 0.161200 -0.182500
v -0.218300 0.820100 -0.182500
v -0.218300 0.820100 -0.249200
v -0.213300 0.161200 -0.177500
v -0.174500 0.161200 -0.177500
v -0.174500 0.820100 -0.177500
v -0.213300 0.820100 -0.177500
v -0.169500 0.161200 -0.182500
v -0.169500 0.161200 -0.249200
v -0.169500 0.820100 -0.249200
v -0.169500 0.820100 -0.182500
v -0.174500 0.161200 -0.254200
v -0.213300 0.161200 -0.254200
v -0.213300 0.820100 -0.254200
v -0.174500 0.820100 -0.254200
v 0.218300 0.161200 -0.249200
v 0.218300 0.820100 -0.249200
v 0.218300 0.820100 -0.182500
v 0.218300 0.161200 -0.182500
v 0.213300 0.161200 -0.177500
v 0.213300 0.820100 -0.177500
v 0.174500 0.820100 -0.177500
v 0.174500 0.161200 -0.177500
v 0.169500 0.161200 -0.182500
v 0.169500 0.820100 -0.182500
v 0.169500 0.820100 -0.249200
v 0.169500 0.161200 -0.249200
v 0.174500 0.161200 -0.254200
v 0.174500 0.820100 -0.254200
v 0.213300 0.820100 -0.254200
v 0.213300 0.161200 -0.254200
v -0.218300 0.000000 0.208700
v -0.213300 0.000000 0.203700
v -0.174500 0.000000 0.203700
v -0.213300 0.000000 0.254200
v -0.169500 0.000000 0.208700
v -0.169500 0.000000 0.249200
v -0.174500 0.000000 0.254200
v -0.218300 0.000000 0.249200
v -0.218300 0.161200 0.249200
v -0.218300 0.820100 0.249200
v -0.218300 0.820100 0.182500
v -0.218300 0.161200 0.182500
v -0.213300 0.161200 0.177500
v -0.213300 0.820100 0.177500
v -0.174500 0.820100 0.177500
v -0.174500 0.161200 0.177500
v -0.169500 0.161200 0.182500
v -0.169500 0.820100 0.182500
v -0.169500 0.820100 0.249200
v -0.169500 0.161200 0.249200
v -0.174500 0.161200 0.254200
v -0.174500 0.820100 0.254200
v -0.213300 0.820100 0.254200
v -0.213300 0.161200 0.254200
v 0.213300 0.000000 0.254200
v 0.174500 0.000000 0.254200
v 0.169500 0.000000 0.249200
v 0.174500 0.000000 0.203700
v 0.169500 0.000000 0.208700
v 0.213300 0.000000 0.203700
v 0.218300 0.000000 0.208700
v 0.218300 0.000000 0.249200
v 0.218300 0.161200 0.249200
v 0.218300 0.161200 0.182500
v 0.218300 0.820100 0.182500
v 0.218300 0.820100 0.249200
v 0.213300 0.161200 0.177500
v 0.174500 0.161200 0.177500
v 0.174500 0.820100 0.177500
v 0.213300 0.820100 0.177500
v 0.169500 0.161200 0.182500
v 0.169500 0.161200 0.249200
v 0.169500 0.820100 0.249200
v 0.169500 0.820100 0.182500
v 0.174500 0.161200 0.254200
v 0.213300 0.161200 0.254200
v 0.213300 0.820100 0.254200
v 0.174500 0.820100 0.254200
v -0.215200 0.161200 -0.258900
v -0.172500 0.161200 -0.258900
v -0.172500 0.151800 -0.258900
v -0.215200 0.151800 -0.258900
v -0.164800 0.161200 -0.251200
v -0.164800 0.151800 -0.251200
v -0.164800 0.161200 -0.180600
v -0.164800 0.151800 -0.180600
v -0.172500 0.161200 -0.172900
v -0.172500 0.151800 -0.172900
v -0.215200 0.161200 -0.172900
v -0.215200 0.151800 -0.172900
v -0.222900 0.161200 -0.180600
v -0.222900 0.151800 -0.180600
v -0.222900 0.161200 -0.251200
v -0.222900 0.151800 -0.251200
v 0.172500 0.161200 -0.258900
v 0.215200 0.161200 -0.258900
v 0.215200 0.151800 -0.258900
v 0.172500 0.151800 -0.258900
v 0.222900 0.161200 -0.251200
v 0.222900 0.151800 -0.251200
v 0.222900 0.161200 -0.180600
v 0.222900 0.151800 -0.180600
v 0.215200 0.161200 -0.172900
v 0.215200 0.151800 -0.172900
v 0.172500 0.161200 -0.172900
v 0.172500 0.151800 -0.172900
v 0.164800 0.161200 -0.180600
v 0.164800 0.151800 -0.180600
v 0.164800 0.161200 -0.251200
v 0.164800 0.151800 -0.251200
v -0.169800 0.151900 -0.189700
v -0.169800 0.151900 -0.242300
v -0.169800 0.115500 -0.242300
v -0.169800 0.115500 -0.189700
v -0.176700 0.071900 -0.242300
v -0.176700 0.071900 -0.189700
v -0.176700 0.046700 -0.192200
v -0.176700 0.054200 -0.189700
v -0.176700 0.044200 -0.199700
v -0.176700 0.054200 -0.242300
v -0.176700 0.046700 -0.239800
v -0.176700 0.044200 -0.232300
v -0.164800 0.115000 -0.242300
v -0.164800 0.151900 -0.242300
v -0.164800 0.151900 -0.189700
v -0.164800 0.115000 -0.189700
v -0.171700 0.071400 -0.242300
v -0.171700 0.071400 -0.189700
v -0.171700 0.046700 -0.192200
v -0.171700 0.044200 -0.199700
v -0.171700 0.044200 -0.232300
v -0.171700 0.054200 -0.189700
v -0.171700 0.046700 -0.239800
v -0.171700 0.054200 -0.242300
v -0.217900 0.151900 -0.189700
v -0.217900 0.115500 -0.189700
v -0.217900 0.115500 -0.242300
v -0.217900 0.151900 -0.242300
v -0.211000 0.071900 -0.189700
v -0.211000 0.071900 -0.242300
v -0.211000 0.054200 -0.242300
v -0.211000 0.044200 -0.199700
v -0.211000 0.054200 -0.189700
v -0.211000 0.046700 -0.192200
v -0.211000 0.046700 -0.239800
v -0.211000 0.044200 -0.232300
v -0.222900 0.115000 -0.242300
v -0.222900 0.115000 -0.189700
v -0.222900 0.151900 -0.189700
v -0.222900 0.151900 -0.242300
v -0.216000 0.071400 -0.242300
v -0.216000 0.071400 -0.189700
v -0.216000 0.054200 -0.242300
v -0.216000 0.046700 -0.239800
v -0.216000 0.044200 -0.232300
v -0.216000 0.054200 -0.189700
v -0.216000 0.044200 -0.199700
v -0.216000 0.046700 -0.192200
v -0.188400 0.091700 -0.154800
v -0.198400 0.091700 -0.154800
v -0.198400 0.066400 -0.149800
v -0.188400 0.066400 -0.149800
v -0.188400 0.113200 -0.169200
v -0.198400 0.113200 -0.169200
v -0.188400 0.127600 -0.190700
v -0.198400 0.127600 -0.190700
v -0.188400 0.132600 -0.216000
v -0.198400 0.132600 -0.216000
v -0.188400 0.127600 -0.241300
v -0.198400 0.127600 -0.241300
v -0.188400 0.113200 -0.262800
v -0.198400 0.113200 -0.262800
v -0.188400 0.091700 -0.277200
v -0.198400 0.091700 -0.277200
v -0.188400 0.066400 -0.282200
v -0.198400 0.066400 -0.282200
v -0.188400 0.041000 -0.277200
v -0.198400 0.041000 -0.277200
v -0.188400 0.019600 -0.262800
v -0.198400 0.019600 -0.262800
v -0.188400 0.005200 -0.241300
v -0.198400 0.005200 -0.241300
v -0.188400 0.000200 -0.216000
v -0.198400 0.000200 -0.216000
v -0.188400 0.005200 -0.190700
v -0.198400 0.005200 -0.190700
v -0.188400 0.019600 -0.169200
v -0.198400 0.019600 -0.169200
v -0.188400 0.041000 -0.154800
v -0.198400 0.041000 -0.154800
v -0.198400 0.066400 -0.185300
v -0.198400 0.078100 -0.187600
v -0.198400 0.088100 -0.194300
v -0.198400 0.097100 -0.216000
v -0.198400 0.094800 -0.204300
v -0.198400 0.094800 -0.227700
v -0.198400 0.088100 -0.237700
v -0.198400 0.066400 -0.246700
v -0.198400 0.078100 -0.244400
v -0.198400 0.035700 -0.216000
v -0.198400 0.054600 -0.244400
v -0.198400 0.044700 -0.237700
v -0.198400 0.038000 -0.227700
v -0.198400 0.038000 -0.204300
v -0.198400 0.044700 -0.194300
v -0.198400 0.054600 -0.187600
v -0.188400 0.054600 -0.187600
v -0.188400 0.044700 -0.194300
v -0.188400 0.038000 -0.204300
v -0.188400 0.038000 -0.227700
v -0.188400 0.035700 -0.216000
v -0.188400 0.044700 -0.237700
v -0.188400 0.054600 -0.244400
v -0.188400 0.078100 -0.244400
v -0.188400 0.066400 -0.246700
v -0.188400 0.094800 -0.204300
v -0.188400 0.088100 -0.237700
v -0.188400 0.094800 -0.227700
v -0.188400 0.097100 -0.216000
v -0.188400 0.088100 -0.194300
v -0.188400 0.078100 -0.187600
v -0.188400 0.066400 -0.185300
v -0.180200 0.090100 -0.158700
v -0.180200 0.066400 -0.154000
v -0.206600 0.066400 -0.154000
v -0.206600 0.090100 -0.158700
v -0.180200 0.110200 -0.172100
v -0.206600 0.110200 -0.172100
v -0.180200 0.123700 -0.192300
v -0.206600 0.123700 -0.192300
v -0.180200 0.128400 -0.216000
v -0.206600 0.128400 -0.216000
v -0.180200 0.123700 -0.239700
v -0.206600 0.123700 -0.239700
v -0.180200 0.110200 -0.259900
v -0.206600 0.110200 -0.259900
v -0.180200 0.090100 -0.273300
v -0.206600 0.090100 -0.273300
v -0.180200 0.066400 -0.278000
v -0.206600 0.066400 -0.278000
v -0.180200 0.042700 -0.273300
v -0.206600 0.042700 -0.273300
v -0.180200 0.022500 -0.259900
v -0.206600 0.022500 -0.259900
v -0.180200 0.009100 -0.239700
v -0.206600 0.009100 -0.239700
v -0.180200 0.004400 -0.216000
v -0.206600 0.004400 -0.216000
v -0.180200 0.009100 -0.192300
v -0.206600 0.009100 -0.192300
v -0.180200 0.022500 -0.172100
v -0.206600 0.022500 -0.172100
v -0.180200 0.042700 -0.158700
v -0.206600 0.042700 -0.158700
v -0.208400 0.088900 -0.161600
v -0.208400 0.066400 -0.157200
v -0.178400 0.066400 -0.157200
v -0.178400 0.088900 -0.161600
v -0.208400 0.108000 -0.174400
v -0.178400 0.108000 -0.174400
v -0.208400 0.120700 -0.193500
v -0.178400 0.120700 -0.193500
v -0.208400 0.125200 -0.216000
v -0.178400 0.125200 -0.216000
v -0.208400 0.120700 -0.238500
v -0.178400 0.120700 -0.238500
v -0.208400 0.108000 -0.257600
v -0.178400 0.108000 -0.257600
v -0.208400 0.088900 -0.270400
v -0.178400 0.088900 -0.270400
v -0.208400 0.066400 -0.274800
v -0.178400 0.066400 -0.274800
v -0.208400 0.043900 -0.270400
v -0.178400 0.043900 -0.270400
v -0.208400 0.024800 -0.257600
v -0.178400 0.024800 -0.257600
v -0.208400 0.012000 -0.238500
v -0.178400 0.012000 -0.238500
v -0.208400 0.007600 -0.216000
v -0.178400 0.007600 -0.216000
v -0.208400 0.012000 -0.193500
v -0.178400 0.012000 -0.193500
v -0.208400 0.024800 -0.174400
v -0.178400 0.024800 -0.174400
v -0.208400 0.043900 -0.161600
v -0.178400 0.043900 -0.161600
v -0.208400 0.080300 -0.182400
v -0.208400 0.066400 -0.179700
v -0.208400 0.052500 -0.182400
v -0.208400 0.040700 -0.190300
v -0.208400 0.032800 -0.202100
v -0.208400 0.030100 -0.216000
v -0.208400 0.032800 -0.229900
v -0.208400 0.040700 -0.241700
v -0.208400 0.052500 -0.249600
v -0.208400 0.066400 -0.252300
v -0.208400 0.080300 -0.249600
v -0.208400 0.092100 -0.241700
v -0.208400 0.100000 -0.229900
v -0.208400 0.102700 -0.216000
v -0.208400 0.100000 -0.202100
v -0.208400 0.092100 -0.190300
v -0.178400 0.066400 -0.179700
v -0.178400 0.080300 -0.182400
v -0.178400 0.092100 -0.190300
v -0.178400 0.100000 -0.202100
v -0.178400 0.102700 -0.216000
v -0.178400 0.100000 -0.229900
v -0.178400 0.092100 -0.241700
v -0.178400 0.080300 -0.249600
v -0.178400 0.066400 -0.252300
v -0.178400 0.052500 -0.249600
v -0.178400 0.040700 -0.241700
v -0.178400 0.032800 -0.229900
v -0.178400 0.030100 -0.216000
v -0.178400 0.032800 -0.202100
v -0.178400 0.040700 -0.190300
v -0.178400 0.052500 -0.182400
v -0.208400 0.078100 -0.187600
v -0.208400 0.066400 -0.185300
v -0.208400 0.054600 -0.187600
v -0.208400 0.044700 -0.194300
v -0.208400 0.038000 -0.204300
v -0.208400 0.035700 -0.216000
v -0.208400 0.038000 -0.227700
v -0.208400 0.044700 -0.237700
v -0.208400 0.054600 -0.244400
v -0.208400 0.066400 -0.246700
v -0.208400 0.078100 -0.244400
v -0.208400 0.088100 -0.237700
v -0.208400 0.094800 -0.227700
v -0.208400 0.097100 -0.216000
v -0.208400 0.094800 -0.204300
v -0.208400 0.088100 -0.194300
v -0.178400 0.066400 -0.185300
v -0.178400 0.078100 -0.187600
v -0.178400 0.088100 -0.194300
v -0.178400 0.094800 -0.204300
v -0.178400 0.097100 -0.216000
v -0.178400 0.094800 -0.227700
v -0.178400 0.088100 -0.237700
v -0.178400 0.078100 -0.244400
v -0.178400 0.066400 -0.246700
v -0.178400 0.054600 -0.244400
v -0.178400 0.044700 -0.237700
v -0.178400 0.038000 -0.227700
v -0.178400 0.035700 -0.216000
v -0.178400 0.038000 -0.204300
v -0.178400 0.044700 -0.194300
v -0.178400 0.054600 -0.187600
v -0.218900 0.067200 -0.206200
v -0.167900 0.067200 -0.206200
v -0.167900 0.073000 -0.208200
v -0.218900 0.073000 -0.208200
v -0.167900 0.076700 -0.213200
v -0.218900 0.076700 -0.213200
v -0.167900 0.076700 -0.219300
v -0.218900 0.076700 -0.219300
v -0.167900 0.073000 -0.224300
v -0.218900 0.073000 -0.224300
v -0.167900 0.067200 -0.226200
v -0.218900 0.067200 -0.226200
v -0.167900 0.061300 -0.224300
v -0.218900 0.061300 -0.224300
v -0.167900 0.057700 -0.219300
v -0.218900 0.057700 -0.219300
v -0.167900 0.057700 -0.213200
v -0.218900 0.057700 -0.213200
v -0.167900 0.061300 -0.208200
v -0.218900 0.061300 -0.208200
v 0.169800 0.151900 -0.189700
v 0.169800 0.115500 -0.189700
v 0.169800 0.115500 -0.242300
v 0.169800 0.151900 -0.242300
v 0.176700 0.071900 -0.189700
v 0.176700 0.071900 -0.242300
v 0.176700 0.054200 -0.242300
v 0.176700 0.044200 -0.199700
v 0.176700 0.054200 -0.189700
v 0.176700 0.046700 -0.192200
v 0.176700 0.046700 -0.239800
v 0.176700 0.044200 -0.232300
v 0.164800 0.115000 -0.242300
v 0.164800 0.115000 -0.189700
v 0.164800 0.151900 -0.189700
v 0.164800 0.151900 -0.242300
v 0.171700 0.071400 -0.242300
v 0.171700 0.071400 -0.189700
v 0.171700 0.054200 -0.242300
v 0.171700 0.046700 -0.239800
v 0.171700 0.044200 -0.232300
v 0.171700 0.054200 -0.189700
v 0.171700 0.044200 -0.199700
v 0.171700 0.046700 -0.192200
v 0.217900 0.151900 -0.189700
v 0.217900 0.151900 -0.242300
v 0.217900 0.115500 -0.242300
v 0.217900 0.115500 -0.189700
v 0.211000 0.071900 -0.242300
v 0.211000 0.071900 -0.189700
v 0.211000 0.046700 -0.192200
v 0.211000 0.054200 -0.189700
v 0.211000 0.044200 -0.199700
v 0.211000 0.054200 -0.242300
v 0.211000 0.046700 -0.239800
v 0.211000 0.044200 -0.232300
v 0.222900 0.115000 -0.242300
v 0.222900 0.151900 -0.242300
v 0.222900 0.151900 -0.189700
v 0.222900 0.115000 -0.189700
v 0.216000 0.071400 -0.242300
v 0.216000 0.071400 -0.189700
v 0.216000 0.046700 -0.192200
v 0.216000 0.044200 -0.199700
v 0.216000 0.044200 -0.232300
v 0.216000 0.054200 -0.189700
v 0.216000 0.046700 -0.239800
v 0.216000 0.054200 -0.242300
v 0.188400 0.091700 -0.154800
v 0.188400 0.066400 -0.149800
v 0.198400 0.066400 -0.149800
v 0.198400 0.091700 -0.154800
v 0.188400 0.113200 -0.169200
v 0.198400 0.113200 -0.169200
v 0.188400 0.127600 -0.190700
v 0.198400 0.127600 -0.190700
v 0.188400 0.132600 -0.216000
v 0.198400 0.132600 -0.216000
v 0.188400 0.127600 -0.241300
v 0.198400 0.127600 -0.241300
v 0.188400 0.113200 -0.262800
v 0.198400 0.113200 -0.262800
v 0.188400 0.091700 -0.277200
v 0.198400 0.091700 -0.277200
v 0.188400 0.066400 -0.282200
v 0.198400 0.066400 -0.282200
v 0.188400 0.041000 -0.277200
v 0.198400 0.041000 -0.277200
v 0.188400 0.019600 -0.262800
v 0.198400 0.019600 -0.262800
v 0.188400 0.005200 -0.241300
v 0.198400 0.005200 -0.241300
v 0.188400 0.000200 -0.216000
v 0.198400 0.000200 -0.216000
v 0.188400 0.005200 -0.190700
v 0.198400 0.005200 -0.190700
v 0.188400 0.019600 -0.169200
v 0.198400 0.019600 -0.169200
v 0.188400 0.041000 -0.154800
v 0.198400 0.041000 -0.154800
v 0.198400 0.044700 -0.194300
v 0.198400 0.038000 -0.204300
v 0.198400 0.035700 -0.216000
v 0.198400 0.066400 -0.185300
v 0.198400 0.038000 -0.227700
v 0.198400 0.044700 -0.237700
v 0.198400 0.066400 -0.246700
v 0.198400 0.054600 -0.244400
v 0.198400 0.078100 -0.244400
v 0.198400 0.088100 -0.237700
v 0.198400 0.097100 -0.216000
v 0.198400 0.094800 -0.227700
v 0.198400 0.094800 -0.204300
v 0.198400 0.088100 -0.194300
v 0.198400 0.078100 -0.187600
v 0.198400 0.054600 -0.187600
v 0.188400 0.078100 -0.187600
v 0.188400 0.088100 -0.194300
v 0.188400 0.094800 -0.204300
v 0.188400 0.054600 -0.187600
v 0.188400 0.097100 -0.216000
v 0.188400 0.094800 -0.227700
v 0.188400 0.078100 -0.244400
v 0.188400 0.088100 -0.237700
v 0.188400 0.066400 -0.246700
v 0.188400 0.054600 -0.244400
v 0.188400 0.038000 -0.227700
v 0.188400 0.044700 -0.237700
v 0.188400 0.035700 -0.216000
v 0.188400 0.038000 -0.204300
v 0.188400 0.044700 -0.194300
v 0.188400 0.066400 -0.185300
v 0.180200 0.090100 -0.158700
v 0.180200 0.066400 -0.154000
v 0.206600 0.066400 -0.154000
v 0.206600 0.090100 -0.158700
v 0.180200 0.110200 -0.172100
v 0.206600 0.110200 -0.172100
v 0.180200 0.123700 -0.192300
v 0.206600 0.123700 -0.192300
v 0.180200 0.128400 -0.216000
v 0.206600 0.128400 -0.216000
v 0.180200 0.123700 -0.239700
v 0.206600 0.123700 -0.239700
v 0.180200 0.110200 -0.259900
v 0.206600 0.110200 -0.259900
v 0.180200 0.090100 -0.273300
v 0.206600 0.090100 -0.273300
v 0.180200 0.066400 -0.278000
v 0.206600 0.066400 -0.278000
v 0.180200 0.042700 -0.273300
v 0.206600 0.042700 -0.273300
v 0.180200 0.022500 -0.259900
v 0.206600 0.022500 -0.259900
v 0.180200 0.009100 -0.239700
v 0.206600 0.009100 -0.239700
v 0.180200 0.004400 -0.216000
v 0.206600 0.004400 -0.216000
v 0.180200 0.009100 -0.192300
v 0.206600 0.009100 -0.192300
v 0.180200 0.022500 -0.172100
v 0.206600 0.022500 -0.172100
v 0.180200 0.042700 -0.158700
v 0.206600 0.042700 -0.158700
v 0.208400 0.066400 -0.157200
v 0.208400 0.088900 -0.161600
v 0.178400 0.088900 -0.161600
v 0.178400 0.066400 -0.157200
v 0.208400 0.108000 -0.174400
v 0.178400 0.108000 -0.174400
v 0.208400 0.120700 -0.193500
v 0.178400 0.120700 -0.193500
v 0.208400 0.125200 -0.216000
v 0.178400 0.125200 -0.216000
v 0.208400 0.120700 -0.238500
v 0.178400 0.120700 -0.238500
v 0.208400 0.108000 -0.257600
v 0.178400 0.108000 -0.257600
v 0.208400 0.088900 -0.270400
v 0.178400 0.088900 -0.270400
v 0.208400 0.066400 -0.274800
v 0.178400 0.066400 -0.274800
v 0.208400 0.043900 -0.270400
v 0.178400 0.043900 -0.270400
v 0.208400 0.024800 -0.257600
v 0.178400 0.024800 -0.257600
v 0.208400 0.012000 -0.238500
v 0.178400 0.012000 -0.238500
v 0.208400 0.007600 -0.216000
v 0.178400 0.007600 -0.216000
v 0.208400 0.012000 -0.193500
v 0.178400 0.012000 -0.193500
v 0.208400 0.024800 -0.174400
v 0.178400 0.024800 -0.174400
v 0.208400 0.043900 -0.161600
v 0.178400 0.043900 -0.161600
v 0.208400 0.066400 -0.179700
v 0.208400 0.080300 -0.182400
v 0.208400 0.052500 -0.182400
v 0.208400 0.040700 -0.190300
v 0.208400 0.032800 -0.202100
v 0.208400 0.030100 -0.216000
v 0.208400 0.032800 -0.229900
v 0.208400 0.040700 -0.241700
v 0.208400 0.052500 -0.249600
v 0.208400 0.066400 -0.252300
v 0.208400 0.080300 -0.249600
v 0.208400 0.092100 -0.241700
v 0.208400 0.100000 -0.229900
v 0.208400 0.102700 -0.216000
v 0.208400 0.100000 -0.202100
v 0.208400 0.092100 -0.190300
v 0.178400 0.080300 -0.182400
v 0.178400 0.066400 -0.179700
v 0.178400 0.092100 -0.190300
v 0.178400 0.100000 -0.202100
v 0.178400 0.102700 -0.216000
v 0.178400 0.100000 -0.229900
v 0.178400 0.092100 -0.241700
v 0.178400 0.080300 -0.249600
v 0.178400 0.066400 -0.252300
v 0.178400 0.052500 -0.249600
v 0.178400 0.040700 -0.241700
v 0.178400 0.032800 -0.229900
v 0.178400 0.030100 -0.216000
v 0.178400 0.032800 -0.202100
v 0.178400 0.040700 -0.190300
v 0.178400 0.052500 -0.182400
v 0.208400 0.066400 -0.185300
v 0.208400 0.078100 -0.187600
v 0.208400 0.054600 -0.187600
v 0.208400 0.044700 -0.194300
v 0.208400 0.038000 -0.204300
v 0.208400 0.035700 -0.216000
v 0.208400 0.038000 -0.227700
v 0.208400 0.044700 -0.237700
v 0.208400 0.054600 -0.244400
v 0.208400 0.066400 -0.246700
v 0.208400 0.078100 -0.244400
v 0.208400 0.088100 -0.237700
v 0.208400 0.094800 -0.227700
v 0.208400 0.097100 -0.216000
v 0.208400 0.094800 -0.204300
v 0.208400 0.088100 -0.194300
v 0.178400 0.078100 -0.187600
v 0.178400 0.066400 -0.185300
v 0.178400 0.088100 -0.194300
v 0.178400 0.094800 -0.204300
v 0.178400 0.097100 -0.216000
v 0.178400 0.094800 -0.227700
v 0.178400 0.088100 -0.237700
v 0.178400 0.078100 -0.244400
v 0.178400 0.066400 -0.246700
v 0.178400 0.054600 -0.244400
v 0.178400 0.044700 -0.237700
v 0.178400 0.038000 -0.227700
v 0.178400 0.035700 -0.216000
v 0.178400 0.038000 -0.204300
v 0.178400 0.044700 -0.194300
v 0.178400 0.054600 -0.187600
v 0.218900 0.067200 -0.206200
v 0.218900 0.073000 -0.208200
v 0.167900 0.073000 -0.208200
v 0.167900 0.067200 -0.206200
v 0.218900 0.076700 -0.213200
v 0.167900 0.076700 -0.213200
v 0.218900 0.076700 -0.219300
v 0.167900 0.076700 -0.219300
v 0.218900 0.073000 -0.224300
v 0.167900 0.073000 -0.224300
v 0.218900 0.067200 -0.226200
v 0.167900 0.067200 -0.226200
v 0.218900 0.061300 -0.224300
v 0.167900 0.061300 -0.224300
v 0.218900 0.057700 -0.219300
v 0.167900 0.057700 -0.219300
v 0.218900 0.057700 -0.213200
v 0.167900 0.057700 -0.213200
v 0.218900 0.061300 -0.208200
v 0.167900 0.061300 -0.208200
v 0.170500 0.759900 -0.199400
v 0.170500 0.820100 -0.199400
v -0.170500 0.820100 -0.199400
v -0.170500 0.759900 -0.199400
v 0.170500 0.759900 -0.243500
v -0.170500 0.759900 -0.243500
v -0.170500 0.820100 -0.243500
v 0.170500 0.820100 -0.243500
v 0.170500 0.754900 -0.204400
v -0.170500 0.754900 -0.204400
v -0.170500 0.754900 -0.238500
v 0.170500 0.754900 -0.238500
v 0.170500 0.759900 0.201900
v -0.170500 0.759900 0.201900
v -0.170500 0.820100 0.201900
v 0.170500 0.820100 0.201900
v 0.170500 0.759900 0.243500
v 0.170500 0.820100 0.243500
v -0.170500 0.820100 0.243500
v -0.170500 0.759900 0.243500
v 0.170500 0.754900 0.206900
v 0.170500 0.754900 0.238500
v -0.170500 0.754900 0.238500
v -0.170500 0.754900 0.206900
v -0.178700 0.759900 -0.177100
v -0.178700 0.820100 -0.177100
v -0.178700 0.820100 0.177300
v -0.178700 0.759900 0.177300
v -0.207800 0.759900 -0.177100
v -0.207800 0.759900 0.177300
v -0.207800 0.820100 0.177300
v -0.207800 0.820100 -0.177100
v -0.183700 0.754900 -0.177100
v -0.183700 0.754900 0.177300
v -0.202800 0.754900 0.177300
v -0.202800 0.754900 -0.177100
v 0.178700 0.759900 -0.177100
v 0.178700 0.759900 0.177300
v 0.178700 0.820100 0.177300
v 0.178700 0.820100 -0.177100
v 0.207800 0.759900 -0.177100
v 0.207800 0.820100 -0.177100
v 0.207800 0.820100 0.177300
v 0.207800 0.759900 0.177300
v 0.183700 0.754900 -0.177100
v 0.202800 0.754900 -0.177100
v 0.202800 0.754900 0.177300
v 0.183700 0.754900 0.177300
v -0.178300 0.503500 -0.177500
v -0.178300 0.517500 -0.177500
v -0.178300 0.517500 0.177500
v -0.178300 0.503500 0.177500
v -0.207500 0.503500 -0.177500
v -0.207500 0.503500 0.177500
v -0.207500 0.517500 0.177500
v -0.207500 0.517500 -0.177500
v 0.178300 0.503500 -0.177500
v 0.178300 0.503500 0.177500
v 0.178300 0.517500 0.177500
v 0.178300 0.517500 -0.177500
v 0.207500 0.503500 -0.177500
v 0.207500 0.517500 -0.177500
v 0.207500 0.517500 0.177500
v 0.207500 0.503500 0.177500
v 0.206000 0.518500 -0.177500
v 0.206000 0.526500 -0.177500
v 0.206000 0.527500 -0.176500
v 0.206000 0.526500 -0.152500
v 0.206000 0.527500 -0.153500
v 0.206000 0.518500 -0.152500
v 0.206000 0.517500 -0.153500
v 0.206000 0.517500 -0.176500
v -0.206100 0.517500 -0.176500
v -0.206100 0.517500 -0.153500
v -0.206100 0.518500 -0.152500
v -0.206100 0.527500 -0.153500
v -0.206100 0.526500 -0.152500
v -0.206100 0.527500 -0.176500
v -0.206100 0.526500 -0.177500
v -0.206100 0.518500 -0.177500
v 0.206000 0.518500 -0.122500
v 0.206000 0.526500 -0.122500
v 0.206000 0.527500 -0.121500
v 0.206000 0.526500 -0.097500
v 0.206000 0.527500 -0.098500
v 0.206000 0.518500 -0.097500
v 0.206000 0.517500 -0.098500
v 0.206000 0.517500 -0.121500
v -0.206100 0.517500 -0.121500
v -0.206100 0.517500 -0.098500
v -0.206100 0.518500 -0.097500
v -0.206100 0.527500 -0.098500
v -0.206100 0.526500 -0.097500
v -0.206100 0.527500 -0.121500
v -0.206100 0.526500 -0.122500
v -0.206100 0.518500 -0.122500
v 0.206000 0.518500 -0.067500
v 0.206000 0.526500 -0.067500
v 0.206000 0.527500 -0.066500
v 0.206000 0.526500 -0.042500
v 0.206000 0.527500 -0.043500
v 0.206000 0.518500 -0.042500
v 0.206000 0.517500 -0.043500
v 0.206000 0.517500 -0.066500
v -0.206100 0.517500 -0.066500
v -0.206100 0.517500 -0.043500
v -0.206100 0.518500 -0.042500
v -0.206100 0.527500 -0.043500
v -0.206100 0.526500 -0.042500
v -0.206100 0.527500 -0.066500
v -0.206100 0.526500 -0.067500
v -0.206100 0.518500 -0.067500
v 0.206000 0.518500 -0.012500
v 0.206000 0.526500 -0.012500
v 0.206000 0.527500 -0.011500
v 0.206000 0.526500 0.012500
v 0.206000 0.527500 0.011500
v 0.206000 0.518500 0.012500
v 0.206000 0.517500 0.011500
v 0.206000 0.517500 -0.011500
v -0.206100 0.517500 -0.011500
v -0.206100 0.517500 0.011500
v -0.206100 0.518500 0.012500
v -0.206100 0.527500 0.011500
v -0.206100 0.526500 0.012500
v -0.206100 0.527500 -0.011500
v -0.206100 0.526500 -0.012500
v -0.206100 0.518500 -0.012500
v 0.206000 0.518500 0.042500
v 0.206000 0.526500 0.042500
v 0.206000 0.527500 0.043500
v 0.206000 0.526500 0.067500
v 0.206000 0.527500 0.066500
v 0.206000 0.518500 0.067500
v 0.206000 0.517500 0.066500
v 0.206000 0.517500 0.043500
v -0.206100 0.517500 0.043500
v -0.206100 0.517500 0.066500
v -0.206100 0.518500 0.067500
v -0.206100 0.527500 0.066500
v -0.206100 0.526500 0.067500
v -0.206100 0.527500 0.043500
v -0.206100 0.526500 0.042500
v -0.206100 0.518500 0.042500
v 0.206000 0.518500 0.097500
v 0.206000 0.526500 0.097500
v 0.206000 0.527500 0.098500
v 0.206000 0.526500 0.122500
v 0.206000 0.527500 0.121500
v 0.206000 0.518500 0.122500
v 0.206000 0.517500 0.121500
v 0.206000 0.517500 0.098500
v -0.206100 0.517500 0.098500
v -0.206100 0.517500 0.121500
v -0.206100 0.518500 0.122500
v -0.206100 0.527500 0.121500
v -0.206100 0.526500 0.122500
v -0.206100 0.527500 0.098500
v -0.206100 0.526500 0.097500
v -0.206100 0.518500 0.097500
v 0.206000 0.518500 0.152500
v 0.206000 0.526500 0.152500
v 0.206000 0.527500 0.153500
v 0.206000 0.526500 0.177500
v 0.206000 0.527500 0.176500
v 0.206000 0.518500 0.177500
v 0.206000 0.517500 0.176500
v 0.206000 0.517500 0.153500
v -0.206100 0.517500 0.153500
v -0.206100 0.517500 0.176500
v -0.206100 0.518500 0.177500
v -0.206100 0.527500 0.176500
v -0.206100 0.526500 0.177500
v -0.206100 0.527500 0.153500
v -0.206100 0.526500 0.152500
v -0.206100 0.518500 0.152500
v -0.178300 0.230100 -0.177500
v -0.178300 0.244100 -0.177500
v -0.178300 0.244100 0.177500
v -0.178300 0.230100 0.177500
v -0.207500 0.230100 -0.177500
v -0.207500 0.230100 0.177500
v -0.207500 0.244100 0.177500
v -0.207500 0.244100 -0.177500
v 0.178300 0.230100 -0.177500
v 0.178300 0.230100 0.177500
v 0.178300 0.244100 0.177500
v 0.178300 0.244100 -0.177500
v 0.207500 0.230100 -0.177500
v 0.207500 0.244100 -0.177500
v 0.207500 0.244100 0.177500
v 0.207500 0.230100 0.177500
v 0.206000 0.245100 -0.177500
v 0.206000 0.253100 -0.177500
v 0.206000 0.254100 -0.176500
v 0.206000 0.253100 -0.152500
v 0.206000 0.254100 -0.153500
v 0.206000 0.245100 -0.152500
v 0.206000 0.244100 -0.153500
v 0.206000 0.244100 -0.176500
v -0.206100 0.244100 -0.176500
v -0.206100 0.244100 -0.153500
v -0.206100 0.245100 -0.152500
v -0.206100 0.254100 -0.153500
v -0.206100 0.253100 -0.152500
v -0.206100 0.254100 -0.176500
v -0.206100 0.253100 -0.177500
v -0.206100 0.245100 -0.177500
v 0.206000 0.245100 -0.122500
v 0.206000 0.253100 -0.122500
v 0.206000 0.254100 -0.121500
v 0.206000 0.253100 -0.097500
v 0.206000 0.254100 -0.098500
v 0.206000 0.245100 -0.097500
v 0.206000 0.244100 -0.098500
v 0.206000 0.244100 -0.121500
v -0.206100 0.244100 -0.121500
v -0.206100 0.244100 -0.098500
v -0.206100 0.245100 -0.097500
v -0.206100 0.254100 -0.098500
v -0.206100 0.253100 -0.097500
v -0.206100 0.254100 -0.121500
v -0.206100 0.253100 -0.122500
v -0.206100 0.245100 -0.122500
v 0.206000 0.245100 -0.067500
v 0.206000 0.253100 -0.067500
v 0.206000 0.254100 -0.066500
v 0.206000 0.253100 -0.042500
v 0.206000 0.254100 -0.043500
v 0.206000 0.245100 -0.042500
v 0.206000 0.244100 -0.043500
v 0.206000 0.244100 -0.066500
v -0.206100 0.244100 -0.066500
v -0.206100 0.244100 -0.043500
v -0.206100 0.245100 -0.042500
v -0.206100 0.254100 -0.043500
v -0.206100 0.253100 -0.042500
v -0.206100 0.254100 -0.066500
v -0.206100 0.253100 -0.067500
v -0.206100 0.245100 -0.067500
v 0.206000 0.245100 -0.012500
v 0.206000 0.253100 -0.012500
v 0.206000 0.254100 -0.011500
v 0.206000 0.253100 0.012500
v 0.206000 0.254100 0.011500
v 0.206000 0.245100 0.012500
v 0.206000 0.244100 0.011500
v 0.206000 0.244100 -0.011500
v -0.206100 0.244100 -0.011500
v -0.206100 0.244100 0.011500
v -0.206100 0.245100 0.012500
v -0.206100 0.254100 0.011500
v -0.206100 0.253100 0.012500
v -0.206100 0.254100 -0.011500
v -0.206100 0.253100 -0.012500
v -0.206100 0.245100 -0.012500
v 0.206000 0.245100 0.042500
v 0.206000 0.253100 0.042500
v 0.206000 0.254100 0.043500
v 0.206000 0.253100 0.067500
v 0.206000 0.254100 0.066500
v 0.206000 0.245100 0.067500
v 0.206000 0.244100 0.066500
v 0.206000 0.244100 0.043500
v -0.206100 0.244100 0.043500
v -0.206100 0.244100 0.066500
v -0.206100 0.245100 0.067500
v -0.206100 0.254100 0.066500
v -0.206100 0.253100 0.067500
v -0.206100 0.254100 0.043500
v -0.206100 0.253100 0.042500
v -0.206100 0.245100 0.042500
v 0.206000 0.245100 0.097500
v 0.206000 0.253100 0.097500
v 0.206000 0.254100 0.098500
v 0.206000 0.253100 0.122500
v 0.206000 0.254100 0.121500
v 0.206000 0.245100 0.122500
v 0.206000 0.244100 0.121500
v 0.206000 0.244100 0.098500
v -0.206100 0.244100 0.098500
v -0.206100 0.244100 0.121500
v -0.206100 0.245100 0.122500
v -0.206100 0.254100 0.121500
v -0.206100 0.253100 0.122500
v -0.206100 0.254100 0.098500
v -0.206100 0.253100 0.097500
v -0.206100 0.245100 0.097500
v 0.206000 0.245100 0.152500
v 0.206000 0.253100 0.152500
v 0.206000 0.254100 0.153500
v 0.206000 0.253100 0.177500
v 0.206000 0.254100 0.176500
v 0.206000 0.245100 0.177500
v 0.206000 0.244100 0.176500
v 0.206000 0.244100 0.153500
v -0.206100 0.244100 0.153500
v -0.206100 0.244100 0.176500
v -0.206100 0.245100 0.177500
v -0.206100 0.254100 0.176500
v -0.206100 0.253100 0.177500
v -0.206100 0.254100 0.153500
v -0.206100 0.253100 0.152500
v -0.206100 0.245100 0.152500
# 960 positions

vt 0.262200 0.617100
vt 0.004600 0.617100
vt 0.004600 0.317400
vt 0.262200 0.317400
vt 0.262200 0.004600
vt 0.262200 0.304300
vt 0.004600 0.304300
vt 0.004600 0.004600
vt 0.610900 0.004600
vt 0.610900 0.302600
vt 0.600400 0.302600
vt 0.600400 0.004600
vt 0.529100 0.574800
vt 0.529100 0.831000
vt 0.518700 0.831000
vt 0.518700 0.574800
vt 0.571600 0.197500
vt 0.571600 0.495400
vt 0.561100 0.495400
vt 0.561100 0.197500
vt 0.571600 0.505900
vt 0.571600 0.762200
vt 0.561100 0.762200
vt 0.561100 0.505900
vt 0.957900 0.901700
vt 0.957900 0.905300
vt 0.954700 0.903500
vt 0.967400 0.903500
vt 0.970600 0.901700
vt 0.970600 0.905300
vt 0.093700 0.993600
vt 0.097400 0.993600
vt 0.095600 0.996800
vt 0.443400 0.997200
vt 0.441500 0.994000
vt 0.445200 0.994000
vt 0.703400 0.994000
vt 0.705200 0.990800
vt 0.707100 0.994000
vt 0.537000 0.995000
vt 0.538900 0.991800
vt 0.540700 0.995000
vt 0.980100 0.896800
vt 0.983300 0.898600
vt 0.980100 0.900500
vt 0.002000 0.991700
vt 0.003800 0.988500
vt 0.005700 0.991700
vt 0.262200 0.619700
vt 0.004600 0.619700
vt 0.002000 0.617100
vt 0.002000 0.317400
vt 0.004600 0.314800
vt 0.262200 0.314800
vt 0.264900 0.317400
vt 0.264900 0.617100
vt 0.264900 0.004600
vt 0.264900 0.304300
vt 0.262200 0.306900
vt 0.004600 0.306900
vt 0.002000 0.304300
vt 0.002000 0.004600
vt 0.004600 0.002000
vt 0.262200 0.002000
vt 0.529100 0.572200
vt 0.518700 0.572200
vt 0.600400 0.002000
vt 0.610900 0.002000
vt 0.571600 0.194900
vt 0.561100 0.194900
vt 0.571600 0.503300
vt 0.561100 0.503300
vt 0.476400 0.345800
vt 0.441500 0.345800
vt 0.441500 0.002000
vt 0.476400 0.002000
vt 0.117500 0.985700
vt 0.096400 0.985700
vt 0.096400 0.627600
vt 0.117500 0.627600
vt 0.085800 0.971400
vt 0.051000 0.971400
vt 0.051000 0.627600
vt 0.085800 0.627600
vt 0.508100 0.360100
vt 0.487000 0.360100
vt 0.487000 0.002000
vt 0.508100 0.002000
vt 0.120200 0.985700
vt 0.120200 0.627600
vt 0.484300 0.002000
vt 0.484300 0.360100
vt 0.093700 0.985700
vt 0.093700 0.627600
vt 0.510800 0.360100
vt 0.510800 0.002000
vt 0.363900 0.350700
vt 0.363900 0.002000
vt 0.399200 0.002000
vt 0.399200 0.350700
vt 0.130800 0.979400
vt 0.130800 0.627600
vt 0.151500 0.627600
vt 0.151500 0.979400
vt 0.004700 0.980600
vt 0.004700 0.627600
vt 0.040400 0.627600
vt 0.040400 0.980600
vt 0.484300 0.711700
vt 0.484300 0.368000
vt 0.504500 0.368000
vt 0.504500 0.711700
vt 0.128100 0.979400
vt 0.128100 0.627600
vt 0.361300 0.350700
vt 0.361300 0.002000
vt 0.002000 0.980600
vt 0.002000 0.627600
vt 0.043100 0.627600
vt 0.043100 0.980600
vt 0.432600 0.991600
vt 0.430000 0.994200
vt 0.409700 0.994200
vt 0.430000 0.967900
vt 0.407100 0.991600
vt 0.407100 0.970500
vt 0.409700 0.967900
vt 0.432600 0.970500
vt 0.272800 0.786800
vt 0.272800 0.443000
vt 0.307600 0.443000
vt 0.307600 0.786800
vt 0.444200 0.704500
vt 0.444200 0.353700
vt 0.464900 0.353700
vt 0.464900 0.704500
vt 0.275400 0.349900
vt 0.275400 0.002000
vt 0.310600 0.002000
vt 0.310600 0.349900
vt 0.364000 0.716700
vt 0.364000 0.358600
vt 0.385100 0.358600
vt 0.385100 0.716700
vt 0.441500 0.704500
vt 0.441500 0.353700
vt 0.387800 0.358600
vt 0.387800 0.716700
vt 0.272800 0.349900
vt 0.272800 0.002000
vt 0.361300 0.716700
vt 0.361300 0.358600
vt 0.806400 0.074100
vt 0.826600 0.074100
vt 0.829200 0.076700
vt 0.826600 0.100400
vt 0.829200 0.097800
vt 0.806400 0.100400
vt 0.803800 0.097800
vt 0.803800 0.076700
vt 0.353400 0.781600
vt 0.318500 0.781600
vt 0.318500 0.437800
vt 0.353400 0.437800
vt 0.430800 0.811700
vt 0.409800 0.811700
vt 0.409800 0.455600
vt 0.430800 0.455600
vt 0.353400 0.345800
vt 0.318500 0.345800
vt 0.318500 0.002000
vt 0.353400 0.002000
vt 0.430900 0.360100
vt 0.409800 0.360100
vt 0.409800 0.002000
vt 0.430900 0.002000
vt 0.433500 0.811700
vt 0.433500 0.455600
vt 0.407100 0.002000
vt 0.407100 0.360100
vt 0.407100 0.811700
vt 0.407100 0.455600
vt 0.433600 0.360100
vt 0.433600 0.002000
vt 0.385100 0.804300
vt 0.364000 0.804300
vt 0.387800 0.804300
vt 0.293900 0.870900
vt 0.272800 0.870900
vt 0.643100 0.897900
vt 0.646800 0.897600
vt 0.643600 0.982700
vt 0.639900 0.983000
vt 0.464900 0.790300
vt 0.444200 0.790300
vt 0.622500 0.983200
vt 0.618800 0.982800
vt 0.619000 0.897600
vt 0.622600 0.898000
vt 0.310600 0.435100
vt 0.289200 0.435100
vt 0.361300 0.804300
vt 0.430900 0.447700
vt 0.409800 0.447700
vt 0.433600 0.447700
vt 0.339700 0.429900
vt 0.318500 0.429900
vt 0.521800 0.839200
vt 0.525500 0.838900
vt 0.522400 0.924100
vt 0.518700 0.924400
vt 0.430800 0.898900
vt 0.409800 0.898900
vt 0.664800 0.983200
vt 0.661100 0.982800
vt 0.661300 0.897600
vt 0.664900 0.898000
vt 0.353400 0.865700
vt 0.332200 0.865700
vt 0.407100 0.447700
vt 0.992200 0.701500
vt 0.992200 0.678100
vt 0.997300 0.678100
vt 0.997300 0.701500
vt 0.992200 0.673800
vt 0.997300 0.673800
vt 0.992800 0.482900
vt 0.992800 0.446000
vt 0.997700 0.446000
vt 0.997700 0.482900
vt 0.788400 0.178100
vt 0.788400 0.173800
vt 0.793600 0.173800
vt 0.793600 0.178100
vt 0.788400 0.150400
vt 0.793600 0.150400
vt 0.788400 0.146200
vt 0.793600 0.146200
vt 0.888700 0.903800
vt 0.888700 0.867000
vt 0.893600 0.867000
vt 0.893600 0.903800
vt 0.992200 0.705800
vt 0.997300 0.705800
vt 0.812700 0.981100
vt 0.812700 0.958900
vt 0.817600 0.958900
vt 0.817600 0.981100
vt 0.579500 0.997500
vt 0.579500 0.993300
vt 0.584600 0.993300
vt 0.584600 0.997500
vt 0.579500 0.955200
vt 0.584600 0.955200
vt 0.579500 0.951000
vt 0.584600 0.951000
vt 0.484300 0.997000
vt 0.484300 0.974700
vt 0.489200 0.974700
vt 0.489200 0.997000
vt 0.873500 0.878800
vt 0.873500 0.874600
vt 0.878600 0.874600
vt 0.878600 0.878800
vt 0.873500 0.836500
vt 0.878600 0.836500
vt 0.873500 0.832300
vt 0.878600 0.832300
vt 0.828600 0.006000
vt 0.828600 0.042800
vt 0.824600 0.046900
vt 0.798300 0.042800
vt 0.802300 0.046900
vt 0.798300 0.006000
vt 0.802300 0.002000
vt 0.824600 0.002000
vt 0.726200 0.114900
vt 0.726200 0.078100
vt 0.730300 0.074100
vt 0.756500 0.078100
vt 0.752500 0.074100
vt 0.756500 0.114900
vt 0.752500 0.118900
vt 0.730300 0.118900
vt 0.303100 0.947000
vt 0.303100 0.983800
vt 0.299000 0.987900
vt 0.272800 0.983800
vt 0.276800 0.987900
vt 0.272800 0.947000
vt 0.276800 0.943000
vt 0.299000 0.943000
vt 0.159400 0.928500
vt 0.159400 0.891700
vt 0.163400 0.887600
vt 0.189700 0.891700
vt 0.185700 0.887600
vt 0.189700 0.928500
vt 0.185700 0.932500
vt 0.163400 0.932500
vt 0.690900 0.146200
vt 0.718300 0.146200
vt 0.718300 0.165200
vt 0.690900 0.165200
vt 0.718300 0.188000
vt 0.690900 0.188000
vt 0.692200 0.201200
vt 0.690900 0.197300
vt 0.696100 0.202500
vt 0.718300 0.197300
vt 0.717000 0.201200
vt 0.713100 0.202500
vt 0.318500 0.957100
vt 0.318500 0.937800
vt 0.346000 0.937800
vt 0.346000 0.957100
vt 0.318500 0.979900
vt 0.346000 0.979900
vt 0.344700 0.992800
vt 0.340800 0.994100
vt 0.323800 0.994100
vt 0.346000 0.988900
vt 0.319800 0.992800
vt 0.318500 0.988900
vt 0.604900 0.943500
vt 0.602300 0.943400
vt 0.600800 0.924500
vt 0.603400 0.924300
vt 0.584000 0.474800
vt 0.581400 0.474700
vt 0.582200 0.455700
vt 0.584800 0.455600
vt 0.603100 0.966500
vt 0.600400 0.966400
vt 0.579500 0.432800
vt 0.582100 0.432600
vt 0.603700 0.975500
vt 0.601100 0.975700
vt 0.579800 0.423500
vt 0.582400 0.423600
vt 0.903900 0.905600
vt 0.906500 0.905600
vt 0.906500 0.922700
vt 0.903900 0.922700
vt 0.604000 0.979400
vt 0.601400 0.979600
vt 0.580000 0.419600
vt 0.582600 0.419700
vt 0.906500 0.926700
vt 0.903900 0.926700
vt 0.903900 0.901700
vt 0.906500 0.901700
vt 0.718300 0.074100
vt 0.718300 0.093100
vt 0.690900 0.093100
vt 0.690900 0.074100
vt 0.718300 0.115900
vt 0.690900 0.115900
vt 0.690900 0.125200
vt 0.713100 0.130400
vt 0.718300 0.125200
vt 0.717000 0.129100
vt 0.692200 0.129100
vt 0.696100 0.130400
vt 0.186900 0.842700
vt 0.159400 0.842700
vt 0.159400 0.823400
vt 0.186900 0.823400
vt 0.186900 0.865500
vt 0.159400 0.865500
vt 0.186900 0.874500
vt 0.185600 0.878400
vt 0.181700 0.879700
vt 0.159400 0.874500
vt 0.164700 0.879700
vt 0.160700 0.878400
vt 0.778200 0.922900
vt 0.777500 0.942200
vt 0.774800 0.942100
vt 0.775600 0.923100
vt 0.835600 0.827400
vt 0.837000 0.846600
vt 0.834400 0.846600
vt 0.833000 0.827600
vt 0.775500 0.900000
vt 0.772900 0.900200
vt 0.835200 0.869600
vt 0.832600 0.869600
vt 0.775900 0.891000
vt 0.773300 0.890900
vt 0.835900 0.878600
vt 0.833300 0.878800
vt 0.944600 0.905600
vt 0.944600 0.922700
vt 0.942000 0.922700
vt 0.942000 0.905600
vt 0.776000 0.887100
vt 0.773400 0.887000
vt 0.833600 0.882700
vt 0.836200 0.882500
vt 0.944600 0.926700
vt 0.942000 0.926700
vt 0.942000 0.901700
vt 0.944600 0.901700
vt 0.770200 0.158400
vt 0.775900 0.158400
vt 0.775900 0.172800
vt 0.770200 0.172800
vt 0.770200 0.146200
vt 0.775900 0.146200
vt 0.488900 0.954600
vt 0.494600 0.954600
vt 0.494600 0.966800
vt 0.488900 0.966800
vt 0.488900 0.940200
vt 0.494600 0.940200
vt 0.488900 0.925800
vt 0.494600 0.925800
vt 0.488900 0.913600
vt 0.494600 0.913600
vt 0.736900 0.839600
vt 0.731200 0.839600
vt 0.731200 0.827400
vt 0.736900 0.827400
vt 0.736900 0.854000
vt 0.731200 0.854000
vt 0.736900 0.868400
vt 0.731200 0.868400
vt 0.736900 0.880600
vt 0.731200 0.880600
vt 0.245800 0.668600
vt 0.251500 0.668600
vt 0.251500 0.680800
vt 0.245800 0.680800
vt 0.245800 0.654200
vt 0.251500 0.654200
vt 0.245800 0.639800
vt 0.251500 0.639800
vt 0.245800 0.627600
vt 0.251500 0.627600
vt 0.770200 0.187200
vt 0.775900 0.187200
vt 0.775900 0.199400
vt 0.770200 0.199400
vt 0.226300 0.890300
vt 0.228700 0.884600
vt 0.233100 0.880100
vt 0.245100 0.877700
vt 0.238800 0.877700
vt 0.250900 0.880000
vt 0.255300 0.884400
vt 0.257700 0.896500
vt 0.257700 0.890200
vt 0.239000 0.909100
vt 0.255400 0.902200
vt 0.251000 0.906700
vt 0.245200 0.909100
vt 0.233200 0.906700
vt 0.228700 0.902300
vt 0.226300 0.896600
vt 0.793500 0.098600
vt 0.789100 0.103100
vt 0.783300 0.105500
vt 0.771300 0.103200
vt 0.777100 0.105500
vt 0.766900 0.098800
vt 0.764400 0.093000
vt 0.766800 0.081000
vt 0.764400 0.086700
vt 0.789000 0.076400
vt 0.771200 0.076500
vt 0.777000 0.074100
vt 0.783200 0.074100
vt 0.793400 0.080800
vt 0.795800 0.086600
vt 0.795900 0.092900
vt 0.765600 0.159300
vt 0.765600 0.172800
vt 0.780600 0.172800
vt 0.780600 0.159300
vt 0.765600 0.147900
vt 0.780600 0.147900
vt 0.484300 0.953700
vt 0.484300 0.965100
vt 0.499200 0.965100
vt 0.499200 0.953700
vt 0.484300 0.940200
vt 0.499200 0.940200
vt 0.484300 0.926700
vt 0.499200 0.926700
vt 0.484300 0.915300
vt 0.499200 0.915300
vt 0.741500 0.840500
vt 0.741500 0.829100
vt 0.726600 0.829100
vt 0.726600 0.840500
vt 0.741500 0.854000
vt 0.726600 0.854000
vt 0.741500 0.867500
vt 0.726600 0.867500
vt 0.741500 0.878900
vt 0.726600 0.878900
vt 0.241200 0.667700
vt 0.241200 0.679200
vt 0.256200 0.679200
vt 0.256200 0.667700
vt 0.241200 0.654200
vt 0.256200 0.654200
vt 0.241200 0.640800
vt 0.256200 0.640800
vt 0.241200 0.629300
vt 0.256200 0.629300
vt 0.765600 0.186200
vt 0.765600 0.197700
vt 0.780600 0.197700
vt 0.780600 0.186200
vt 0.657100 0.146200
vt 0.668900 0.151000
vt 0.668000 0.152400
vt 0.656800 0.147800
vt 0.657400 0.066100
vt 0.644600 0.066200
vt 0.644900 0.064500
vt 0.657100 0.064500
vt 0.678000 0.160000
vt 0.676600 0.160900
vt 0.669200 0.061200
vt 0.668200 0.059800
vt 0.682900 0.171700
vt 0.681300 0.172100
vt 0.678100 0.052100
vt 0.676700 0.051200
vt 0.683000 0.184500
vt 0.681300 0.184200
vt 0.683000 0.040300
vt 0.681300 0.040000
vt 0.678100 0.196300
vt 0.676700 0.195400
vt 0.682900 0.027600
vt 0.681300 0.027900
vt 0.669200 0.205400
vt 0.668200 0.204000
vt 0.678000 0.015800
vt 0.676600 0.016800
vt 0.657400 0.210300
vt 0.657100 0.208600
vt 0.668900 0.006800
vt 0.668000 0.008200
vt 0.644600 0.210300
vt 0.644900 0.208700
vt 0.657100 0.002000
vt 0.656800 0.003600
vt 0.632800 0.205500
vt 0.633700 0.204100
vt 0.644400 0.002100
vt 0.644700 0.003700
vt 0.623800 0.196500
vt 0.625200 0.195600
vt 0.632600 0.007000
vt 0.633500 0.008400
vt 0.618800 0.184800
vt 0.620500 0.184400
vt 0.623600 0.016000
vt 0.625000 0.017000
vt 0.618800 0.172000
vt 0.620400 0.172300
vt 0.618800 0.027800
vt 0.620400 0.028200
vt 0.623600 0.160200
vt 0.625000 0.161100
vt 0.618800 0.040600
vt 0.620500 0.040300
vt 0.632600 0.151100
vt 0.633500 0.152500
vt 0.623800 0.052400
vt 0.625200 0.051400
vt 0.644400 0.146200
vt 0.644700 0.147900
vt 0.632800 0.061400
vt 0.633700 0.060000
vt 0.661500 0.162300
vt 0.654500 0.159500
vt 0.647100 0.159500
vt 0.640200 0.162400
vt 0.634900 0.167700
vt 0.632100 0.174600
vt 0.632100 0.182100
vt 0.635000 0.189000
vt 0.640300 0.194200
vt 0.647200 0.197000
vt 0.654700 0.197000
vt 0.661600 0.194100
vt 0.666800 0.188800
vt 0.669700 0.181900
vt 0.669600 0.174400
vt 0.666800 0.167500
vt 0.647200 0.052900
vt 0.654700 0.052900
vt 0.661600 0.050000
vt 0.666800 0.044700
vt 0.669700 0.037800
vt 0.669600 0.030300
vt 0.666800 0.023400
vt 0.661500 0.018100
vt 0.654500 0.015300
vt 0.647100 0.015300
vt 0.640200 0.018200
vt 0.634900 0.023500
vt 0.632100 0.030400
vt 0.632100 0.037900
vt 0.635000 0.044800
vt 0.640300 0.050100
vt 0.659800 0.164800
vt 0.654000 0.162400
vt 0.647700 0.162400
vt 0.641800 0.164800
vt 0.637400 0.169300
vt 0.635000 0.175200
vt 0.635000 0.181500
vt 0.637500 0.187300
vt 0.641900 0.191700
vt 0.647800 0.194100
vt 0.654100 0.194100
vt 0.659900 0.191700
vt 0.664400 0.187200
vt 0.666800 0.181300
vt 0.666700 0.175000
vt 0.664300 0.169200
vt 0.647800 0.050000
vt 0.654100 0.050000
vt 0.659900 0.047500
vt 0.664400 0.043000
vt 0.666800 0.037200
vt 0.666700 0.030900
vt 0.664300 0.025000
vt 0.659800 0.020600
vt 0.654000 0.018200
vt 0.647700 0.018200
vt 0.641800 0.020700
vt 0.637400 0.025200
vt 0.635000 0.031000
vt 0.635000 0.037300
vt 0.637500 0.043100
vt 0.641900 0.047600
vt 0.873500 0.892200
vt 0.879000 0.892200
vt 0.879000 0.898600
vt 0.873500 0.898600
vt 0.879000 0.905000
vt 0.873500 0.905000
vt 0.879000 0.910500
vt 0.873500 0.910500
vt 0.246700 0.749000
vt 0.241200 0.749000
vt 0.241200 0.743500
vt 0.246700 0.743500
vt 0.241200 0.737100
vt 0.246700 0.737100
vt 0.241200 0.730600
vt 0.246700 0.730600
vt 0.241200 0.725200
vt 0.246700 0.725200
vt 0.731700 0.209300
vt 0.726200 0.209300
vt 0.726200 0.203800
vt 0.731700 0.203800
vt 0.726200 0.197400
vt 0.731700 0.197400
vt 0.726200 0.191000
vt 0.731700 0.191000
vt 0.726200 0.185500
vt 0.731700 0.185500
vt 0.838100 0.914400
vt 0.832600 0.914400
vt 0.832600 0.908900
vt 0.838100 0.908900
vt 0.832600 0.902500
vt 0.838100 0.902500
vt 0.832600 0.896100
vt 0.838100 0.896100
vt 0.832600 0.890600
vt 0.838100 0.890600
vt 0.873500 0.886700
vt 0.879000 0.886700
vt 0.263600 0.700600
vt 0.258100 0.700600
vt 0.258100 0.694200
vt 0.263600 0.694200
vt 0.258100 0.688700
vt 0.263600 0.688700
vt 0.749700 0.954700
vt 0.755200 0.954700
vt 0.755200 0.960200
vt 0.749700 0.960200
vt 0.755200 0.966600
vt 0.749700 0.966600
vt 0.755200 0.973100
vt 0.749700 0.973100
vt 0.755200 0.978500
vt 0.749700 0.978500
vt 0.772900 0.950100
vt 0.778400 0.950100
vt 0.778400 0.955500
vt 0.772900 0.955500
vt 0.778400 0.962000
vt 0.772900 0.962000
vt 0.778400 0.968400
vt 0.772900 0.968400
vt 0.778400 0.973900
vt 0.772900 0.973900
vt 0.876300 0.002000
vt 0.881800 0.002000
vt 0.881800 0.007500
vt 0.876300 0.007500
vt 0.881800 0.013900
vt 0.876300 0.013900
vt 0.881800 0.020300
vt 0.876300 0.020300
vt 0.881800 0.025800
vt 0.876300 0.025800
vt 0.263600 0.712500
vt 0.258100 0.712500
vt 0.258100 0.707100
vt 0.263600 0.707100
vt 0.806900 0.108300
vt 0.806900 0.135700
vt 0.803800 0.135700
vt 0.803800 0.108300
vt 0.758800 0.918300
vt 0.758800 0.946800
vt 0.756000 0.946800
vt 0.756000 0.918300
vt 0.752500 0.946800
vt 0.752500 0.918300
vt 0.749700 0.946800
vt 0.749700 0.918300
vt 0.249200 0.944400
vt 0.249200 0.917000
vt 0.252300 0.917000
vt 0.252300 0.944400
vt 0.255500 0.917000
vt 0.255500 0.944400
vt 0.868400 0.002000
vt 0.868400 0.030500
vt 0.865600 0.030500
vt 0.865600 0.002000
vt 0.862200 0.030500
vt 0.862200 0.002000
vt 0.859400 0.030500
vt 0.859400 0.002000
vt 0.810000 0.108300
vt 0.810000 0.135700
vt 0.731200 0.126800
vt 0.734300 0.127800
vt 0.736200 0.130400
vt 0.734300 0.136300
vt 0.736200 0.133700
vt 0.731200 0.137300
vt 0.728100 0.136300
vt 0.726200 0.133700
vt 0.726200 0.130400
vt 0.728100 0.127800
vt 0.800200 0.064200
vt 0.798300 0.061600
vt 0.798300 0.058400
vt 0.803300 0.054800
vt 0.800200 0.055800
vt 0.806300 0.055800
vt 0.808200 0.058400
vt 0.808200 0.061600
vt 0.806300 0.064200
vt 0.803300 0.065200
vt 0.790400 0.002000
vt 0.790400 0.021000
vt 0.762900 0.021000
vt 0.762900 0.002000
vt 0.790400 0.043800
vt 0.762900 0.043800
vt 0.762900 0.053100
vt 0.785200 0.058300
vt 0.790400 0.053100
vt 0.789100 0.057000
vt 0.764300 0.057000
vt 0.768200 0.058300
vt 0.253800 0.832700
vt 0.226300 0.832700
vt 0.226300 0.813500
vt 0.253800 0.813500
vt 0.253800 0.855500
vt 0.226300 0.855500
vt 0.253800 0.864600
vt 0.252500 0.868500
vt 0.248500 0.869800
vt 0.226300 0.864600
vt 0.231500 0.869800
vt 0.227600 0.868500
vt 0.687500 0.930000
vt 0.686800 0.949200
vt 0.684200 0.949100
vt 0.684900 0.930100
vt 0.855500 0.805100
vt 0.856900 0.824300
vt 0.854300 0.824300
vt 0.852800 0.805300
vt 0.684900 0.907100
vt 0.682200 0.907200
vt 0.855100 0.847300
vt 0.852500 0.847300
vt 0.685200 0.898100
vt 0.682600 0.898000
vt 0.855800 0.856300
vt 0.853200 0.856500
vt 0.919200 0.905600
vt 0.919200 0.922700
vt 0.916600 0.922700
vt 0.916600 0.905600
vt 0.685400 0.894100
vt 0.682700 0.894000
vt 0.853500 0.860400
vt 0.856100 0.860200
vt 0.919200 0.926700
vt 0.916600 0.926700
vt 0.916600 0.901700
vt 0.919200 0.901700
vt 0.318500 0.873600
vt 0.346000 0.873600
vt 0.346000 0.892600
vt 0.318500 0.892600
vt 0.346000 0.915400
vt 0.318500 0.915400
vt 0.319800 0.928600
vt 0.318500 0.924700
vt 0.323800 0.929900
vt 0.346000 0.924700
vt 0.344700 0.928600
vt 0.340800 0.929900
vt 0.272800 0.898000
vt 0.272800 0.878800
vt 0.300200 0.878800
vt 0.300200 0.898000
vt 0.272800 0.920900
vt 0.300200 0.920900
vt 0.298900 0.933800
vt 0.295000 0.935100
vt 0.278000 0.935100
vt 0.300200 0.929900
vt 0.274100 0.933800
vt 0.272800 0.929900
vt 0.817100 0.914900
vt 0.814500 0.914800
vt 0.813100 0.895900
vt 0.815700 0.895700
vt 0.797300 0.942200
vt 0.794700 0.942100
vt 0.795500 0.923100
vt 0.798100 0.922900
vt 0.815300 0.937900
vt 0.812700 0.937900
vt 0.792800 0.900200
vt 0.795400 0.900000
vt 0.816000 0.946900
vt 0.813400 0.947100
vt 0.793200 0.890900
vt 0.795800 0.891000
vt 0.929300 0.905600
vt 0.931900 0.905600
vt 0.931900 0.922700
vt 0.929300 0.922700
vt 0.816300 0.950800
vt 0.813700 0.951000
vt 0.793300 0.887000
vt 0.795900 0.887100
vt 0.931900 0.926700
vt 0.929300 0.926700
vt 0.929300 0.901700
vt 0.931900 0.901700
vt 0.236600 0.929200
vt 0.236600 0.943600
vt 0.230900 0.943600
vt 0.230900 0.929200
vt 0.236600 0.917000
vt 0.230900 0.917000
vt 0.417500 0.947800
vt 0.417500 0.960000
vt 0.411800 0.960000
vt 0.411800 0.947800
vt 0.417500 0.933400
vt 0.411800 0.933400
vt 0.417500 0.919000
vt 0.411800 0.919000
vt 0.417500 0.906800
vt 0.411800 0.906800
vt 0.841100 0.014200
vt 0.841100 0.002000
vt 0.846800 0.002000
vt 0.846800 0.014200
vt 0.841100 0.028600
vt 0.846800 0.028600
vt 0.841100 0.043000
vt 0.846800 0.043000
vt 0.841100 0.055200
vt 0.846800 0.055200
vt 0.760100 0.898200
vt 0.760100 0.910400
vt 0.754400 0.910400
vt 0.754400 0.898200
vt 0.760100 0.883800
vt 0.754400 0.883800
vt 0.760100 0.869400
vt 0.754400 0.869400
vt 0.760100 0.857200
vt 0.754400 0.857200
vt 0.236600 0.958000
vt 0.236600 0.970200
vt 0.230900 0.970200
vt 0.230900 0.958000
vt 0.750900 0.175200
vt 0.745100 0.177600
vt 0.738900 0.177600
vt 0.757700 0.164900
vt 0.733100 0.175200
vt 0.728700 0.170800
vt 0.726200 0.158800
vt 0.726300 0.165100
vt 0.728600 0.153000
vt 0.733000 0.148600
vt 0.745000 0.146200
vt 0.738800 0.146200
vt 0.750800 0.148500
vt 0.755200 0.152900
vt 0.757700 0.158700
vt 0.755300 0.170700
vt 0.161800 0.947300
vt 0.166200 0.942800
vt 0.172000 0.940400
vt 0.159500 0.959300
vt 0.178200 0.940400
vt 0.184000 0.942800
vt 0.190800 0.952900
vt 0.188400 0.947200
vt 0.190900 0.959200
vt 0.188500 0.965000
vt 0.178300 0.971800
vt 0.184100 0.969400
vt 0.172100 0.971800
vt 0.166300 0.969500
vt 0.161900 0.965100
vt 0.159400 0.953000
vt 0.241300 0.930100
vt 0.241300 0.943600
vt 0.226300 0.943600
vt 0.226300 0.930100
vt 0.241300 0.918700
vt 0.226300 0.918700
vt 0.422100 0.946800
vt 0.422100 0.958300
vt 0.407100 0.958300
vt 0.407100 0.946800
vt 0.422100 0.933400
vt 0.407100 0.933400
vt 0.422100 0.919900
vt 0.407100 0.919900
vt 0.422100 0.908400
vt 0.407100 0.908400
vt 0.836500 0.015100
vt 0.836500 0.003700
vt 0.851500 0.003700
vt 0.851500 0.015100
vt 0.836500 0.028600
vt 0.851500 0.028600
vt 0.836500 0.042100
vt 0.851500 0.042100
vt 0.836500 0.053500
vt 0.851500 0.053500
vt 0.764700 0.897300
vt 0.764700 0.908700
vt 0.749700 0.908700
vt 0.749700 0.897300
vt 0.764700 0.883800
vt 0.749700 0.883800
vt 0.764700 0.870300
vt 0.749700 0.870300
vt 0.764700 0.858900
vt 0.749700 0.858900
vt 0.241300 0.957100
vt 0.241300 0.968500
vt 0.226300 0.968500
vt 0.226300 0.957100
vt 0.716700 0.066200
vt 0.717000 0.064500
vt 0.729100 0.064500
vt 0.729500 0.066100
vt 0.668900 0.078900
vt 0.668000 0.080300
vt 0.656800 0.075700
vt 0.657100 0.074100
vt 0.740300 0.059800
vt 0.741200 0.061200
vt 0.678000 0.087900
vt 0.676600 0.088800
vt 0.748800 0.051200
vt 0.750200 0.052100
vt 0.682900 0.099700
vt 0.681300 0.100000
vt 0.753400 0.040000
vt 0.755100 0.040300
vt 0.683000 0.112400
vt 0.681300 0.112100
vt 0.753400 0.027900
vt 0.755000 0.027600
vt 0.678100 0.124200
vt 0.676700 0.123300
vt 0.748700 0.016800
vt 0.750100 0.015800
vt 0.669200 0.133300
vt 0.668200 0.131900
vt 0.740100 0.008200
vt 0.741000 0.006800
vt 0.657400 0.138200
vt 0.657100 0.136600
vt 0.728900 0.003600
vt 0.729200 0.002000
vt 0.644600 0.138300
vt 0.644900 0.136600
vt 0.716800 0.003700
vt 0.716500 0.002100
vt 0.632800 0.133400
vt 0.633800 0.132000
vt 0.705600 0.008400
vt 0.704700 0.007000
vt 0.623800 0.124400
vt 0.625200 0.123500
vt 0.697100 0.017000
vt 0.695700 0.016000
vt 0.618800 0.112700
vt 0.620500 0.112300
vt 0.692500 0.028200
vt 0.690900 0.027800
vt 0.618800 0.099900
vt 0.620400 0.100200
vt 0.692600 0.040300
vt 0.690900 0.040600
vt 0.623600 0.088100
vt 0.625000 0.089000
vt 0.697200 0.051400
vt 0.695800 0.052400
vt 0.632600 0.079100
vt 0.633500 0.080500
vt 0.705800 0.060000
vt 0.704900 0.061400
vt 0.644400 0.074100
vt 0.644700 0.075800
vt 0.719300 0.052900
vt 0.726800 0.052900
vt 0.712400 0.050100
vt 0.707100 0.044800
vt 0.704200 0.037900
vt 0.704200 0.030400
vt 0.707000 0.023500
vt 0.712300 0.018200
vt 0.719100 0.015300
vt 0.726600 0.015300
vt 0.733500 0.018100
vt 0.738800 0.023400
vt 0.741700 0.030300
vt 0.741800 0.037800
vt 0.738900 0.044700
vt 0.733700 0.050000
vt 0.661500 0.090200
vt 0.654500 0.087400
vt 0.666800 0.095500
vt 0.669600 0.102400
vt 0.669700 0.109800
vt 0.666800 0.116700
vt 0.661600 0.122100
vt 0.654700 0.124900
vt 0.647200 0.125000
vt 0.640300 0.122100
vt 0.635000 0.116900
vt 0.632100 0.110000
vt 0.632100 0.102500
vt 0.634900 0.095600
vt 0.640200 0.090300
vt 0.647100 0.087400
vt 0.719900 0.050000
vt 0.726200 0.050000
vt 0.714000 0.047600
vt 0.709500 0.043100
vt 0.707100 0.037300
vt 0.707100 0.031000
vt 0.709500 0.025200
vt 0.713900 0.020700
vt 0.719700 0.018200
vt 0.726100 0.018200
vt 0.731900 0.020600
vt 0.736400 0.025000
vt 0.738800 0.030900
vt 0.738800 0.037200
vt 0.736400 0.043000
vt 0.732000 0.047500
vt 0.659800 0.092700
vt 0.654000 0.090300
vt 0.664300 0.097100
vt 0.666700 0.103000
vt 0.666800 0.109300
vt 0.664400 0.115100
vt 0.659900 0.119600
vt 0.654100 0.122000
vt 0.647800 0.122100
vt 0.641900 0.119700
vt 0.637500 0.115200
vt 0.635000 0.109400
vt 0.635000 0.103100
vt 0.637400 0.097200
vt 0.641800 0.092800
vt 0.647700 0.090300
vt 0.798300 0.955500
vt 0.798300 0.962000
vt 0.792800 0.962000
vt 0.792800 0.955500
vt 0.798300 0.968400
vt 0.792800 0.968400
vt 0.798300 0.973900
vt 0.792800 0.973900
vt 0.852500 0.892100
vt 0.852500 0.886700
vt 0.858000 0.886700
vt 0.858000 0.892100
vt 0.852500 0.880200
vt 0.858000 0.880200
vt 0.852500 0.873800
vt 0.858000 0.873800
vt 0.852500 0.868300
vt 0.858000 0.868300
vt 0.726600 0.948700
vt 0.726600 0.943300
vt 0.732000 0.943300
vt 0.732000 0.948700
vt 0.726600 0.936800
vt 0.732000 0.936800
vt 0.726600 0.930400
vt 0.732000 0.930400
vt 0.726600 0.924900
vt 0.732000 0.924900
vt 0.992200 0.737400
vt 0.992200 0.732000
vt 0.997600 0.732000
vt 0.997600 0.737400
vt 0.992200 0.725500
vt 0.997600 0.725500
vt 0.992200 0.719100
vt 0.997600 0.719100
vt 0.992200 0.713700
vt 0.997600 0.713700
vt 0.798300 0.950100
vt 0.792800 0.950100
vt 0.682200 0.969000
vt 0.682200 0.962600
vt 0.687700 0.962600
vt 0.687700 0.969000
vt 0.682200 0.957100
vt 0.687700 0.957100
vt 0.864800 0.038400
vt 0.864800 0.043900
vt 0.859400 0.043900
vt 0.859400 0.038400
vt 0.864800 0.050300
vt 0.859400 0.050300
vt 0.864800 0.056800
vt 0.859400 0.056800
vt 0.864800 0.062200
vt 0.859400 0.062200
vt 0.769900 0.113400
vt 0.769900 0.118900
vt 0.764400 0.118900
vt 0.764400 0.113400
vt 0.769900 0.125300
vt 0.764400 0.125300
vt 0.769900 0.131800
vt 0.764400 0.131800
vt 0.769900 0.137200
vt 0.764400 0.137200
vt 0.894200 0.911700
vt 0.894200 0.917200
vt 0.888700 0.917200
vt 0.888700 0.911700
vt 0.894200 0.923600
vt 0.888700 0.923600
vt 0.894200 0.930000
vt 0.888700 0.930000
vt 0.894200 0.935500
vt 0.888700 0.935500
vt 0.682200 0.980900
vt 0.682200 0.975500
vt 0.687700 0.975500
vt 0.687700 0.980900
vt 0.840300 0.101400
vt 0.837100 0.101400
vt 0.837100 0.074100
vt 0.840300 0.074100
vt 0.735600 0.917100
vt 0.732800 0.917100
vt 0.732800 0.888500
vt 0.735600 0.888500
vt 0.729400 0.917100
vt 0.729400 0.888500
vt 0.726600 0.917100
vt 0.726600 0.888500
vt 0.518700 0.932300
vt 0.521800 0.932300
vt 0.521800 0.959600
vt 0.518700 0.959600
vt 0.525000 0.932300
vt 0.525000 0.959600
vt 0.250200 0.717300
vt 0.247400 0.717300
vt 0.247400 0.688700
vt 0.250200 0.688700
vt 0.244000 0.717300
vt 0.244000 0.688700
vt 0.241200 0.717300
vt 0.241200 0.688700
vt 0.843400 0.101400
vt 0.843400 0.074100
vt 0.051000 0.986100
vt 0.051000 0.982900
vt 0.052900 0.980300
vt 0.056000 0.989700
vt 0.056000 0.979300
vt 0.059000 0.980300
vt 0.060900 0.982900
vt 0.060900 0.986100
vt 0.059000 0.988700
vt 0.052900 0.988700
vt 0.136200 0.988300
vt 0.138100 0.990900
vt 0.138100 0.994200
vt 0.130000 0.988300
vt 0.136200 0.996800
vt 0.133100 0.997800
vt 0.130000 0.996800
vt 0.128100 0.994200
vt 0.128100 0.990900
vt 0.133100 0.987300
vt 0.550100 0.564300
vt 0.518700 0.564300
vt 0.518700 0.386400
vt 0.550100 0.386400
vt 0.233300 0.627600
vt 0.233300 0.805600
vt 0.201900 0.805600
vt 0.201900 0.627600
vt 0.487000 0.905700
vt 0.487000 0.719600
vt 0.505600 0.719600
vt 0.505600 0.905700
vt 0.484300 0.719600
vt 0.484300 0.905700
vt 0.508400 0.905700
vt 0.508400 0.719600
vt 0.393200 0.812200
vt 0.393200 0.992900
vt 0.361300 0.992900
vt 0.361300 0.812200
vt 0.550600 0.378500
vt 0.518700 0.378500
vt 0.518700 0.197800
vt 0.550600 0.197800
vt 0.218400 0.991400
vt 0.201900 0.991400
vt 0.201900 0.813500
vt 0.218400 0.813500
vt 0.395800 0.812200
vt 0.395800 0.992900
vt 0.553200 0.197800
vt 0.553200 0.378500
vt 0.550600 0.189900
vt 0.518700 0.189900
vt 0.518700 0.002000
vt 0.550600 0.002000
vt 0.592500 0.002000
vt 0.592500 0.187000
vt 0.561100 0.187000
vt 0.561100 0.002000
vt 0.852500 0.411000
vt 0.852500 0.218200
vt 0.862900 0.218200
vt 0.862900 0.411000
vt 0.553200 0.002000
vt 0.553200 0.189900
vt 0.865600 0.411000
vt 0.865600 0.218200
vt 0.191300 0.627600
vt 0.191300 0.815500
vt 0.159400 0.815500
vt 0.159400 0.627600
vt 0.473500 0.986100
vt 0.441500 0.986100
vt 0.441500 0.798200
vt 0.473500 0.798200
vt 0.610400 0.495400
vt 0.600400 0.495400
vt 0.600400 0.310500
vt 0.610400 0.310500
vt 0.194000 0.627600
vt 0.194000 0.815500
vt 0.476100 0.798200
vt 0.476100 0.986100
vt 0.880800 0.596600
vt 0.873500 0.596600
vt 0.873500 0.411400
vt 0.880800 0.411400
vt 0.607800 0.503300
vt 0.607800 0.688600
vt 0.600400 0.688600
vt 0.600400 0.503300
vt 0.749700 0.403500
vt 0.749700 0.218200
vt 0.765000 0.218200
vt 0.765000 0.403500
vt 0.703400 0.982900
vt 0.703400 0.797600
vt 0.718700 0.797600
vt 0.718700 0.982900
vt 0.880800 0.218200
vt 0.880800 0.403500
vt 0.873500 0.403500
vt 0.873500 0.218200
vt 0.839900 0.819500
vt 0.832600 0.819500
vt 0.832600 0.634300
vt 0.839900 0.634300
vt 0.552300 0.983900
vt 0.537000 0.983900
vt 0.537000 0.798700
vt 0.552300 0.798700
vt 0.741800 0.403500
vt 0.726600 0.403500
vt 0.726600 0.218200
vt 0.741800 0.218200
vt 0.893400 0.956400
vt 0.889200 0.956400
vt 0.888700 0.955900
vt 0.889200 0.943400
vt 0.888700 0.943900
vt 0.893400 0.943400
vt 0.893900 0.943900
vt 0.893900 0.955900
vt 0.159400 0.992200
vt 0.159400 0.980200
vt 0.159900 0.979700
vt 0.164600 0.980200
vt 0.164100 0.979700
vt 0.164600 0.992200
vt 0.164100 0.992800
vt 0.159900 0.992800
vt 0.844600 0.433300
vt 0.832600 0.433300
vt 0.832600 0.218200
vt 0.844600 0.218200
vt 0.893000 0.631300
vt 0.888700 0.631300
vt 0.888700 0.411400
vt 0.893000 0.411400
vt 0.652700 0.436800
vt 0.640500 0.436800
vt 0.640500 0.218200
vt 0.652700 0.218200
vt 0.929300 0.673900
vt 0.933600 0.673900
vt 0.933600 0.893800
vt 0.929300 0.893800
vt 0.893500 0.631300
vt 0.893500 0.411400
vt 0.934100 0.893800
vt 0.934100 0.673900
vt 0.653200 0.436800
vt 0.653200 0.218200
vt 0.639900 0.436800
vt 0.639900 0.218200
vt 0.731300 0.969700
vt 0.727100 0.969700
vt 0.726600 0.969200
vt 0.727100 0.956600
vt 0.726600 0.957200
vt 0.731300 0.956600
vt 0.731800 0.957200
vt 0.731800 0.969200
vt 0.226300 0.990600
vt 0.226300 0.978600
vt 0.226800 0.978100
vt 0.231500 0.978600
vt 0.231000 0.978100
vt 0.231500 0.990600
vt 0.231000 0.991200
vt 0.226800 0.991200
vt 0.804800 0.433300
vt 0.792800 0.433300
vt 0.792800 0.218200
vt 0.804800 0.218200
vt 0.933600 0.438200
vt 0.929300 0.438200
vt 0.929300 0.218200
vt 0.933600 0.218200
vt 0.673800 0.436800
vt 0.661600 0.436800
vt 0.661600 0.218200
vt 0.673800 0.218200
vt 0.916600 0.218200
vt 0.920900 0.218200
vt 0.920900 0.438200
vt 0.916600 0.438200
vt 0.934100 0.438200
vt 0.934100 0.218200
vt 0.921400 0.438200
vt 0.921400 0.218200
vt 0.674300 0.436800
vt 0.674300 0.218200
vt 0.661100 0.436800
vt 0.661100 0.218200
vt 0.177200 0.992800
vt 0.173100 0.992800
vt 0.172500 0.992200
vt 0.173100 0.979700
vt 0.172500 0.980200
vt 0.177200 0.979700
vt 0.177800 0.980200
vt 0.177800 0.992200
vt 0.852500 0.912500
vt 0.852500 0.900500
vt 0.853000 0.900000
vt 0.857700 0.900500
vt 0.857200 0.900000
vt 0.857700 0.912500
vt 0.857200 0.913000
vt 0.853000 0.913000
vt 0.784900 0.656200
vt 0.772900 0.656200
vt 0.772900 0.441100
vt 0.784900 0.441100
vt 0.971700 0.438100
vt 0.967400 0.438100
vt 0.967400 0.218200
vt 0.971700 0.218200
vt 0.673800 0.663200
vt 0.661600 0.663200
vt 0.661600 0.444700
vt 0.673800 0.444700
vt 0.903900 0.218200
vt 0.908200 0.218200
vt 0.908200 0.438200
vt 0.903900 0.438200
vt 0.972200 0.438100
vt 0.972200 0.218200
vt 0.908700 0.438200
vt 0.908700 0.218200
vt 0.674300 0.663200
vt 0.674300 0.444700
vt 0.661100 0.663200
vt 0.661100 0.444700
vt 0.856000 0.087100
vt 0.851800 0.087100
vt 0.851300 0.086600
vt 0.851800 0.074100
vt 0.851300 0.074600
vt 0.856000 0.074100
vt 0.856500 0.074600
vt 0.856500 0.086600
vt 0.798000 0.982300
vt 0.798000 0.994300
vt 0.797500 0.994800
vt 0.792800 0.994300
vt 0.793300 0.994800
vt 0.792800 0.982300
vt 0.793300 0.981700
vt 0.797500 0.981700
vt 0.761700 0.849300
vt 0.749700 0.849300
vt 0.749700 0.634300
vt 0.761700 0.634300
vt 0.933600 0.666000
vt 0.929300 0.666000
vt 0.929300 0.446000
vt 0.933600 0.446000
vt 0.652700 0.889700
vt 0.640500 0.889700
vt 0.640500 0.671100
vt 0.652700 0.671100
vt 0.888700 0.639200
vt 0.893000 0.639200
vt 0.893000 0.859100
vt 0.888700 0.859100
vt 0.934100 0.666000
vt 0.934100 0.446000
vt 0.893500 0.859100
vt 0.893500 0.639200
vt 0.653200 0.889700
vt 0.653200 0.671100
vt 0.639900 0.889700
vt 0.639900 0.671100
vt 0.819300 0.159200
vt 0.815100 0.159200
vt 0.814600 0.158700
vt 0.815100 0.146200
vt 0.814600 0.146700
vt 0.819300 0.146200
vt 0.819800 0.146700
vt 0.819800 0.158700
vt 0.778100 0.982300
vt 0.778100 0.994300
vt 0.777600 0.994800
vt 0.772900 0.994300
vt 0.773400 0.994800
vt 0.772900 0.982300
vt 0.773400 0.981700
vt 0.777600 0.981700
vt 0.591500 0.943100
vt 0.579500 0.943100
vt 0.579500 0.728100
vt 0.591500 0.728100
vt 0.946300 0.438200
vt 0.942000 0.438200
vt 0.942000 0.218200
vt 0.946300 0.218200
vt 0.631500 0.663200
vt 0.619300 0.663200
vt 0.619300 0.444700
vt 0.631500 0.444700
vt 0.916600 0.673900
vt 0.920900 0.673900
vt 0.920900 0.893800
vt 0.916600 0.893800
vt 0.946800 0.438200
vt 0.946800 0.218200
vt 0.921400 0.893800
vt 0.921400 0.673900
vt 0.632000 0.663200
vt 0.632000 0.444700
vt 0.618800 0.663200
vt 0.618800 0.444700
vt 0.744300 0.198500
vt 0.740100 0.198500
vt 0.739600 0.198000
vt 0.740100 0.185500
vt 0.739600 0.186000
vt 0.744300 0.185500
vt 0.744800 0.186000
vt 0.744800 0.198000
vt 0.817900 0.120900
vt 0.817900 0.108900
vt 0.818500 0.108300
vt 0.823200 0.108900
vt 0.822600 0.108300
vt 0.823200 0.120900
vt 0.822600 0.121400
vt 0.818500 0.121400
vt 0.824700 0.656200
vt 0.812700 0.656200
vt 0.812700 0.441100
vt 0.824700 0.441100
vt 0.877800 0.824400
vt 0.873500 0.824400
vt 0.873500 0.604500
vt 0.877800 0.604500
vt 0.631500 0.889700
vt 0.619300 0.889700
vt 0.619300 0.671100
vt 0.631500 0.671100
vt 0.916600 0.446000
vt 0.920900 0.446000
vt 0.920900 0.666000
vt 0.916600 0.666000
vt 0.878300 0.824400
vt 0.878300 0.604500
vt 0.921400 0.666000
vt 0.921400 0.446000
vt 0.632000 0.889700
vt 0.632000 0.671100
vt 0.618800 0.889700
vt 0.618800 0.671100
vt 0.837300 0.935300
vt 0.833100 0.935300
vt 0.832600 0.934800
vt 0.833100 0.922300
vt 0.832600 0.922800
vt 0.837300 0.922300
vt 0.837800 0.922800
vt 0.837800 0.934800
vt 0.842300 0.109800
vt 0.842300 0.121800
vt 0.841800 0.122400
vt 0.837100 0.121800
vt 0.837600 0.122400
vt 0.837100 0.109800
vt 0.837600 0.109300
vt 0.841800 0.109300
vt 0.804800 0.656200
vt 0.792800 0.656200
vt 0.792800 0.441100
vt 0.804800 0.441100
vt 0.604700 0.916400
vt 0.600400 0.916400
vt 0.600400 0.696500
vt 0.604700 0.696500
vt 0.695000 0.436800
vt 0.682800 0.436800
vt 0.682800 0.218200
vt 0.695000 0.218200
vt 0.903900 0.446000
vt 0.908200 0.446000
vt 0.908200 0.666000
vt 0.903900 0.666000
vt 0.605200 0.916400
vt 0.605200 0.696500
vt 0.908700 0.666000
vt 0.908700 0.446000
vt 0.695500 0.436800
vt 0.695500 0.218200
vt 0.682200 0.436800
vt 0.682200 0.218200
vt 0.896000 0.403500
vt 0.888700 0.403500
vt 0.888700 0.218200
vt 0.896000 0.218200
vt 0.859800 0.418900
vt 0.859800 0.604100
vt 0.852500 0.604100
vt 0.852500 0.418900
vt 0.703400 0.403500
vt 0.703400 0.218200
vt 0.718700 0.218200
vt 0.718700 0.403500
vt 0.726600 0.596600
vt 0.726600 0.411400
vt 0.741800 0.411400
vt 0.741800 0.596600
vt 0.839900 0.441100
vt 0.839900 0.626400
vt 0.832600 0.626400
vt 0.832600 0.441100
vt 0.859800 0.797200
vt 0.852500 0.797200
vt 0.852500 0.612000
vt 0.859800 0.612000
vt 0.718700 0.596600
vt 0.703400 0.596600
vt 0.703400 0.411400
vt 0.718700 0.411400
vt 0.718700 0.789700
vt 0.703400 0.789700
vt 0.703400 0.604500
vt 0.718700 0.604500
vt 0.245900 0.769900
vt 0.241700 0.769900
vt 0.241200 0.769400
vt 0.241700 0.756900
vt 0.241200 0.757400
vt 0.245900 0.756900
vt 0.246400 0.757400
vt 0.246400 0.769400
vt 0.259800 0.725700
vt 0.259800 0.737700
vt 0.259300 0.738200
vt 0.254600 0.737700
vt 0.255100 0.738200
vt 0.254600 0.725700
vt 0.255100 0.725200
vt 0.259300 0.725200
vt 0.592100 0.720200
vt 0.580000 0.720200
vt 0.580000 0.503300
vt 0.592100 0.503300
vt 0.984300 0.888900
vt 0.980100 0.888900
vt 0.980100 0.673800
vt 0.984300 0.673800
vt 0.824700 0.433300
vt 0.812700 0.433300
vt 0.812700 0.218200
vt 0.824700 0.218200
vt 0.813200 0.664100
vt 0.817600 0.664100
vt 0.817600 0.887800
vt 0.813200 0.887800
vt 0.579500 0.720200
vt 0.579500 0.503300
vt 0.818100 0.887800
vt 0.818100 0.664100
vt 0.473500 0.568700
vt 0.472800 0.568700
vt 0.472800 0.353700
vt 0.473500 0.353700
vt 0.812700 0.664100
vt 0.812700 0.887800
vt 0.782500 0.126500
vt 0.778300 0.126500
vt 0.777800 0.125900
vt 0.778300 0.113400
vt 0.777800 0.113900
vt 0.782500 0.113400
vt 0.783000 0.113900
vt 0.783000 0.125900
vt 0.881500 0.034200
vt 0.881500 0.046200
vt 0.881000 0.046700
vt 0.876300 0.046200
vt 0.876800 0.046700
vt 0.876300 0.034200
vt 0.876800 0.033700
vt 0.881000 0.033700
vt 0.673800 0.889700
vt 0.661600 0.889700
vt 0.661600 0.671100
vt 0.673800 0.671100
vt 0.972200 0.893800
vt 0.967900 0.893800
vt 0.967900 0.673800
vt 0.972200 0.673800
vt 0.784900 0.433300
vt 0.772900 0.433300
vt 0.772900 0.218200
vt 0.784900 0.218200
vt 0.942500 0.673900
vt 0.946800 0.673900
vt 0.946800 0.893800
vt 0.942500 0.893800
vt 0.661100 0.889700
vt 0.661100 0.671100
vt 0.674300 0.671100
vt 0.674300 0.889700
vt 0.967400 0.893800
vt 0.967400 0.673800
vt 0.942000 0.673900
vt 0.942000 0.893800
vt 0.997500 0.503800
vt 0.993300 0.503800
vt 0.992800 0.503300
vt 0.993300 0.490800
vt 0.992800 0.491300
vt 0.997500 0.490800
vt 0.998000 0.491300
vt 0.998000 0.503300
vt 0.997400 0.745900
vt 0.997400 0.757900
vt 0.996800 0.758400
vt 0.992200 0.757900
vt 0.992700 0.758400
vt 0.992200 0.745900
vt 0.992700 0.745300
vt 0.996800 0.745300
vt 0.695000 0.663200
vt 0.682800 0.663200
vt 0.682800 0.444700
vt 0.695000 0.444700
vt 0.908700 0.893800
vt 0.904400 0.893800
vt 0.904400 0.673900
vt 0.908700 0.673900
vt 0.738600 0.819500
vt 0.726600 0.819500
vt 0.726600 0.604500
vt 0.738600 0.604500
vt 0.980600 0.218200
vt 0.984900 0.218200
vt 0.984900 0.438100
vt 0.980600 0.438100
vt 0.682200 0.663200
vt 0.682200 0.444700
vt 0.695500 0.444700
vt 0.695500 0.663200
vt 0.903900 0.893800
vt 0.903900 0.673900
vt 0.980100 0.218200
vt 0.980100 0.438100
vt 0.253900 0.965300
vt 0.249700 0.965300
vt 0.249200 0.964800
vt 0.249700 0.952200
vt 0.249200 0.952800
vt 0.253900 0.952200
vt 0.254400 0.952800
vt 0.254400 0.964800
vt 0.523900 0.968000
vt 0.523900 0.980000
vt 0.523400 0.980600
vt 0.518700 0.980000
vt 0.519200 0.980600
vt 0.518700 0.968000
vt 0.519200 0.967500
vt 0.523400 0.967500
vt 0.549800 0.790800
vt 0.537600 0.790800
vt 0.537600 0.572200
vt 0.549800 0.572200
vt 0.946800 0.666000
vt 0.942500 0.666000
vt 0.942500 0.446000
vt 0.946800 0.446000
vt 0.694200 0.886200
vt 0.682200 0.886200
vt 0.682200 0.671100
vt 0.694200 0.671100
vt 0.980600 0.446000
vt 0.984900 0.446000
vt 0.984900 0.666000
vt 0.980600 0.666000
vt 0.537000 0.790800
vt 0.537000 0.572200
vt 0.550300 0.572200
vt 0.550300 0.790800
vt 0.942000 0.666000
vt 0.942000 0.446000
vt 0.980100 0.446000
vt 0.980100 0.666000
vt 0.073500 0.992400
vt 0.069300 0.992400
vt 0.068800 0.991800
vt 0.069300 0.979300
vt 0.068800 0.979800
vt 0.073500 0.979300
vt 0.074000 0.979800
vt 0.074000 0.991800
vt 0.998000 0.512200
vt 0.998000 0.524200
vt 0.997500 0.524700
vt 0.992800 0.524200
vt 0.993300 0.524700
vt 0.992800 0.512200
vt 0.993300 0.511700
vt 0.997500 0.511700
vt 0.631500 0.436800
vt 0.619300 0.436800
vt 0.619300 0.218200
vt 0.631500 0.218200
vt 0.959500 0.438100
vt 0.955200 0.438100
vt 0.955200 0.218200
vt 0.959500 0.218200
vt 0.784900 0.879100
vt 0.772900 0.879100
vt 0.772900 0.664100
vt 0.784900 0.664100
vt 0.955200 0.446000
vt 0.959500 0.446000
vt 0.959500 0.666000
vt 0.955200 0.666000
vt 0.618800 0.436800
vt 0.618800 0.218200
vt 0.632000 0.218200
vt 0.632000 0.436800
vt 0.954700 0.438100
vt 0.954700 0.218200
vt 0.954700 0.446000
vt 0.954700 0.666000
vt 0.501700 0.987700
vt 0.497600 0.987700
vt 0.497000 0.987200
vt 0.497600 0.974700
vt 0.497000 0.975200
vt 0.501700 0.974700
vt 0.502300 0.975200
vt 0.502300 0.987200
vt 0.878700 0.918900
vt 0.878700 0.930900
vt 0.878200 0.931400
vt 0.873500 0.930900
vt 0.874000 0.931400
vt 0.873500 0.918900
vt 0.874000 0.918400
vt 0.878200 0.918400
vt 0.652700 0.663200
vt 0.640500 0.663200
vt 0.640500 0.444700
vt 0.652700 0.444700
vt 0.972200 0.666000
vt 0.967900 0.666000
vt 0.967900 0.446000
vt 0.972200 0.446000
vt 0.761700 0.626400
vt 0.749700 0.626400
vt 0.749700 0.411400
vt 0.761700 0.411400
vt 0.955200 0.673800
vt 0.959500 0.673800
vt 0.959500 0.893800
vt 0.955200 0.893800
vt 0.639900 0.663200
vt 0.639900 0.444700
vt 0.653200 0.444700
vt 0.653200 0.663200
vt 0.967400 0.666000
vt 0.967400 0.446000
vt 0.954700 0.673800
vt 0.954700 0.893800
vt 0.894400 0.015000
vt 0.890200 0.015000
vt 0.889700 0.014500
vt 0.890200 0.002000
vt 0.889700 0.002500
vt 0.894400 0.002000
vt 0.894900 0.002500
vt 0.894900 0.014500
vt 0.806700 0.146700
vt 0.806700 0.158700
vt 0.806200 0.159200
vt 0.801500 0.158700
vt 0.802000 0.159200
vt 0.801500 0.146700
vt 0.802000 0.146200
vt 0.806200 0.146200
vt 0.592100 0.411700
vt 0.580000 0.411700
vt 0.580000 0.194900
vt 0.592100 0.194900
vt 0.997000 0.433300
vt 0.992800 0.433300
vt 0.992800 0.218200
vt 0.997000 0.218200
vt 0.804800 0.879100
vt 0.792800 0.879100
vt 0.792800 0.664100
vt 0.804800 0.664100
vt 0.561700 0.770000
vt 0.566000 0.770000
vt 0.566000 0.993800
vt 0.561700 0.993800
vt 0.579500 0.411700
vt 0.579500 0.194900
vt 0.566600 0.993800
vt 0.566600 0.770000
vt 0.396400 0.573600
vt 0.395700 0.573600
vt 0.395700 0.358600
vt 0.396400 0.358600
vt 0.561100 0.770000
vt 0.561100 0.993800
# 1936 texture coordinates

vn 0.000000 -1.000000 0.000000
vn 0.000000 1.000000 0.000000
vn -1.000000 0.000000 0.000000
vn 0.000000 0.000000 1.000000
vn 1.000000 0.000000 0.000000
vn 0.000000 0.000100 -1.000000
vn -0.577350 -0.577350 -0.577350
vn -0.577350 -0.577350 0.577350
vn 0.577350 -0.577350 -0.577350
vn 0.577350 -0.577350 0.577350
vn -0.577350 0.577350 -0.577350
vn -0.577350 0.577350 0.577350
vn 0.577350 0.577350 -0.577350
vn 0.577350 0.577350 0.577350
vn 0.000000 -0.707108 -0.707105
vn 0.707107 -0.707107 0.000000
vn 0.000000 -0.707109 0.707105
vn -0.707107 -0.707107 0.000000
vn -0.707107 0.707107 0.000000
vn 0.000000 0.707212 0.707001
vn 0.707107 0.707107 0.000000
vn 0.000000 0.707452 -0.706762
vn -0.707107 0.000000 0.707107
vn -0.707107 0.000000 -0.707107
vn 0.707107 0.000000 0.707107
vn 0.707107 0.000000 -0.707107
vn -1.000000 0.000000 0.000000
vn 0.000000 -0.000455 1.000000
vn -0.707108 0.000000 0.707106
vn -0.707107 0.000000 -0.707106
vn 1.000000 0.000000 0.000000
vn 0.707108 0.000000 0.707106
vn 0.707107 0.000000 -0.707106
vn 0.000000 0.000350 1.000000
vn -0.702483 -0.114175 -0.702483
vn 0.000000 -0.160426 -0.987048
vn 0.702483 -0.114175 -0.702483
vn 0.000000 -0.000334 -1.000000
vn 1.000000 0.000000 0.000000
vn 0.000000 -1.000000 0.000000
vn 0.000000 -1.000000 0.000000
vn -1.000000 0.000000 0.000000
vn -0.996922 0.078397 0.000000
vn -0.998032 0.062710 0.000000
vn -1.000000 0.000000 0.000000
vn -1.000000 0.000000 0.000000
vn 0.997457 -0.071268 0.000000
vn 0.997740 -0.067193 0.000000
vn 0.000000 -0.160182 -0.987088
vn 0.000000 -0.160182 -0.987087
vn 0.000000 -0.160182 0.987087
vn 0.000000 -0.160182 0.987088
vn 0.000000 -0.987087 0.160182
vn 0.000000 -0.987087 -0.160182
vn 0.000000 -0.707107 -0.707107
vn 0.000000 -0.707107 0.707107
vn 0.000000 -0.707107 0.707107
vn 1.000000 0.000000 0.000000
vn 0.996922 0.078397 0.000000
vn 0.996922 0.078397 0.000000
vn 0.998271 0.058786 0.000000
vn 0.996922 0.078397 0.000000
vn 1.000000 0.000000 0.000000
vn 1.000000 0.000000 0.000000
vn -0.997320 -0.073170 0.000000
vn -0.998634 -0.052247 0.000000
vn -1.000000 0.000000 0.000000
vn -1.000000 0.000000 0.000000
vn 0.000000 0.000000 1.000000
vn 0.000000 -0.160182 0.987088
vn 0.234844 0.371816 0.898110
vn -0.234844 0.371816 0.898110
vn -0.235544 0.000303 0.971864
vn 0.235544 0.000303 0.971864
vn 0.234541 0.687272 0.687494
vn -0.234541 0.687272 0.687494
vn 0.235181 0.897998 0.371872
vn -0.235181 0.897998 0.371872
vn 0.235323 0.971917 -0.000000
vn -0.235323 0.971917 -0.000000
vn 0.235181 0.897998 -0.371872
vn -0.235181 0.897998 -0.371872
vn 0.234541 0.687272 -0.687494
vn -0.234541 0.687272 -0.687494
vn 0.234845 0.371816 -0.898110
vn -0.234845 0.371816 -0.898110
vn 0.235544 0.000303 -0.971864
vn -0.235544 0.000303 -0.971864
vn 0.235116 -0.372062 -0.897937
vn -0.235116 -0.372062 -0.897937
vn 0.233532 -0.688170 -0.686939
vn -0.233532 -0.688170 -0.686939
vn 0.234162 -0.898336 -0.371700
vn -0.234162 -0.898336 -0.371700
vn 0.235323 -0.971917 -0.000000
vn -0.235324 -0.971917 -0.000000
vn 0.234162 -0.898336 0.371700
vn -0.234162 -0.898336 0.371700
vn 0.233531 -0.688170 0.686939
vn -0.233531 -0.688170 0.686939
vn 0.235115 -0.372062 0.897937
vn -0.235115 -0.372062 0.897937
vn 0.692728 0.275662 0.666437
vn 0.693218 0.000111 0.720728
vn -0.693218 0.000111 0.720728
vn -0.692728 0.275662 0.666437
vn 0.693146 0.509555 0.509806
vn -0.693146 0.509555 0.509806
vn 0.694853 0.664415 0.275196
vn -0.694853 0.664414 0.275196
vn 0.695544 0.718483 -0.000000
vn -0.695544 0.718483 -0.000000
vn 0.694853 0.664415 -0.275196
vn -0.694853 0.664414 -0.275196
vn 0.693147 0.509554 -0.509806
vn -0.693147 0.509554 -0.509806
vn 0.692729 0.275661 -0.666437
vn -0.692729 0.275661 -0.666437
vn 0.693218 0.000111 -0.720728
vn -0.693219 0.000111 -0.720727
vn 0.693587 -0.274984 -0.665823
vn -0.693587 -0.274984 -0.665823
vn 0.693164 -0.509894 -0.509443
vn -0.693164 -0.509894 -0.509443
vn 0.692894 -0.666488 -0.275122
vn -0.692894 -0.666488 -0.275122
vn 0.693057 -0.720883 -0.000000
vn -0.693057 -0.720883 -0.000000
vn 0.692894 -0.666488 0.275122
vn -0.692894 -0.666488 0.275122
vn 0.693164 -0.509894 0.509443
vn -0.693164 -0.509894 0.509443
vn 0.693587 -0.274984 0.665824
vn -0.693587 -0.274984 0.665824
vn -0.869515 0.188637 0.456464
vn -0.869468 0.000000 0.493989
vn 0.869468 0.000000 0.493989
vn 0.869515 0.188637 0.456464
vn -0.870359 0.348165 0.348219
vn 0.870359 0.348165 0.348219
vn -0.872030 0.452169 0.187368
vn 0.872030 0.452169 0.187368
vn -0.872842 0.488003 0.000000
vn 0.872842 0.488003 0.000000
vn -0.872030 0.452169 -0.187368
vn 0.872030 0.452169 -0.187368
vn -0.870359 0.348165 -0.348219
vn 0.870359 0.348165 -0.348219
vn -0.869515 0.188637 -0.456464
vn 0.869515 0.188637 -0.456464
vn -0.869469 0.000000 -0.493988
vn 0.869469 0.000000 -0.493988
vn -0.870431 -0.187449 -0.455206
vn 0.870431 -0.187449 -0.455206
vn -0.871321 -0.346986 -0.346987
vn 0.871321 -0.346986 -0.346987
vn -0.870431 -0.455206 -0.187449
vn 0.870431 -0.455206 -0.187449
vn -0.869469 -0.493988 0.000000
vn 0.869469 -0.493988 0.000000
vn -0.870431 -0.455206 0.187449
vn 0.870431 -0.455206 0.187449
vn -0.871321 -0.346987 0.346987
vn 0.871321 -0.346987 0.346987
vn -0.870431 -0.187449 0.455207
vn 0.870431 -0.187449 0.455207
vn 1.000000 0.000000 0.000000
vn 0.000000 -0.382228 -0.924068
vn 0.000000 0.383638 -0.923484
vn 0.000000 0.924068 -0.382228
vn 0.000000 1.000000 0.000000
vn 0.000000 0.924068 0.382228
vn 0.000000 0.708751 0.705459
vn 0.000000 0.383638 0.923484
vn 0.000000 -0.382228 0.924068
vn 0.000000 -0.382228 0.924068
vn 0.000000 -0.924068 0.382228
vn 0.000000 -1.000000 0.000000
vn 0.000000 -0.924068 -0.382228
vn 0.000000 -0.924068 0.382228
vn 0.000000 0.591479 0.806320
vn 0.000000 0.949695 0.313175
vn 0.000000 0.949695 -0.313176
vn 0.000000 0.585217 -0.810877
vn 0.000000 -0.588466 -0.808522
vn 0.000000 -0.951718 -0.306974
vn 0.000000 -0.951718 0.306973
vn 0.000000 -0.594626 0.804003
vn 0.000000 -0.160182 -0.987088
vn 0.000000 -0.987087 0.160182
vn 0.000000 -0.987087 -0.160182
vn 0.000000 -0.707107 -0.707107
vn 0.000000 -0.707107 -0.707107
vn 0.000000 0.000000 -1.000000
vn 0.000000 0.000000 -1.000000
vn -0.235323 0.971917 -0.000000
vn 0.235323 0.971917 -0.000000
vn -0.235544 0.000303 -0.971864
vn -0.235323 -0.971917 -0.000000
vn 0.235324 -0.971917 -0.000000
vn -0.695544 0.718483 -0.000000
vn 0.695544 0.718483 -0.000000
vn -0.693218 0.000111 -0.720728
vn -0.693057 -0.720883 -0.000000
vn 0.693057 -0.720883 -0.000000
vn -0.872842 0.488003 0.000000
vn -0.869469 0.000000 -0.493988
vn 0.869469 -0.493988 0.000000
vn -0.869469 -0.493988 0.000000
vn 0.000000 -0.924068 -0.382228
vn 0.000000 0.383638 0.923484
vn 0.000000 0.924068 0.382228
# 212 normals

usemtl side_taple_mat
f 1/1/1 2/2/1 3/3/1 4/4/1
f 5/5/2 6/6/2 7/7/2 8/8/2
f 9/9/3 10/10/3 11/11/3 12/12/3
f 13/13/4 14/14/4 15/15/4 16/16/4
f 17/17/5 18/18/5 19/19/5 20/20/5
f 21/21/6 22/22/6 23/23/6 24/24/6
f 9/25/7 22/26/7 1/27/7
f 4/28/8 13/29/8 10/30/8
f 21/31/9 18/32/9 2/33/9
f 3/34/10 17/35/10 14/36/10
f 12/37/11 5/38/11 23/39/11
f 16/40/12 6/41/12 11/42/12
f 24/43/13 8/44/13 19/45/13
f 20/46/14 7/47/14 15/48/14
f 1/1/15 22/49/15 21/50/15 2/2/15
f 2/2/16 18/51/16 17/52/16 3/3/16
f 3/3/17 14/53/17 13/54/17 4/4/17
f 4/4/18 10/55/18 9/56/18 1/1/18
f 5/5/19 12/57/19 11/58/19 6/6/19
f 6/6/20 16/59/20 15/60/20 7/7/20
f 7/7/21 20/61/21 19/62/21 8/8/21
f 8/8/22 24/63/22 23/64/22 5/5/22
f 10/65/23 13/13/23 16/16/23 11/66/23
f 12/12/24 23/67/24 22/68/24 9/9/24
f 14/69/25 17/17/25 20/20/25 15/70/25
f 18/71/26 21/21/26 24/24/26 19/72/26
f 25/73/27 26/74/27 27/75/27 28/76/27
f 29/77/28 30/78/28 31/79/28 32/80/28
f 33/81/5 34/82/5 35/83/5 36/84/5
f 37/85/6 38/86/6 39/87/6 40/88/6
f 26/89/29 29/77/29 32/80/29 27/90/29
f 28/91/30 39/87/30 38/86/30 25/92/30
f 30/78/25 33/93/25 36/94/25 31/79/25
f 34/95/26 37/85/26 40/88/26 35/96/26
f 41/97/31 42/98/31 43/99/31 44/100/31
f 45/101/28 46/102/28 47/103/28 48/104/28
f 49/105/3 50/106/3 51/107/3 52/108/3
f 53/109/6 54/110/6 55/111/6 56/112/6
f 44/113/32 43/114/32 46/102/32 45/101/32
f 42/98/33 41/97/33 56/115/33 55/116/33
f 48/117/23 47/118/23 50/106/23 49/105/23
f 52/108/24 51/107/24 54/119/24 53/120/24
f 57/121/1 58/122/1 59/123/1 60/124/1
f 59/123/1 61/125/1 62/126/1 60/124/1
f 62/126/1 63/127/1 60/124/1
f 64/128/1 57/121/1 60/124/1
f 65/129/27 66/130/27 67/131/27 68/132/27
f 69/133/6 70/134/6 71/135/6 72/136/6
f 73/137/5 74/138/5 75/139/5 76/140/5
f 77/141/34 78/142/34 79/143/34 80/144/34
f 68/145/24 67/146/24 70/134/24 69/133/24
f 66/147/29 65/148/29 80/144/29 79/143/29
f 72/149/26 71/150/26 74/138/26 73/137/26
f 76/151/25 75/152/25 78/142/25 77/141/25
f 81/153/1 82/154/1 83/155/1 84/156/1
f 83/155/1 85/157/1 84/156/1
f 84/156/1 86/158/1 87/159/1 81/153/1
f 88/160/1 81/153/1 87/159/1
f 89/161/31 90/162/31 91/163/31 92/164/31
f 93/165/6 94/166/6 95/167/6 96/168/6
f 97/169/3 98/170/3 99/171/3 100/172/3
f 101/173/34 102/174/34 103/175/34 104/176/34
f 90/177/26 93/165/26 96/168/26 91/178/26
f 92/179/32 103/175/32 102/174/32 89/180/32
f 94/166/24 97/181/24 100/182/24 95/167/24
f 98/183/23 101/173/23 104/176/23 99/184/23
f 77/141/34 80/144/34 60/185/34 63/186/34
f 80/144/29 65/148/29 64/187/23 60/185/23
f 65/129/27 68/132/27 57/188/27 64/189/27
f 68/190/35 69/191/35 58/192/35 57/193/35
f 69/133/36 72/136/36 59/194/36 58/195/36
f 72/196/37 73/197/37 61/198/37 59/199/37
f 73/137/5 76/140/5 62/200/31 61/201/31
f 76/151/25 77/141/25 63/186/32 62/202/32
f 102/174/34 101/173/34 82/203/34 81/204/34
f 101/173/23 98/183/23 83/205/23 82/203/23
f 98/170/3 97/169/3 85/206/3 83/207/3
f 97/208/35 94/209/35 84/210/35 85/211/35
f 94/166/36 93/165/36 86/212/36 84/213/36
f 93/214/37 90/215/37 87/216/37 86/217/37
f 90/162/31 89/161/31 88/218/31 87/219/31
f 89/180/32 102/174/32 81/204/32 88/220/32
f 105/221/38 106/222/38 107/223/38 108/224/38
f 106/222/33 109/225/33 110/226/33 107/223/33
f 109/227/5 111/228/5 112/229/5 110/230/5
f 111/231/25 113/232/25 114/233/25 112/234/25
f 113/232/34 115/235/34 116/236/34 114/233/34
f 115/235/29 117/237/29 118/238/29 116/236/29
f 117/239/3 119/240/3 120/241/3 118/242/3
f 119/243/30 105/221/30 108/224/30 120/244/30
f 121/245/6 122/246/6 123/247/6 124/248/6
f 122/249/26 125/250/26 126/251/26 123/252/26
f 125/250/39 127/253/39 128/254/39 126/251/39
f 127/253/25 129/255/25 130/256/25 128/254/25
f 129/257/4 131/258/4 132/259/4 130/260/4
f 131/261/23 133/262/23 134/263/23 132/264/23
f 133/262/3 135/265/3 136/266/3 134/263/3
f 135/265/24 121/267/24 124/268/24 136/266/24
f 119/269/2 117/270/2 115/271/2 111/272/2
f 115/271/2 113/273/2 111/272/2
f 111/272/2 109/274/2 106/275/2 119/269/2
f 105/276/2 119/269/2 106/275/2
f 110/277/1 112/278/1 114/279/1 118/280/1
f 114/279/1 116/281/1 118/280/1
f 118/280/1 120/282/40 108/283/40 110/277/1
f 107/284/41 110/277/1 108/283/40
f 135/285/2 133/286/2 131/287/2 127/288/2
f 131/287/2 129/289/2 127/288/2
f 127/288/2 125/290/2 122/291/2 135/285/2
f 121/292/2 135/285/2 122/291/2
f 126/293/1 128/294/1 130/295/1 134/296/1
f 130/295/1 132/297/41 134/296/1
f 134/296/1 136/298/1 124/299/1 126/293/1
f 123/300/41 126/293/1 124/299/1
f 137/301/42 138/302/42 139/303/43 140/304/43
f 140/304/43 139/303/43 141/305/44 142/306/44
f 143/307/45 144/308/45 142/306/44 145/309/45
f 142/306/44 141/305/44 146/310/46 145/309/45
f 145/309/45 146/310/46 147/311/46 148/312/46
f 149/313/47 150/314/31 151/315/31 152/316/48
f 153/317/48 149/313/47 152/316/48 154/318/48
f 155/319/39 156/320/39 157/321/39 158/322/39
f 154/318/48 158/322/39 157/321/39 153/317/48
f 159/323/39 160/324/39 153/317/48 157/321/39
f 149/325/6 139/326/6 138/327/6 150/328/6
f 151/329/34 137/330/34 140/331/34 152/332/34
f 153/333/6 141/334/6 139/326/6 149/325/6
f 152/332/34 140/331/34 142/335/34 154/336/34
f 160/337/49 146/338/50 141/334/6 153/333/6
f 154/336/34 142/335/34 144/339/51 158/340/52
f 156/341/53 145/342/53 148/343/54 157/344/54
f 159/345/15 147/346/55 146/338/50 160/337/49
f 143/347/56 155/348/57 158/340/52 144/339/51
f 157/344/54 148/343/54 147/349/55 159/350/15
f 145/342/53 156/341/53 155/351/57 143/352/56
f 161/353/58 162/354/59 163/355/60 164/356/58
f 162/354/59 165/357/61 166/358/62 163/355/60
f 167/359/63 166/358/62 165/357/61 168/360/64
f 165/357/61 169/361/63 170/362/64 168/360/64
f 171/363/63 167/359/63 168/360/64 172/364/63
f 173/365/65 174/366/65 175/367/27 176/368/27
f 177/369/66 178/370/65 174/366/65 173/365/65
f 177/369/66 179/371/3 180/372/67 181/373/68
f 178/370/65 177/369/66 181/373/68 182/374/3
f 181/373/68 183/375/3 184/376/3 182/374/3
f 173/377/38 176/378/6 164/379/38 163/380/38
f 175/381/34 174/382/4 162/383/4 161/384/34
f 177/385/6 173/377/38 163/380/38 166/386/6
f 174/382/4 178/387/69 165/388/69 162/383/4
f 179/389/49 177/385/6 166/386/6 167/390/50
f 178/387/69 182/391/52 169/392/70 165/388/69
f 183/393/53 181/394/54 172/395/54 168/396/53
f 180/397/15 179/389/49 167/390/50 171/398/55
f 170/399/56 169/392/70 182/391/52 184/400/57
f 181/394/54 180/401/15 171/402/55 172/395/54
f 168/396/53 170/403/56 184/404/57 183/393/53
f 185/405/71 186/406/72 187/407/73 188/408/74
f 189/409/75 190/410/76 186/406/72 185/405/71
f 191/411/77 192/412/78 190/413/76 189/414/75
f 193/415/79 194/416/80 192/412/78 191/411/77
f 195/417/81 196/418/82 194/416/80 193/415/79
f 197/419/83 198/420/84 196/418/82 195/417/81
f 199/421/85 200/422/86 198/423/84 197/424/83
f 201/425/87 202/426/88 200/422/86 199/421/85
f 203/427/89 204/428/90 202/426/88 201/425/87
f 205/429/91 206/430/92 204/428/90 203/427/89
f 207/431/93 208/432/94 206/433/92 205/434/91
f 209/435/95 210/436/96 208/432/94 207/431/93
f 211/437/97 212/438/98 210/436/96 209/435/95
f 213/439/99 214/440/100 212/438/98 211/437/97
f 215/441/101 216/442/102 214/443/100 213/444/99
f 188/408/74 187/407/73 216/442/102 215/441/101
f 217/445/68 218/446/67 219/447/27 220/448/27
f 219/447/27 221/449/3 220/448/27
f 220/448/27 222/450/68 223/451/3 224/452/3
f 223/451/3 225/453/3 224/452/3
f 217/445/68 220/448/27 224/452/3 226/454/67
f 224/452/3 227/455/3 228/456/27 226/454/67
f 228/456/27 229/457/67 226/454/67
f 226/454/67 230/458/3 231/459/68 217/445/68
f 232/460/3 217/445/68 231/459/68
f 233/461/31 234/462/39 235/463/39 236/464/31
f 235/463/39 237/465/39 236/464/31
f 236/464/31 238/466/5 239/467/5 240/468/31
f 239/467/5 241/469/39 240/468/31
f 233/461/31 236/464/31 240/468/31 242/470/5
f 240/468/31 243/471/31 244/472/5 242/470/5
f 244/472/5 245/473/39 242/470/5
f 242/470/5 246/474/39 247/475/39 233/461/31
f 248/476/39 233/461/31 247/475/39
f 249/477/103 185/405/71 188/408/74 250/478/104
f 251/479/105 187/407/73 186/406/72 252/480/106
f 253/481/107 189/409/75 185/405/71 249/477/103
f 252/480/106 186/406/72 190/410/76 254/482/108
f 255/483/109 191/411/77 189/414/75 253/484/107
f 254/485/108 190/413/76 192/412/78 256/486/110
f 257/487/111 193/415/79 191/411/77 255/483/109
f 256/486/110 192/412/78 194/416/80 258/488/112
f 259/489/113 195/417/81 193/415/79 257/487/111
f 258/488/112 194/416/80 196/418/82 260/490/114
f 261/491/115 197/419/83 195/417/81 259/489/113
f 260/490/114 196/418/82 198/420/84 262/492/116
f 263/493/117 199/421/85 197/424/83 261/494/115
f 262/495/116 198/423/84 200/422/86 264/496/118
f 265/497/119 201/425/87 199/421/85 263/493/117
f 264/496/118 200/422/86 202/426/88 266/498/120
f 267/499/121 203/427/89 201/425/87 265/497/119
f 266/498/120 202/426/88 204/428/90 268/500/122
f 269/501/123 205/429/91 203/427/89 267/499/121
f 268/500/122 204/428/90 206/430/92 270/502/124
f 271/503/125 207/431/93 205/434/91 269/504/123
f 270/505/124 206/433/92 208/432/94 272/506/126
f 273/507/127 209/435/95 207/431/93 271/503/125
f 272/506/126 208/432/94 210/436/96 274/508/128
f 275/509/129 211/437/97 209/435/95 273/507/127
f 274/508/128 210/436/96 212/438/98 276/510/130
f 277/511/131 213/439/99 211/437/97 275/509/129
f 276/510/130 212/438/98 214/440/100 278/512/132
f 279/513/133 215/441/101 213/444/99 277/514/131
f 278/515/132 214/443/100 216/442/102 280/516/134
f 250/478/104 188/408/74 215/441/101 279/513/133
f 280/516/134 216/442/102 187/407/73 251/479/105
f 251/517/105 252/518/106 281/519/135 282/520/136
f 249/521/103 250/522/104 283/523/137 284/524/138
f 252/518/106 254/525/108 285/526/139 281/519/135
f 253/527/107 249/521/103 284/524/138 286/528/140
f 254/525/108 256/529/110 287/530/141 285/526/139
f 255/531/109 253/527/107 286/528/140 288/532/142
f 256/529/110 258/533/112 289/534/143 287/530/141
f 257/535/111 255/531/109 288/532/142 290/536/144
f 258/533/112 260/537/114 291/538/145 289/534/143
f 259/539/113 257/535/111 290/536/144 292/540/146
f 260/537/114 262/541/116 293/542/147 291/538/145
f 261/543/115 259/539/113 292/540/146 294/544/148
f 262/541/116 264/545/118 295/546/149 293/542/147
f 263/547/117 261/543/115 294/544/148 296/548/150
f 264/545/118 266/549/120 297/550/151 295/546/149
f 265/551/119 263/547/117 296/548/150 298/552/152
f 266/549/120 268/553/122 299/554/153 297/550/151
f 267/555/121 265/551/119 298/552/152 300/556/154
f 268/553/122 270/557/124 301/558/155 299/554/153
f 269/559/123 267/555/121 300/556/154 302/560/156
f 270/557/124 272/561/126 303/562/157 301/558/155
f 271/563/125 269/559/123 302/560/156 304/564/158
f 272/561/126 274/565/128 305/566/159 303/562/157
f 273/567/127 271/563/125 304/564/158 306/568/160
f 274/565/128 276/569/130 307/570/161 305/566/159
f 275/571/129 273/567/127 306/568/160 308/572/162
f 276/569/130 278/573/132 309/574/163 307/570/161
f 277/575/131 275/571/129 308/572/162 310/576/164
f 278/573/132 280/577/134 311/578/165 309/574/163
f 279/579/133 277/575/131 310/576/164 312/580/166
f 280/577/134 251/517/105 282/520/136 311/578/165
f 250/522/104 279/579/133 312/580/166 283/523/137
f 281/519/3 313/581/3 314/582/3 282/520/3
f 282/520/3 314/582/3 315/583/3 311/578/3
f 311/578/3 315/583/3 316/584/3 309/574/3
f 309/574/3 316/584/3 317/585/3 307/570/3
f 307/570/3 317/585/3 318/586/3 305/566/3
f 305/566/3 318/586/3 319/587/3 303/562/3
f 303/562/3 319/587/3 320/588/3 301/558/3
f 301/558/3 320/588/3 321/589/3 299/554/3
f 299/554/3 321/589/3 322/590/3 297/550/3
f 297/550/3 322/590/3 323/591/3 295/546/3
f 295/546/3 323/591/3 324/592/3 293/542/3
f 293/542/3 324/592/3 325/593/3 291/538/3
f 291/538/3 325/593/3 326/594/27 289/534/27
f 289/534/27 326/594/27 327/595/3 287/530/3
f 287/530/3 327/595/3 328/596/68 285/526/68
f 285/526/68 328/596/68 313/581/3 281/519/3
f 283/523/39 329/597/39 330/598/39 284/524/39
f 284/524/39 330/598/39 331/599/39 286/528/39
f 286/528/39 331/599/39 332/600/39 288/532/39
f 288/532/39 332/600/39 333/601/39 290/536/39
f 290/536/39 333/601/39 334/602/5 292/540/5
f 292/540/5 334/602/5 335/603/39 294/544/39
f 294/544/39 335/603/39 336/604/39 296/548/39
f 296/548/39 336/604/39 337/605/39 298/552/39
f 298/552/39 337/605/39 338/606/39 300/556/39
f 300/556/39 338/606/39 339/607/39 302/560/39
f 302/560/39 339/607/39 340/608/39 304/564/39
f 304/564/39 340/608/39 341/609/31 306/568/31
f 306/568/31 341/609/31 342/610/167 308/572/167
f 308/572/167 342/610/167 343/611/5 310/576/5
f 310/576/5 343/611/5 344/612/167 312/580/167
f 312/580/167 344/612/167 329/597/39 283/523/39
f 313/581/3 345/613/3 346/614/3 314/582/3
f 314/582/3 346/614/3 347/615/3 315/583/3
f 315/583/3 347/615/3 348/616/3 316/584/3
f 316/584/3 348/616/3 349/617/3 317/585/3
f 317/585/3 349/617/3 350/618/68 318/586/3
f 318/586/3 350/618/68 351/619/27 319/587/3
f 319/587/3 351/619/27 352/620/27 320/588/3
f 320/588/3 352/620/27 353/621/3 321/589/3
f 321/589/3 353/621/3 354/622/3 322/590/3
f 322/590/3 354/622/3 355/623/3 323/591/3
f 323/591/3 355/623/3 356/624/3 324/592/3
f 324/592/3 356/624/3 357/625/3 325/593/3
f 325/593/3 357/625/3 358/626/3 326/594/27
f 326/594/27 358/626/3 359/627/27 327/595/3
f 327/595/3 359/627/27 360/628/27 328/596/68
f 328/596/68 360/628/27 345/613/3 313/581/3
f 329/597/39 361/629/167 362/630/167 330/598/39
f 330/598/39 362/630/167 363/631/167 331/599/39
f 331/599/39 363/631/167 364/632/39 332/600/39
f 332/600/39 364/632/39 365/633/39 333/601/39
f 333/601/39 365/633/39 366/634/31 334/602/5
f 334/602/5 366/634/31 367/635/31 335/603/39
f 335/603/39 367/635/31 368/636/39 336/604/39
f 336/604/39 368/636/39 369/637/39 337/605/39
f 337/605/39 369/637/39 370/638/39 338/606/39
f 338/606/39 370/638/39 371/639/39 339/607/39
f 339/607/39 371/639/39 372/640/5 340/608/39
f 340/608/39 372/640/5 373/641/5 341/609/31
f 341/609/31 373/641/5 374/642/39 342/610/167
f 342/610/167 374/642/39 375/643/39 343/611/5
f 343/611/5 375/643/39 376/644/167 344/612/167
f 344/612/167 376/644/167 361/629/167 329/597/39
f 345/645/168 218/646/168 217/647/38 346/648/38
f 346/648/38 217/647/38 232/649/169 347/650/169
f 347/650/169 232/649/169 231/651/22 348/652/22
f 348/653/22 231/654/22 230/655/170 349/656/170
f 349/656/170 230/655/170 226/657/171 350/658/171
f 350/658/171 226/657/171 229/659/172 351/660/172
f 351/660/172 229/659/172 228/661/173 352/662/173
f 352/663/173 228/664/173 227/665/174 353/666/174
f 353/666/174 227/665/174 224/667/28 354/668/28
f 354/668/28 224/667/28 225/669/175 355/670/176
f 355/670/176 225/669/175 223/671/17 356/672/17
f 356/673/17 223/674/17 222/675/177 357/676/177
f 357/676/177 222/675/177 220/677/1 358/678/178
f 358/678/178 220/677/1 221/679/179 359/680/179
f 359/680/179 221/679/179 219/681/15 360/682/15
f 360/683/15 219/684/15 218/646/168 345/645/168
f 361/685/6 248/686/6 247/687/168 362/688/168
f 362/688/168 247/687/168 246/689/15 363/690/15
f 363/691/15 246/692/15 242/693/179 364/694/179
f 364/694/179 242/693/179 245/695/1 365/696/1
f 365/696/1 245/695/1 244/697/180 366/698/180
f 366/698/180 244/697/180 243/699/57 367/700/57
f 367/701/57 243/702/57 240/703/175 368/704/175
f 368/704/175 240/703/175 241/705/28 369/706/28
f 369/706/28 241/705/28 239/707/174 370/708/174
f 370/708/174 239/707/174 238/709/173 371/710/173
f 371/711/173 238/712/173 236/713/172 372/714/172
f 372/714/172 236/713/172 237/715/171 373/716/171
f 373/716/171 237/715/171 235/717/170 374/718/170
f 374/718/170 235/717/170 234/719/22 375/720/22
f 375/721/22 234/722/22 233/723/169 376/724/169
f 376/724/169 233/723/169 248/686/6 361/685/6
f 377/725/34 378/726/34 379/727/181 380/728/181
f 380/729/181 379/730/181 381/731/182 382/732/182
f 382/732/182 381/731/182 383/733/183 384/734/183
f 384/734/183 383/733/183 385/735/184 386/736/184
f 386/737/184 385/738/184 387/739/6 388/740/6
f 388/740/6 387/739/6 389/741/185 390/742/185
f 390/743/185 389/744/185 391/745/186 392/746/186
f 392/746/186 391/745/186 393/747/187 394/748/187
f 394/748/187 393/747/187 395/749/188 396/750/188
f 396/751/188 395/752/188 378/726/34 377/725/34
f 377/753/67 380/754/3 382/755/67 386/756/68
f 382/755/67 384/757/68 386/756/68
f 386/756/68 388/758/3 390/759/67 377/753/67
f 390/759/67 392/760/67 394/761/68 377/753/67
f 396/762/3 377/753/67 394/761/68
f 395/763/39 393/764/39 391/765/39 387/766/39
f 391/765/39 389/767/39 387/766/39
f 387/766/39 385/768/39 383/769/39 395/763/39
f 383/769/39 381/770/39 379/771/39 395/763/39
f 378/772/39 395/763/39 379/771/39
f 397/773/58 398/774/60 399/775/60 400/776/58
f 398/774/60 401/777/61 402/778/61 399/775/60
f 403/779/64 402/778/61 401/777/61 404/780/63
f 401/777/61 405/781/63 406/782/63 404/780/63
f 407/783/64 403/779/64 404/780/63 408/784/64
f 409/785/65 410/786/65 411/787/3 412/788/3
f 413/789/65 414/790/65 410/786/65 409/785/65
f 413/789/65 415/791/3 416/792/3 417/793/27
f 414/790/65 413/789/65 417/793/27 418/794/3
f 417/793/27 419/795/3 420/796/3 418/794/3
f 409/797/6 412/798/6 400/799/6 399/800/6
f 411/801/34 410/802/34 398/803/34 397/804/34
f 413/805/6 409/797/6 399/800/6 402/806/6
f 410/802/34 414/807/34 401/808/34 398/803/34
f 415/809/49 413/805/6 402/806/6 403/810/189
f 414/807/34 418/811/52 405/812/51 401/808/34
f 419/813/190 417/814/191 408/815/54 404/816/190
f 416/817/192 415/809/49 403/810/189 407/818/193
f 406/819/56 405/812/51 418/811/52 420/820/17
f 417/814/191 416/821/192 407/822/193 408/815/54
f 404/816/190 406/823/56 420/824/17 419/813/190
f 421/825/42 422/826/42 423/827/43 424/828/43
f 424/828/43 423/827/43 425/829/44 426/830/44
f 427/831/46 428/832/46 426/830/44 429/833/46
f 426/830/44 425/829/44 430/834/46 429/833/46
f 429/833/46 430/834/46 431/835/45 432/836/46
f 433/837/47 434/838/5 435/839/31 436/840/47
f 437/841/47 433/837/47 436/840/47 438/842/47
f 439/843/31 440/844/31 441/845/5 442/846/31
f 438/842/47 442/846/31 441/845/5 437/841/47
f 443/847/39 444/848/39 437/841/47 441/845/5
f 433/849/194 423/850/194 422/851/194 434/852/6
f 435/853/34 421/854/34 424/855/34 436/856/34
f 437/857/195 425/858/6 423/850/194 433/849/194
f 436/856/34 424/855/34 426/859/28 438/860/28
f 444/861/49 430/862/50 425/858/6 437/857/195
f 438/860/28 426/859/28 428/863/51 442/864/52
f 440/865/53 429/866/53 432/867/54 441/868/54
f 443/869/15 431/870/55 430/862/50 444/861/49
f 427/871/56 439/872/57 442/864/52 428/863/51
f 441/868/54 432/867/54 431/873/55 443/874/15
f 429/866/53 440/865/53 439/875/57 427/876/56
f 445/877/72 446/878/73 447/879/74 448/880/71
f 449/881/76 445/877/72 448/880/71 450/882/75
f 451/883/78 449/884/76 450/885/75 452/886/77
f 453/887/196 451/883/78 452/886/77 454/888/197
f 455/889/82 453/887/196 454/888/197 456/890/81
f 457/891/84 455/889/82 456/890/81 458/892/83
f 459/893/86 457/894/84 458/895/83 460/896/85
f 461/897/198 459/893/86 460/896/85 462/898/87
f 463/899/90 461/897/198 462/898/87 464/900/89
f 465/901/92 463/899/90 464/900/89 466/902/91
f 467/903/94 465/904/92 466/905/91 468/906/93
f 469/907/199 467/903/94 468/906/93 470/908/200
f 471/909/98 469/907/199 470/908/200 472/910/97
f 473/911/100 471/909/98 472/910/97 474/912/99
f 475/913/102 473/914/100 474/915/99 476/916/101
f 446/878/73 475/913/102 476/916/101 447/879/74
f 477/917/39 478/918/39 479/919/31 480/920/31
f 479/919/31 481/921/167 482/922/5 483/923/31
f 482/922/5 484/924/39 483/923/31
f 483/923/31 485/925/39 486/926/31 487/927/5
f 486/926/31 488/928/39 487/927/5
f 487/927/5 489/929/39 490/930/39 480/920/31
f 490/930/39 491/931/39 480/920/31
f 483/923/31 487/927/5 480/920/31 479/919/31
f 492/932/39 477/917/39 480/920/31
f 493/933/27 494/934/27 495/935/27 496/936/3
f 495/935/27 497/937/3 498/938/27 499/939/3
f 498/938/27 500/940/3 499/939/3
f 499/939/3 501/941/3 502/942/27 503/943/27
f 502/942/27 504/944/27 503/943/27
f 503/943/27 505/945/27 506/946/3 496/936/3
f 506/946/3 507/947/3 496/936/3
f 499/939/3 503/943/27 496/936/3 495/935/27
f 508/948/3 493/933/27 496/936/3
f 509/949/106 510/950/105 446/878/73 445/877/72
f 511/951/104 512/952/103 448/880/71 447/879/74
f 513/953/108 509/949/106 445/877/72 449/881/76
f 512/952/103 514/954/107 450/882/75 448/880/71
f 515/955/110 513/956/108 449/884/76 451/883/78
f 514/957/107 516/958/109 452/886/77 450/885/75
f 517/959/201 515/955/110 451/883/78 453/887/196
f 516/958/109 518/960/202 454/888/197 452/886/77
f 519/961/114 517/959/201 453/887/196 455/889/82
f 518/960/202 520/962/113 456/890/81 454/888/197
f 521/963/116 519/961/114 455/889/82 457/891/84
f 520/962/113 522/964/115 458/892/83 456/890/81
f 523/965/118 521/966/116 457/894/84 459/893/86
f 522/967/115 524/968/117 460/896/85 458/895/83
f 525/969/203 523/965/118 459/893/86 461/897/198
f 524/968/117 526/970/119 462/898/87 460/896/85
f 527/971/122 525/969/203 461/897/198 463/899/90
f 526/970/119 528/972/121 464/900/89 462/898/87
f 529/973/124 527/971/122 463/899/90 465/901/92
f 528/972/121 530/974/123 466/902/91 464/900/89
f 531/975/126 529/976/124 465/904/92 467/903/94
f 530/977/123 532/978/125 468/906/93 466/905/91
f 533/979/204 531/975/126 467/903/94 469/907/199
f 532/978/125 534/980/205 470/908/200 468/906/93
f 535/981/130 533/979/204 469/907/199 471/909/98
f 534/980/205 536/982/129 472/910/97 470/908/200
f 537/983/132 535/981/130 471/909/98 473/911/100
f 536/982/129 538/984/131 474/912/99 472/910/97
f 539/985/134 537/986/132 473/914/100 475/913/102
f 538/987/131 540/988/133 476/916/101 474/915/99
f 510/950/105 539/985/134 475/913/102 446/878/73
f 540/988/133 511/951/104 447/879/74 476/916/101
f 511/989/104 541/990/137 542/991/138 512/992/103
f 509/993/106 543/994/135 544/995/136 510/996/105
f 512/992/103 542/991/138 545/997/140 514/998/107
f 513/999/108 546/1000/139 543/994/135 509/993/106
f 514/998/107 545/997/140 547/1001/142 516/1002/109
f 515/1003/110 548/1004/141 546/1000/139 513/999/108
f 516/1002/109 547/1001/142 549/1005/144 518/1006/202
f 517/1007/201 550/1008/206 548/1004/141 515/1003/110
f 518/1006/202 549/1005/144 551/1009/146 520/1010/113
f 519/1011/114 552/1012/145 550/1008/206 517/1007/201
f 520/1010/113 551/1009/146 553/1013/148 522/1014/115
f 521/1015/116 554/1016/147 552/1012/145 519/1011/114
f 522/1014/115 553/1013/148 555/1017/150 524/1018/117
f 523/1019/118 556/1020/149 554/1016/147 521/1015/116
f 524/1018/117 555/1017/150 557/1021/152 526/1022/119
f 525/1023/203 558/1024/207 556/1020/149 523/1019/118
f 526/1022/119 557/1021/152 559/1025/154 528/1026/121
f 527/1027/122 560/1028/153 558/1024/207 525/1023/203
f 528/1026/121 559/1025/154 561/1029/156 530/1030/123
f 529/1031/124 562/1032/155 560/1028/153 527/1027/122
f 530/1030/123 561/1029/156 563/1033/158 532/1034/125
f 531/1035/126 564/1036/157 562/1032/155 529/1031/124
f 532/1034/125 563/1033/158 565/1037/208 534/1038/205
f 533/1039/204 566/1040/209 564/1036/157 531/1035/126
f 534/1038/205 565/1037/208 567/1041/162 536/1042/129
f 535/1043/130 568/1044/161 566/1040/209 533/1039/204
f 536/1042/129 567/1041/162 569/1045/164 538/1046/131
f 537/1047/132 570/1048/163 568/1044/161 535/1043/130
f 538/1046/131 569/1045/164 571/1049/166 540/1050/133
f 539/1051/134 572/1052/165 570/1048/163 537/1047/132
f 540/1050/133 571/1049/166 541/990/137 511/989/104
f 510/996/105 544/995/136 572/1052/165 539/1051/134
f 542/991/39 541/990/39 573/1053/39 574/1054/39
f 541/990/39 571/1049/39 575/1055/39 573/1053/39
f 571/1049/39 569/1045/39 576/1056/39 575/1055/39
f 569/1045/39 567/1041/39 577/1057/39 576/1056/39
f 567/1041/39 565/1037/39 578/1058/39 577/1057/39
f 565/1037/39 563/1033/31 579/1059/31 578/1058/39
f 563/1033/31 561/1029/39 580/1060/39 579/1059/31
f 561/1029/39 559/1025/39 581/1061/39 580/1060/39
f 559/1025/39 557/1021/39 582/1062/39 581/1061/39
f 557/1021/39 555/1017/31 583/1063/31 582/1062/39
f 555/1017/31 553/1013/5 584/1064/5 583/1063/31
f 553/1013/5 551/1009/39 585/1065/39 584/1064/5
f 551/1009/39 549/1005/5 586/1066/5 585/1065/39
f 549/1005/5 547/1001/39 587/1067/39 586/1066/5
f 547/1001/39 545/997/39 588/1068/39 587/1067/39
f 545/997/39 542/991/39 574/1054/39 588/1068/39
f 544/995/3 543/994/3 589/1069/3 590/1070/3
f 543/994/3 546/1000/3 591/1071/3 589/1069/3
f 546/1000/3 548/1004/3 592/1072/3 591/1071/3
f 548/1004/3 550/1008/3 593/1073/3 592/1072/3
f 550/1008/3 552/1012/27 594/1074/27 593/1073/3
f 552/1012/27 554/1016/3 595/1075/3 594/1074/27
f 554/1016/3 556/1020/3 596/1076/3 595/1075/3
f 556/1020/3 558/1024/3 597/1077/3 596/1076/3
f 558/1024/3 560/1028/3 598/1078/3 597/1077/3
f 560/1028/3 562/1032/3 599/1079/3 598/1078/3
f 562/1032/3 564/1036/3 600/1080/3 599/1079/3
f 564/1036/3 566/1040/3 601/1081/3 600/1080/3
f 566/1040/3 568/1044/3 602/1082/3 601/1081/3
f 568/1044/3 570/1048/3 603/1083/3 602/1082/3
f 570/1048/3 572/1052/3 604/1084/3 603/1083/3
f 572/1052/3 544/995/3 590/1070/3 604/1084/3
f 574/1054/39 573/1053/39 605/1085/39 606/1086/39
f 573/1053/39 575/1055/39 607/1087/39 605/1085/39
f 575/1055/39 576/1056/39 608/1088/39 607/1087/39
f 576/1056/39 577/1057/39 609/1089/39 608/1088/39
f 577/1057/39 578/1058/39 610/1090/39 609/1089/39
f 578/1058/39 579/1059/31 611/1091/5 610/1090/39
f 579/1059/31 580/1060/39 612/1092/5 611/1091/5
f 580/1060/39 581/1061/39 613/1093/39 612/1092/5
f 581/1061/39 582/1062/39 614/1094/39 613/1093/39
f 582/1062/39 583/1063/31 615/1095/39 614/1094/39
f 583/1063/31 584/1064/5 616/1096/39 615/1095/39
f 584/1064/5 585/1065/39 617/1097/31 616/1096/39
f 585/1065/39 586/1066/5 618/1098/31 617/1097/31
f 586/1066/5 587/1067/39 619/1099/39 618/1098/31
f 587/1067/39 588/1068/39 620/1100/39 619/1099/39
f 588/1068/39 574/1054/39 606/1086/39 620/1100/39
f 590/1070/3 589/1069/3 621/1101/3 622/1102/3
f 589/1069/3 591/1071/3 623/1103/3 621/1101/3
f 591/1071/3 592/1072/3 624/1104/3 623/1103/3
f 592/1072/3 593/1073/3 625/1105/3 624/1104/3
f 593/1073/3 594/1074/27 626/1106/3 625/1105/3
f 594/1074/27 595/1075/3 627/1107/3 626/1106/3
f 595/1075/3 596/1076/3 628/1108/3 627/1107/3
f 596/1076/3 597/1077/3 629/1109/3 628/1108/3
f 597/1077/3 598/1078/3 630/1110/3 629/1109/3
f 598/1078/3 599/1079/3 631/1111/3 630/1110/3
f 599/1079/3 600/1080/3 632/1112/27 631/1111/3
f 600/1080/3 601/1081/3 633/1113/27 632/1112/27
f 601/1081/3 602/1082/3 634/1114/3 633/1113/27
f 602/1082/3 603/1083/3 635/1115/3 634/1114/3
f 603/1083/3 604/1084/3 636/1116/3 635/1115/3
f 604/1084/3 590/1070/3 622/1102/3 636/1116/3
f 606/1117/168 605/1118/38 480/1119/38 491/1120/168
f 605/1118/38 607/1121/169 492/1122/169 480/1119/38
f 607/1121/169 608/1123/22 477/1124/22 492/1122/169
f 608/1125/22 609/1126/170 478/1127/170 477/1128/22
f 609/1126/170 610/1129/2 479/1130/2 478/1127/170
f 610/1129/2 611/1131/172 481/1132/172 479/1130/2
f 611/1131/172 612/1133/173 482/1134/173 481/1132/172
f 612/1135/173 613/1136/174 484/1137/174 482/1138/173
f 613/1136/174 614/1139/28 483/1140/28 484/1137/174
f 614/1139/28 615/1141/175 485/1142/175 483/1140/28
f 615/1141/175 616/1143/57 486/1144/57 485/1142/175
f 616/1145/57 617/1146/180 488/1147/180 486/1148/57
f 617/1146/180 618/1149/1 487/1150/178 488/1147/180
f 618/1149/1 619/1151/179 489/1152/210 487/1150/178
f 619/1151/179 620/1153/15 490/1154/15 489/1152/210
f 620/1155/15 606/1117/168 491/1120/168 490/1156/15
f 622/1157/6 621/1158/168 493/1159/168 508/1160/6
f 621/1158/168 623/1161/15 494/1162/15 493/1159/168
f 623/1163/15 624/1164/179 495/1165/179 494/1166/15
f 624/1164/179 625/1167/1 497/1168/40 495/1165/179
f 625/1167/1 626/1169/180 498/1170/180 497/1168/40
f 626/1169/180 627/1171/57 500/1172/57 498/1170/180
f 627/1173/57 628/1174/175 499/1175/175 500/1176/57
f 628/1174/175 629/1177/28 501/1178/28 499/1175/175
f 629/1177/28 630/1179/211 502/1180/174 501/1178/28
f 630/1179/211 631/1181/20 504/1182/20 502/1180/174
f 631/1183/20 632/1184/172 503/1185/212 504/1186/20
f 632/1184/172 633/1187/171 505/1188/171 503/1185/212
f 633/1187/171 634/1189/170 506/1190/170 505/1188/171
f 634/1189/170 635/1191/22 507/1192/22 506/1190/170
f 635/1193/22 636/1194/169 496/1195/169 507/1196/22
f 636/1194/169 622/1157/6 508/1160/6 496/1195/169
f 637/1197/34 638/1198/181 639/1199/181 640/1200/34
f 638/1201/181 641/1202/182 642/1203/182 639/1204/181
f 641/1202/182 643/1205/183 644/1206/183 642/1203/182
f 643/1205/183 645/1207/184 646/1208/184 644/1206/183
f 645/1209/184 647/1210/6 648/1211/6 646/1212/184
f 647/1210/6 649/1213/185 650/1214/185 648/1211/6
f 649/1215/185 651/1216/186 652/1217/186 650/1218/185
f 651/1216/186 653/1219/187 654/1220/187 652/1217/186
f 653/1219/187 655/1221/188 656/1222/188 654/1220/187
f 655/1223/188 637/1197/34 640/1200/34 656/1224/188
f 653/1225/39 651/1226/39 649/1227/39 637/1228/39
f 649/1227/39 647/1229/39 645/1230/39 637/1228/39
f 645/1230/39 643/1231/39 641/1232/39 637/1228/39
f 641/1232/39 638/1233/39 637/1228/39
f 655/1234/39 653/1225/39 637/1228/39
f 639/1235/3 642/1236/3 644/1237/3 656/1238/3
f 644/1237/3 646/1239/3 648/1240/3 656/1238/3
f 648/1240/3 650/1241/3 652/1242/3 656/1238/3
f 652/1242/3 654/1243/3 656/1238/3
f 640/1244/3 639/1235/3 656/1238/3
f 657/1245/4 658/1246/4 659/1247/4 660/1248/4
f 661/1249/6 662/1250/38 663/1251/38 664/1252/6
f 665/1253/41 666/1254/41 667/1255/41 668/1256/41
f 660/1257/17 666/1254/17 665/1253/17 657/1258/17
f 661/1259/15 668/1256/15 667/1255/15 662/1260/15
f 669/1261/195 670/1262/6 671/1263/6 672/1264/195
f 673/1265/69 674/1266/69 675/1267/69 676/1268/34
f 677/1269/1 678/1270/1 679/1271/1 680/1272/1
f 670/1262/15 669/1261/15 677/1273/15 680/1274/15
f 673/1265/57 676/1268/57 679/1275/57 678/1276/57
f 681/1277/5 682/1278/5 683/1279/5 684/1280/5
f 685/1281/27 686/1282/27 687/1283/27 688/1284/27
f 689/1285/40 690/1286/40 691/1287/40 692/1288/40
f 684/1280/16 690/1289/16 689/1290/16 681/1277/16
f 685/1291/18 692/1288/18 691/1287/18 686/1292/18
f 693/1293/3 694/1294/3 695/1295/3 696/1296/3
f 697/1297/31 698/1298/31 699/1299/31 700/1300/31
f 701/1301/1 702/1302/1 703/1303/1 704/1304/1
f 694/1294/18 693/1293/18 701/1305/18 704/1306/18
f 697/1297/16 700/1300/16 703/1307/16 702/1308/16
f 705/1309/5 706/1310/5 707/1311/5 708/1312/5
f 709/1313/3 710/1314/3 711/1315/3 712/1316/3
f 705/1317/40 708/1318/40 710/1319/40 709/1320/40
f 707/1321/2 706/1322/2 712/1323/2 711/1324/2
f 713/1325/3 714/1326/3 715/1327/3 716/1328/3
f 717/1329/5 718/1330/5 719/1331/5 720/1332/5
f 713/1333/1 717/1334/1 720/1335/1 714/1336/1
f 715/1337/2 719/1338/2 718/1339/2 716/1340/2
f 721/1341/39 722/1342/39 723/1343/39 724/1344/39
f 723/1343/39 725/1345/39 724/1344/39
f 724/1344/39 726/1346/39 727/1347/39 721/1341/39
f 728/1348/39 721/1341/39 727/1347/39
f 729/1349/3 730/1350/3 731/1351/3 732/1352/3
f 731/1351/3 733/1353/3 732/1352/3
f 732/1352/3 734/1354/3 735/1355/3 729/1349/3
f 736/1356/3 729/1349/3 735/1355/3
f 728/1357/1 727/1358/1 730/1359/1 729/1360/1
f 726/1361/4 724/1362/4 733/1363/4 731/1364/4
f 725/1365/2 723/1366/2 734/1367/2 732/1368/2
f 722/1369/6 721/1370/6 736/1371/6 735/1372/6
f 727/1373/17 726/1361/17 731/1364/17 730/1374/17
f 729/1375/15 736/1371/15 721/1370/15 728/1376/15
f 724/1377/20 725/1365/20 732/1368/20 733/1378/20
f 723/1366/22 722/1379/22 735/1380/22 734/1367/22
f 737/1381/39 738/1382/39 739/1383/39 740/1384/39
f 739/1383/39 741/1385/39 740/1384/39
f 740/1384/39 742/1386/39 743/1387/39 737/1381/39
f 744/1388/39 737/1381/39 743/1387/39
f 745/1389/3 746/1390/3 747/1391/3 748/1392/3
f 747/1391/3 749/1393/3 748/1392/3
f 748/1392/3 750/1394/3 751/1395/3 745/1389/3
f 752/1396/3 745/1389/3 751/1395/3
f 744/1397/1 743/1398/1 746/1399/1 745/1400/1
f 742/1401/4 740/1402/4 749/1403/4 747/1404/4
f 741/1405/2 739/1406/2 750/1407/2 748/1408/2
f 738/1409/6 737/1410/6 752/1411/6 751/1412/6
f 743/1413/17 742/1401/17 747/1404/17 746/1414/17
f 745/1415/15 752/1411/15 737/1410/15 744/1416/15
f 740/1417/20 741/1405/20 748/1408/20 749/1418/20
f 739/1406/22 738/1419/22 751/1420/22 750/1407/22
f 753/1421/5 754/1422/39 755/1423/31 756/1424/5
f 755/1423/31 757/1425/5 756/1424/5
f 756/1424/5 758/1426/39 759/1427/31 753/1421/5
f 760/1428/5 753/1421/5 759/1427/31
f 761/1429/27 762/1430/3 763/1431/3 764/1432/27
f 763/1431/3 765/1433/3 764/1432/27
f 764/1432/27 766/1434/3 767/1435/3 761/1429/27
f 768/1436/3 761/1429/27 767/1435/3
f 760/1437/1 759/1438/1 762/1439/1 761/1440/1
f 758/1441/4 756/1442/4 765/1443/4 763/1444/4
f 757/1445/171 755/1446/171 766/1447/171 764/1448/171
f 754/1449/6 753/1450/6 768/1451/6 767/1452/6
f 759/1453/17 758/1441/17 763/1444/17 762/1454/17
f 761/1455/15 768/1451/15 753/1450/15 760/1456/15
f 756/1457/20 757/1445/20 764/1448/20 765/1458/20
f 755/1446/22 754/1459/22 767/1460/22 766/1447/22
f 769/1461/39 770/1462/39 771/1463/39 772/1464/39
f 771/1463/39 773/1465/39 772/1464/39
f 772/1464/39 774/1466/39 775/1467/39 769/1461/39
f 776/1468/39 769/1461/39 775/1467/39
f 777/1469/3 778/1470/3 779/1471/3 780/1472/3
f 779/1471/3 781/1473/3 780/1472/3
f 780/1472/3 782/1474/3 783/1475/3 777/1469/3
f 784/1476/3 777/1469/3 783/1475/3
f 776/1477/1 775/1478/1 778/1479/1 777/1480/1
f 774/1481/4 772/1482/4 781/1483/4 779/1484/4
f 773/1485/2 771/1486/2 782/1487/2 780/1488/2
f 770/1489/6 769/1490/6 784/1491/6 783/1492/6
f 775/1493/17 774/1481/17 779/1484/17 778/1494/17
f 777/1495/15 784/1491/15 769/1490/15 776/1496/15
f 772/1497/20 773/1485/20 780/1488/20 781/1498/20
f 771/1486/22 770/1499/22 783/1500/22 782/1487/22
f 785/1501/5 786/1502/39 787/1503/31 788/1504/5
f 787/1503/31 789/1505/5 788/1504/5
f 788/1504/5 790/1506/39 791/1507/31 785/1501/5
f 792/1508/5 785/1501/5 791/1507/31
f 793/1509/27 794/1510/3 795/1511/3 796/1512/27
f 795/1511/3 797/1513/3 796/1512/27
f 796/1512/27 798/1514/3 799/1515/3 793/1509/27
f 800/1516/3 793/1509/27 799/1515/3
f 792/1517/1 791/1518/1 794/1519/1 793/1520/1
f 790/1521/4 788/1522/4 797/1523/4 795/1524/4
f 789/1525/171 787/1526/171 798/1527/171 796/1528/171
f 786/1529/6 785/1530/6 800/1531/6 799/1532/6
f 791/1533/17 790/1521/17 795/1524/17 794/1534/17
f 793/1535/15 800/1531/15 785/1530/15 792/1536/15
f 788/1537/20 789/1525/20 796/1528/20 797/1538/20
f 787/1526/22 786/1539/22 799/1540/22 798/1527/22
f 801/1541/39 802/1542/39 803/1543/39 804/1544/39
f 803/1543/39 805/1545/39 804/1544/39
f 804/1544/39 806/1546/39 807/1547/39 801/1541/39
f 808/1548/39 801/1541/39 807/1547/39
f 809/1549/3 810/1550/3 811/1551/3 812/1552/3
f 811/1551/3 813/1553/3 812/1552/3
f 812/1552/3 814/1554/3 815/1555/3 809/1549/3
f 816/1556/3 809/1549/3 815/1555/3
f 808/1557/1 807/1558/1 810/1559/1 809/1560/1
f 806/1561/4 804/1562/4 813/1563/4 811/1564/4
f 805/1565/2 803/1566/2 814/1567/2 812/1568/2
f 802/1569/6 801/1570/6 816/1571/6 815/1572/6
f 807/1573/17 806/1561/17 811/1564/17 810/1574/17
f 809/1575/15 816/1571/15 801/1570/15 808/1576/15
f 804/1577/20 805/1565/20 812/1568/20 813/1578/20
f 803/1566/22 802/1579/22 815/1580/22 814/1567/22
f 817/1581/39 818/1582/39 819/1583/39 820/1584/39
f 819/1583/39 821/1585/39 820/1584/39
f 820/1584/39 822/1586/39 823/1587/39 817/1581/39
f 824/1588/39 817/1581/39 823/1587/39
f 825/1589/3 826/1590/3 827/1591/3 828/1592/3
f 827/1591/3 829/1593/3 828/1592/3
f 828/1592/3 830/1594/3 831/1595/3 825/1589/3
f 832/1596/3 825/1589/3 831/1595/3
f 824/1597/1 823/1598/1 826/1599/1 825/1600/1
f 822/1601/4 820/1602/4 829/1603/4 827/1604/4
f 821/1605/2 819/1606/2 830/1607/2 828/1608/2
f 818/1609/6 817/1610/6 832/1611/6 831/1612/6
f 823/1613/17 822/1601/17 827/1604/17 826/1614/17
f 825/1615/15 832/1611/15 817/1610/15 824/1616/15
f 820/1617/20 821/1605/20 828/1608/20 829/1618/20
f 819/1606/22 818/1619/22 831/1620/22 830/1607/22
f 833/1621/5 834/1622/5 835/1623/5 836/1624/5
f 837/1625/3 838/1626/3 839/1627/3 840/1628/3
f 833/1629/1 836/1630/1 838/1631/1 837/1632/1
f 835/1633/2 834/1634/2 840/1635/2 839/1636/2
f 841/1637/3 842/1638/3 843/1639/3 844/1640/3
f 845/1641/5 846/1642/5 847/1643/5 848/1644/5
f 841/1645/1 845/1646/1 848/1647/1 842/1648/1
f 843/1649/2 847/1650/2 846/1651/2 844/1652/2
f 849/1653/39 850/1654/39 851/1655/39 852/1656/39
f 851/1655/39 853/1657/39 852/1656/39
f 852/1656/39 854/1658/39 855/1659/39 849/1653/39
f 856/1660/39 849/1653/39 855/1659/39
f 857/1661/3 858/1662/3 859/1663/3 860/1664/3
f 859/1663/3 861/1665/3 860/1664/3
f 860/1664/3 862/1666/3 863/1667/3 857/1661/3
f 864/1668/3 857/1661/3 863/1667/3
f 856/1669/1 855/1670/1 858/1671/1 857/1672/1
f 854/1673/4 852/1674/4 861/1675/4 859/1676/4
f 853/1677/2 851/1678/2 862/1679/2 860/1680/2
f 850/1681/6 849/1682/6 864/1683/6 863/1684/6
f 855/1670/17 854/1685/17 859/1686/17 858/1671/17
f 857/1687/15 864/1683/15 849/1682/15 856/1688/15
f 852/1689/20 853/1690/20 860/1691/20 861/1692/20
f 851/1693/22 850/1681/22 863/1684/22 862/1694/22
f 865/1695/39 866/1696/39 867/1697/39 868/1698/39
f 867/1697/39 869/1699/39 868/1698/39
f 868/1698/39 870/1700/39 871/1701/39 865/1695/39
f 872/1702/39 865/1695/39 871/1701/39
f 873/1703/3 874/1704/3 875/1705/3 876/1706/3
f 875/1705/3 877/1707/3 876/1706/3
f 876/1706/3 878/1708/3 879/1709/3 873/1703/3
f 880/1710/3 873/1703/3 879/1709/3
f 872/1711/1 871/1712/1 874/1713/1 873/1714/1
f 870/1715/4 868/1716/4 877/1717/4 875/1718/4
f 869/1719/2 867/1720/2 878/1721/2 876/1722/2
f 866/1723/6 865/1724/6 880/1725/6 879/1726/6
f 871/1712/17 870/1727/17 875/1728/17 874/1713/17
f 873/1714/15 880/1729/15 865/1730/15 872/1711/15
f 868/1716/20 869/1731/20 876/1732/20 877/1717/20
f 867/1733/22 866/1723/22 879/1726/22 878/1734/22
f 881/1735/5 882/1736/39 883/1737/31 884/1738/5
f 883/1737/31 885/1739/5 884/1738/5
f 884/1738/5 886/1740/39 887/1741/31 881/1735/5
f 888/1742/5 881/1735/5 887/1741/31
f 889/1743/27 890/1744/3 891/1745/3 892/1746/27
f 891/1745/3 893/1747/3 892/1746/27
f 892/1746/27 894/1748/3 895/1749/3 889/1743/27
f 896/1750/3 889/1743/27 895/1749/3
f 888/1751/1 887/1752/1 890/1753/1 889/1754/1
f 886/1755/4 884/1756/4 893/1757/4 891/1758/4
f 885/1759/2 883/1760/2 894/1761/2 892/1762/2
f 882/1763/6 881/1764/6 896/1765/6 895/1766/6
f 887/1752/17 886/1767/17 891/1768/17 890/1753/17
f 889/1754/15 896/1769/15 881/1770/15 888/1751/15
f 884/1756/20 885/1771/20 892/1772/20 893/1757/20
f 883/1773/22 882/1763/22 895/1766/22 894/1774/22
f 897/1775/39 898/1776/39 899/1777/39 900/1778/39
f 899/1777/39 901/1779/39 900/1778/39
f 900/1778/39 902/1780/39 903/1781/39 897/1775/39
f 904/1782/39 897/1775/39 903/1781/39
f 905/1783/3 906/1784/3 907/1785/3 908/1786/3
f 907/1785/3 909/1787/3 908/1786/3
f 908/1786/3 910/1788/3 911/1789/3 905/1783/3
f 912/1790/3 905/1783/3 911/1789/3
f 904/1791/1 903/1792/1 906/1793/1 905/1794/1
f 902/1795/4 900/1796/4 909/1797/4 907/1798/4
f 901/1799/2 899/1800/2 910/1801/2 908/1802/2
f 898/1803/6 897/1804/6 912/1805/6 911/1806/6
f 903/1792/17 902/1807/17 907/1808/17 906/1793/17
f 905/1794/15 912/1809/15 897/1810/15 904/1791/15
f 900/1796/20 901/1811/20 908/1812/20 909/1797/20
f 899/1813/22 898/1803/22 911/1806/22 910/1814/22
f 913/1815/5 914/1816/39 915/1817/31 916/1818/5
f 915/1817/31 917/1819/5 916/1818/5
f 916/1818/5 918/1820/39 919/1821/31 913/1815/5
f 920/1822/5 913/1815/5 919/1821/31
f 921/1823/27 922/1824/3 923/1825/3 924/1826/27
f 923/1825/3 925/1827/3 924/1826/27
f 924/1826/27 926/1828/3 927/1829/3 921/1823/27
f 928/1830/3 921/1823/27 927/1829/3
f 920/1831/1 919/1832/1 922/1833/1 921/1834/1
f 918/1835/4 916/1836/4 925/1837/4 923/1838/4
f 917/1839/2 915/1840/2 926/1841/2 924/1842/2
f 914/1843/6 913/1844/6 928/1845/6 927/1846/6
f 919/1832/17 918/1847/17 923/1848/17 922/1833/17
f 921/1834/15 928/1849/15 913/1850/15 920/1831/15
f 916/1836/20 917/1851/20 924/1852/20 925/1837/20
f 915/1853/22 914/1843/22 927/1846/22 926/1854/22
f 929/1855/39 930/1856/39 931/1857/39 932/1858/39
f 931/1857/39 933/1859/39 932/1858/39
f 932/1858/39 934/1860/39 935/1861/39 929/1855/39
f 936/1862/39 929/1855/39 935/1861/39
f 937/1863/3 938/1864/3 939/1865/3 940/1866/3
f 939/1865/3 941/1867/3 940/1866/3
f 940/1866/3 942/1868/3 943/1869/3 937/1863/3
f 944/1870/3 937/1863/3 943/1869/3
f 936/1871/1 935/1872/1 938/1873/1 937/1874/1
f 934/1875/4 932/1876/4 941/1877/4 939/1878/4
f 933/1879/2 931/1880/2 942/1881/2 940/1882/2
f 930/1883/6 929/1884/6 944/1885/6 943/1886/6
f 935/1872/17 934/1887/17 939/1888/17 938/1873/17
f 937/1874/15 944/1889/15 929/1890/15 936/1871/15
f 932/1876/20 933/1891/20 940/1892/20 941/1877/20
f 931/1893/22 930/1883/22 943/1886/22 942/1894/22
f 945/1895/39 946/1896/39 947/1897/39 948/1898/39
f 947/1897/39 949/1899/39 948/1898/39
f 948/1898/39 950/1900/39 951/1901/39 945/1895/39
f 952/1902/39 945/1895/39 951/1901/39
f 953/1903/3 954/1904/3 955/1905/3 956/1906/3
f 955/1905/3 957/1907/3 956/1906/3
f 956/1906/3 958/1908/3 959/1909/3 953/1903/3
f 960/1910/3 953/1903/3 959/1909/3
f 952/1911/1 951/1912/1 954/1913/1 953/1914/1
f 950/1915/4 948/1916/4 957/1917/4 955/1918/4
f 949/1919/2 947/1920/2 958/1921/2 956/1922/2
f 946/1923/6 945/1924/6 960/1925/6 959/1926/6
f 951/1912/17 950/1927/17 955/1928/17 954/1913/17
f 953/1929/15 960/1925/15 945/1924/15 952/1930/15
f 948/1931/20 949/1932/20 956/1933/20 957/1934/20
f 947/1935/22 946/1923/22 959/1926/22 958/1936/22

# 886 faces
