# Blender v2.79 (sub 0) OBJ File: 'untitled.blend'
# www.blender.org
mtllib untitled.mtl
o Cube_Cube.003
v -3.841470 -3.951589 3.058301
v -3.841470 -3.951589 -3.058301
v 3.913389 -3.951589 -3.058301
v 3.913389 -3.951589 3.058301
v -3.756421 -4.488437 3.066128
v -3.776924 -4.332704 3.221861
v -3.770919 -4.420482 3.176248
v -3.860695 -4.488437 2.961853
v -4.016428 -4.332704 2.982356
v -3.970815 -4.420482 2.976351
v -3.816062 -4.488437 3.050147
v -3.896676 -4.332704 3.189774
v -3.873065 -4.420482 3.148878
v -3.844714 -4.488437 3.021495
v -3.984341 -4.332704 3.102109
v -3.943445 -4.420482 3.078498
v -3.860695 -4.488437 -2.961853
v -4.016428 -4.332704 -2.982356
v -3.970815 -4.420482 -2.976351
v -3.756421 -4.488437 -3.066128
v -3.776924 -4.332704 -3.221861
v -3.770919 -4.420482 -3.176248
v -3.844714 -4.488437 -3.021495
v -3.984341 -4.332704 -3.102109
v -3.943445 -4.420482 -3.078497
v -3.816062 -4.488437 -3.050147
v -3.896676 -4.332704 -3.189774
v -3.873065 -4.420482 -3.148878
v 3.932614 -4.488437 2.961853
v 4.088348 -4.332704 2.982356
v 4.042735 -4.420482 2.976351
v 3.828340 -4.488437 3.066128
v 3.848843 -4.332704 3.221861
v 3.842838 -4.420482 3.176248
v 3.916633 -4.488437 3.021495
v 4.056260 -4.332704 3.102109
v 4.015365 -4.420482 3.078497
v 3.887981 -4.488437 3.050147
v 3.968595 -4.332704 3.189774
v 3.944984 -4.420482 3.148878
v 3.828341 -4.488437 -3.066128
v 3.848843 -4.332704 -3.221861
v 3.842838 -4.420482 -3.176248
v 3.932614 -4.488437 -2.961853
v 4.088348 -4.332704 -2.982356
v 4.042735 -4.420482 -2.976351
v 3.887981 -4.488437 -3.050147
v 3.968595 -4.332704 -3.189774
v 3.944984 -4.420482 -3.148878
v 3.916633 -4.488437 -3.021495
v 4.056260 -4.332704 -3.102109
v 4.015365 -4.420482 -3.078498
v -3.916315 -3.951589 3.025813
v -4.016428 -4.044952 2.982356
v -3.987107 -3.978935 2.995084
v -3.776924 -4.044952 3.221861
v -3.813858 -3.951589 3.128270
v -3.787742 -3.978935 3.194449
v -3.984341 -4.044952 3.102109
v -3.902588 -3.951589 3.077041
v -3.960396 -3.978935 3.094767
v -3.896676 -4.044952 3.189774
v -3.865086 -3.951589 3.114543
v -3.887423 -3.978935 3.167739
v -3.813858 -3.951589 -3.128270
v -3.776924 -4.044952 -3.221861
v -3.787742 -3.978935 -3.194449
v -4.016428 -4.044952 -2.982356
v -3.916315 -3.951589 -3.025813
v -3.987107 -3.978935 -2.995084
v -3.896676 -4.044952 -3.189774
v -3.865086 -3.951589 -3.114543
v -3.887424 -3.978935 -3.167739
v -3.984341 -4.044952 -3.102109
v -3.902588 -3.951589 -3.077041
v -3.960396 -3.978935 -3.094767
v 3.988234 -3.951589 -3.025813
v 4.088348 -4.044952 -2.982356
v 4.059025 -3.978935 -2.995084
v 3.848843 -4.044952 -3.221861
v 3.885777 -3.951589 -3.128270
v 3.859661 -3.978935 -3.194448
v 4.056260 -4.044952 -3.102109
v 3.974508 -3.951589 -3.077041
v 4.032315 -3.978935 -3.094767
v 3.968595 -4.044952 -3.189774
v 3.937006 -3.951589 -3.114543
v 3.959343 -3.978935 -3.167739
v 3.885777 -3.951589 3.128270
v 3.848843 -4.044952 3.221861
v 3.859661 -3.978935 3.194449
v 4.088348 -4.044952 2.982356
v 3.988234 -3.951589 3.025813
v 4.059025 -3.978935 2.995085
v 3.968596 -4.044952 3.189774
v 3.937006 -3.951589 3.114543
v 3.959343 -3.978935 3.167739
v 4.056260 -4.044952 3.102109
v 3.974507 -3.951589 3.077041
v 4.032315 -3.978935 3.094767
v -3.271688 -3.951589 2.750824
v -3.512565 -3.951589 2.509948
v -3.688525 -3.951589 2.915321
v -3.392127 -3.951589 2.718553
v -3.480294 -3.951589 2.630386
v -3.512565 -3.951589 -2.509948
v -3.271688 -3.951589 -2.750824
v -3.688525 -3.951589 -2.915321
v -3.480294 -3.951589 -2.630386
v -3.392127 -3.951589 -2.718553
v 3.584484 -3.951589 2.509948
v 3.343608 -3.951589 2.750824
v 3.760445 -3.951589 2.915321
v 3.552213 -3.951589 2.630386
v 3.464046 -3.951589 2.718553
v 3.343608 -3.951589 -2.750825
v 3.584484 -3.951589 -2.509948
v 3.760445 -3.951589 -2.915322
v 3.464046 -3.951589 -2.718553
v 3.552213 -3.951589 -2.630386
v -3.372218 -4.448427 2.491472
v -3.512565 -4.308081 2.509948
v -3.471458 -4.407320 2.504536
v -3.253212 -4.448427 2.610478
v -3.271688 -4.308081 2.750824
v -3.266277 -4.407320 2.709718
v -3.354463 -4.448427 2.557738
v -3.480294 -4.308081 2.630386
v -3.443438 -4.407320 2.609108
v -3.319478 -4.448427 2.592722
v -3.392127 -4.308081 2.718553
v -3.370848 -4.407320 2.681698
v -3.253212 -4.448427 -2.610478
v -3.271688 -4.308081 -2.750824
v -3.266277 -4.407320 -2.709718
v -3.372218 -4.448427 -2.491472
v -3.512565 -4.308081 -2.509948
v -3.471458 -4.407320 -2.504536
v -3.319478 -4.448427 -2.592722
v -3.392127 -4.308081 -2.718553
v -3.370848 -4.407320 -2.681698
v -3.354463 -4.448427 -2.557738
v -3.480294 -4.308081 -2.630386
v -3.443438 -4.407320 -2.609108
v 3.444138 -4.448427 -2.491471
v 3.584484 -4.308081 -2.509948
v 3.543378 -4.407320 -2.504536
v 3.325130 -4.448427 -2.610478
v 3.343608 -4.308081 -2.750825
v 3.338196 -4.407320 -2.709718
v 3.426382 -4.448427 -2.557738
v 3.552213 -4.308081 -2.630386
v 3.515357 -4.407320 -2.609108
v 3.391397 -4.448427 -2.592722
v 3.464046 -4.308081 -2.718553
v 3.442768 -4.407320 -2.681698
v 3.325131 -4.448427 2.610478
v 3.343608 -4.308081 2.750824
v 3.338196 -4.407320 2.709718
v 3.444138 -4.448427 2.491472
v 3.584484 -4.308081 2.509948
v 3.543377 -4.407320 2.504536
v 3.391397 -4.448427 2.592722
v 3.464046 -4.308081 2.718553
v 3.442768 -4.407320 2.681698
v 3.426382 -4.448427 2.557738
v 3.552213 -4.308081 2.630386
v 3.515358 -4.407320 2.609108
v 2.709102 -3.772166 -0.355671
v 2.790176 -3.655699 -0.268904
v 2.766430 -3.733289 -0.294318
v 2.464182 -3.772166 -0.203769
v 2.505881 -3.655699 -0.092581
v 2.493668 -3.733289 -0.125147
v 2.179776 -3.772166 -0.157156
v 2.175751 -3.655699 -0.038475
v 2.176930 -3.733289 -0.073236
v 1.899181 -3.772166 -0.222930
v 1.850045 -3.655699 -0.114823
v 1.864437 -3.733289 -0.146486
v 1.665115 -3.772166 -0.391075
v 1.578349 -3.655699 -0.310001
v 1.603762 -3.733289 -0.333747
v 1.513214 -3.772166 -0.635995
v 1.402026 -3.655699 -0.594296
v 1.434592 -3.733289 -0.606509
v 1.466601 -3.772167 -0.920401
v 1.347920 -3.655699 -0.924426
v 1.382681 -3.733289 -0.923247
v 1.532374 -3.772166 -1.200996
v 1.424267 -3.655699 -1.250132
v 1.455931 -3.733289 -1.235740
v 1.700520 -3.772166 -1.435062
v 1.619446 -3.655699 -1.521828
v 1.643192 -3.733289 -1.496415
v 1.945439 -3.772166 -1.586964
v 1.903740 -3.655699 -1.698151
v 1.915954 -3.733289 -1.665585
v 2.229846 -3.772166 -1.633576
v 2.233871 -3.655699 -1.752257
v 2.232692 -3.733289 -1.717497
v 2.510441 -3.772166 -1.567803
v 2.559577 -3.655699 -1.675910
v 2.545185 -3.733289 -1.644246
v 2.744507 -3.772166 -1.399657
v 2.831273 -3.655699 -1.480731
v 2.805860 -3.733289 -1.456985
v 2.896409 -3.772166 -1.154737
v 3.007596 -3.655699 -1.196436
v 2.975030 -3.733289 -1.184223
v 2.943021 -3.772166 -0.870331
v 3.061702 -3.655699 -0.866306
v 3.026941 -3.733289 -0.867485
v 2.877247 -3.772166 -0.589736
v 2.985354 -3.655699 -0.540600
v 2.953691 -3.733289 -0.554992
v 2.337117 -3.643413 -0.542580
v 2.462051 -3.643413 -0.620066
v 2.192040 -3.643413 -0.518803
v 2.048908 -3.643413 -0.552354
v 1.929510 -3.643413 -0.638126
v 1.852025 -3.643413 -0.763060
v 1.828248 -3.643413 -0.908137
v 1.861799 -3.643413 -1.051269
v 1.947570 -3.643413 -1.170667
v 2.072505 -3.643413 -1.248152
v 2.217581 -3.643413 -1.271930
v 2.360714 -3.643413 -1.238378
v 2.480111 -3.643413 -1.152607
v 2.557597 -3.643413 -1.027672
v 2.581374 -3.643413 -0.882596
v 2.547823 -3.643413 -0.739463
v 2.790176 -1.726292 -0.268904
v 2.761968 -1.685769 -0.299093
v 2.781914 -1.697638 -0.277746
v 2.491373 -1.685769 -0.131267
v 2.505881 -1.726292 -0.092581
v 2.501632 -1.697638 -0.103912
v 2.177151 -1.685769 -0.079768
v 2.175751 -1.726292 -0.038475
v 2.176161 -1.697638 -0.050569
v 1.867141 -1.685769 -0.152436
v 1.850045 -1.726292 -0.114823
v 1.855052 -1.697638 -0.125839
v 1.608538 -1.685769 -0.338209
v 1.578349 -1.726292 -0.310001
v 1.587191 -1.697638 -0.318263
v 1.440712 -1.685769 -0.608804
v 1.402026 -1.726292 -0.594296
v 1.413357 -1.697638 -0.598545
v 1.389213 -1.685770 -0.923026
v 1.347920 -1.726292 -0.924426
v 1.360014 -1.697638 -0.924016
v 1.461881 -1.685769 -1.233036
v 1.424267 -1.726292 -1.250132
v 1.435284 -1.697638 -1.245125
v 1.647654 -1.685769 -1.491639
v 1.619446 -1.726292 -1.521828
v 1.627708 -1.697638 -1.512986
v 1.918249 -1.685769 -1.659466
v 1.903740 -1.726292 -1.698151
v 1.907990 -1.697638 -1.686821
v 2.232470 -1.685769 -1.710965
v 2.233871 -1.726292 -1.752257
v 2.233460 -1.697638 -1.740163
v 2.542481 -1.685769 -1.638296
v 2.559577 -1.726292 -1.675910
v 2.554569 -1.697638 -1.664893
v 2.801084 -1.685769 -1.452523
v 2.831273 -1.726292 -1.480731
v 2.822431 -1.697638 -1.472469
v 2.968910 -1.685770 -1.181928
v 3.007596 -1.726292 -1.196436
v 2.996265 -1.697638 -1.192187
v 3.020409 -1.685769 -0.867707
v 3.061702 -1.726292 -0.866306
v 3.049608 -1.697638 -0.866716
v 2.947741 -1.685769 -0.557696
v 2.985354 -1.726292 -0.540600
v 2.974338 -1.697638 -0.545607
v 2.460721 -1.726292 -0.212999
v 2.475229 -1.685769 -0.174313
v 2.464970 -1.697638 -0.201668
v 2.730580 -1.685769 -0.332685
v 2.702371 -1.726292 -0.362873
v 2.710634 -1.697638 -0.354031
v 2.180110 -1.726292 -0.167009
v 2.178710 -1.685769 -0.125716
v 2.179700 -1.697638 -0.154914
v 1.903260 -1.726292 -0.231904
v 1.886164 -1.685769 -0.194290
v 1.898253 -1.697638 -0.220887
v 1.672318 -1.726292 -0.397806
v 1.642130 -1.685769 -0.369597
v 1.663476 -1.697638 -0.389544
v 1.522444 -1.726292 -0.639456
v 1.483758 -1.685769 -0.624948
v 1.511113 -1.697638 -0.635207
v 1.476453 -1.726292 -0.920067
v 1.435161 -1.685769 -0.921467
v 1.464359 -1.697638 -0.920477
v 1.541349 -1.726292 -1.196917
v 1.503735 -1.685769 -1.214013
v 1.530332 -1.697638 -1.201924
v 1.707250 -1.726292 -1.427859
v 1.679042 -1.685769 -1.458048
v 1.698988 -1.697638 -1.436701
v 1.948901 -1.726292 -1.577733
v 1.934393 -1.685769 -1.616419
v 1.944652 -1.697638 -1.589064
v 2.229511 -1.726292 -1.623724
v 2.230912 -1.685770 -1.665017
v 2.229922 -1.697638 -1.635818
v 2.506362 -1.726292 -1.558828
v 2.523458 -1.685769 -1.596442
v 2.511369 -1.697638 -1.569845
v 2.737303 -1.726292 -1.392927
v 2.767492 -1.685769 -1.421135
v 2.746146 -1.697638 -1.401189
v 2.887178 -1.726292 -1.151276
v 2.925864 -1.685769 -1.165784
v 2.898509 -1.697638 -1.155525
v 2.933169 -1.726292 -0.870665
v 2.974461 -1.685769 -0.869265
v 2.945263 -1.697638 -0.870255
v 2.868273 -1.726292 -0.593815
v 2.905887 -1.685769 -0.576719
v 2.879290 -1.697638 -0.588808
v 2.429005 -3.449659 -0.297567
v 2.460721 -3.356812 -0.212999
v 2.451432 -3.419451 -0.237768
v 2.702371 -3.356812 -0.362873
v 2.640707 -3.449659 -0.428867
v 2.684310 -3.419451 -0.382203
v 2.183171 -3.449659 -0.257276
v 2.180110 -3.356812 -0.167009
v 2.181007 -3.419451 -0.193447
v 1.940632 -3.449659 -0.314129
v 1.903260 -3.356812 -0.231904
v 1.914206 -3.419451 -0.255987
v 1.738312 -3.449659 -0.459470
v 1.672318 -3.356812 -0.397806
v 1.691647 -3.419451 -0.415867
v 1.607012 -3.449659 -0.671172
v 1.522444 -3.356812 -0.639456
v 1.547213 -3.419451 -0.648746
v 1.566721 -3.449659 -0.917006
v 1.476453 -3.356813 -0.920067
v 1.502892 -3.419451 -0.919170
v 1.623574 -3.449659 -1.159545
v 1.541349 -3.356812 -1.196917
v 1.565432 -3.419451 -1.185971
v 1.768915 -3.449659 -1.361866
v 1.707250 -3.356812 -1.427859
v 1.725312 -3.419451 -1.408530
v 1.980617 -3.449659 -1.493166
v 1.948901 -3.356812 -1.577734
v 1.958190 -3.419451 -1.552964
v 2.226450 -3.449659 -1.533456
v 2.229511 -3.356812 -1.623724
v 2.228615 -3.419451 -1.597285
v 2.468990 -3.449659 -1.476603
v 2.506362 -3.356812 -1.558828
v 2.495416 -3.419451 -1.534745
v 2.671310 -3.449659 -1.331262
v 2.737304 -3.356812 -1.392927
v 2.717975 -3.419451 -1.374866
v 2.802611 -3.449659 -1.119560
v 2.887178 -3.356812 -1.151276
v 2.862409 -3.419451 -1.141986
v 2.842901 -3.449659 -0.873727
v 2.933169 -3.356812 -0.870665
v 2.906730 -3.419451 -0.871562
v 2.786048 -3.449659 -0.631187
v 2.868273 -3.356812 -0.593815
v 2.844190 -3.419451 -0.604761
v 2.441347 -3.720836 -0.264657
v 2.433336 -3.709754 -0.286019
v 2.437523 -3.714270 -0.274853
v 2.649127 -3.709754 -0.419856
v 2.664704 -3.720836 -0.403185
v 2.657269 -3.714270 -0.411142
v 2.181980 -3.720836 -0.222148
v 2.182753 -3.709754 -0.244950
v 2.182349 -3.714270 -0.233032
v 1.926089 -3.720836 -0.282131
v 1.935529 -3.709754 -0.302901
v 1.930595 -3.714270 -0.292045
v 1.712630 -3.720836 -0.435473
v 1.729300 -3.709754 -0.451050
v 1.720587 -3.714270 -0.442908
v 1.574102 -3.720836 -0.658830
v 1.595464 -3.709754 -0.666841
v 1.584298 -3.714270 -0.662654
v 1.531593 -3.720836 -0.918197
v 1.554395 -3.709754 -0.917424
v 1.542477 -3.714270 -0.917828
v 1.591576 -3.720836 -1.174088
v 1.612346 -3.709754 -1.164648
v 1.601489 -3.714270 -1.169583
v 1.744918 -3.720836 -1.387547
v 1.760494 -3.709754 -1.370877
v 1.752352 -3.714270 -1.379590
v 1.968274 -3.720836 -1.526075
v 1.976286 -3.709754 -1.504713
v 1.972098 -3.714270 -1.515879
v 2.227642 -3.720836 -1.568584
v 2.226868 -3.709754 -1.545782
v 2.227273 -3.714270 -1.557701
v 2.483533 -3.720836 -1.508601
v 2.474093 -3.709754 -1.487831
v 2.479027 -3.714270 -1.498688
v 2.696992 -3.720836 -1.355259
v 2.680321 -3.709754 -1.339683
v 2.689035 -3.714270 -1.347824
v 2.835520 -3.720836 -1.131902
v 2.814158 -3.709754 -1.123891
v 2.825324 -3.714270 -1.128078
v 2.878029 -3.720836 -0.872535
v 2.855227 -3.709754 -0.873309
v 2.867145 -3.714270 -0.872904
v 2.818046 -3.720836 -0.616644
v 2.797276 -3.709754 -0.626084
v 2.808132 -3.714270 -0.621150
v 1.088071 -2.688874 0.105349
v 1.027055 -2.688874 0.103332
v 1.058002 -2.688874 0.091704
v 1.027055 -2.540117 0.103332
v 1.088071 -2.540117 0.105349
v 1.058002 -2.540117 0.091704
v 1.128616 -2.688874 0.212024
v 1.130738 -2.688874 0.151012
v 1.142314 -2.688874 0.181935
v 1.130738 -2.540117 0.151012
v 1.128616 -2.540117 0.212024
v 1.142314 -2.540117 0.181935
v 0.981501 -2.688874 0.145898
v 0.979379 -2.688874 0.206910
v 0.967803 -2.688874 0.175986
v 0.979379 -2.540117 0.206910
v 0.981501 -2.540117 0.145898
v 0.967803 -2.540117 0.175986
v 1.022046 -2.688874 0.252573
v 1.083062 -2.688874 0.254590
v 1.052115 -2.688874 0.266217
v 1.083062 -2.540117 0.254590
v 1.022046 -2.540117 0.252573
v 1.052115 -2.540117 0.266217
v 1.055809 -2.389734 0.076464
v 1.114503 -2.401877 0.080650
v 1.085115 -2.398321 0.066371
v 1.157171 -2.401877 0.126313
v 1.157371 -2.389734 0.185156
v 1.169427 -2.398321 0.156602
v 1.010493 -2.358692 0.177838
v 1.010516 -2.370929 0.118786
v 0.998302 -2.362276 0.147488
v 1.112077 -2.370929 0.227478
v 1.053160 -2.358692 0.223501
v 1.082614 -2.362276 0.237719
v 1.127158 -2.153376 0.009796
v 1.182511 -2.176492 0.017104
v 1.154101 -2.169722 0.001910
v 1.225179 -2.176492 0.062766
v 1.228719 -2.153376 0.118488
v 1.238413 -2.169722 0.092141
v 1.091460 -2.095251 0.102182
v 1.088076 -2.118505 0.046315
v 1.078272 -2.102062 0.072765
v 1.189637 -2.118505 0.155006
v 1.134127 -2.095251 0.147844
v 1.162583 -2.102062 0.162996
v 1.086027 -2.218864 0.192789
v 1.143604 -2.236807 0.198020
v 1.115088 -2.224120 0.207375
v 1.043360 -2.218864 0.147126
v 1.042042 -2.236807 0.089328
v 1.030777 -2.224120 0.117144
v 1.140891 -2.281077 0.055994
v 1.083446 -2.263218 0.050641
v 1.111868 -2.275846 0.041372
v 1.183558 -2.281077 0.101656
v 1.185007 -2.263218 0.159333
v 1.196180 -2.275846 0.131603
v 1.215150 -2.024281 -0.072423
v 1.259926 -2.062915 -0.055233
v 1.234614 -2.051599 -0.073322
v 1.302594 -2.062915 -0.009570
v 1.316711 -2.024281 0.036268
v 1.318926 -2.051599 0.016909
v 1.208056 -1.932190 -0.006765
v 1.193844 -1.970586 -0.052516
v 1.191696 -1.943436 -0.033219
v 1.295406 -1.970586 0.056176
v 1.250723 -1.932190 0.038898
v 1.276008 -1.943436 0.057012
v 1.339290 -1.966094 -0.188420
v 1.370902 -2.010899 -0.158928
v 1.349446 -1.997776 -0.180620
v 1.413569 -2.010899 -0.113266
v 1.440852 -1.966094 -0.079728
v 1.433758 -1.997776 -0.090389
v 1.363731 -1.862466 -0.152228
v 1.336422 -1.906728 -0.185740
v 1.343535 -1.875430 -0.175097
v 1.437984 -1.906728 -0.077048
v 1.406398 -1.862466 -0.106565
v 1.427847 -1.875430 -0.084866
v 1.438997 -1.973892 -0.281586
v 1.463527 -2.018142 -0.245477
v 1.444145 -2.005182 -0.269107
v 1.506194 -2.018142 -0.199814
v 1.540559 -1.973892 -0.172895
v 1.528457 -2.005181 -0.178876
v 1.479870 -1.871076 -0.260747
v 1.445562 -1.914819 -0.287720
v 1.457624 -1.883889 -0.281701
v 1.547123 -1.914819 -0.179028
v 1.522537 -1.871076 -0.215085
v 1.541935 -1.883889 -0.191470
v 1.475397 -2.022202 -0.345603
v 1.499927 -2.066452 -0.309494
v 1.480545 -2.053492 -0.333124
v 1.572530 -2.066452 -0.231794
v 1.606895 -2.022202 -0.204874
v 1.594793 -2.053492 -0.210855
v 1.521087 -1.876038 -0.329265
v 1.486779 -1.919781 -0.356238
v 1.498841 -1.888850 -0.350219
v 1.618276 -1.919781 -0.215509
v 1.593690 -1.876038 -0.251565
v 1.613088 -1.888850 -0.227951
v 1.478659 -2.062101 -0.395180
v 1.503189 -2.106351 -0.359071
v 1.483806 -2.093390 -0.382701
v 1.622215 -2.106351 -0.231689
v 1.656579 -2.062101 -0.204769
v 1.644477 -2.093390 -0.210750
v 1.531818 -1.848714 -0.385822
v 1.497510 -1.892458 -0.412795
v 1.509572 -1.861527 -0.406776
v 1.675430 -1.892458 -0.222384
v 1.650844 -1.848714 -0.258440
v 1.670242 -1.861527 -0.234826
v 1.523336 -2.150074 -0.431276
v 1.498806 -2.105824 -0.467385
v 1.503954 -2.137113 -0.454906
v 1.729982 -2.105824 -0.219978
v 1.695618 -2.150074 -0.246898
v 1.717881 -2.137113 -0.225960
v 1.526227 -1.859063 -0.493007
v 1.560535 -1.815320 -0.466034
v 1.538289 -1.828132 -0.486988
v 1.732817 -1.815320 -0.281657
v 1.757403 -1.859063 -0.245600
v 1.752216 -1.828132 -0.258042
v 1.104157 -2.953057 0.090318
v 1.043141 -2.953057 0.088302
v 1.074088 -2.953057 0.076674
v 1.144702 -2.953057 0.196993
v 1.146824 -2.953057 0.135981
v 1.158400 -2.953057 0.166905
v 0.997587 -2.953057 0.130867
v 0.995465 -2.953057 0.191880
v 0.983889 -2.953057 0.160956
v 1.038132 -2.953057 0.237542
v 1.099148 -2.953057 0.239559
v 1.068201 -2.953057 0.251187
v 1.136241 -3.084482 0.060339
v 1.079644 -3.102585 0.054193
v 1.107467 -3.089784 0.045485
v 1.181206 -3.102585 0.162885
v 1.178908 -3.084482 0.106002
v 1.191778 -3.089784 0.135716
v 1.036627 -3.131268 0.094388
v 1.038529 -3.149635 0.151641
v 1.025774 -3.144256 0.121818
v 1.081196 -3.149635 0.197304
v 1.138189 -3.131268 0.203080
v 1.110086 -3.144256 0.212049
v 1.200532 -3.221870 0.000265
v 1.149012 -3.250822 -0.010624
v 1.173245 -3.230350 -0.015978
v 1.250573 -3.250822 0.098068
v 1.243199 -3.221870 0.045928
v 1.257556 -3.230350 0.074253
v 1.114946 -3.295503 0.021207
v 1.122058 -3.324797 0.073591
v 1.107778 -3.316217 0.045194
v 1.164725 -3.324797 0.119254
v 1.216507 -3.295503 0.129899
v 1.192089 -3.316217 0.135425
v 1.318458 -3.323965 -0.109925
v 1.281113 -3.365188 -0.134059
v 1.295323 -3.336039 -0.130047
v 1.382675 -3.365188 -0.025368
v 1.361125 -3.323965 -0.064262
v 1.379634 -3.336039 -0.039816
v 1.269391 -3.426374 -0.123106
v 1.290890 -3.467858 -0.084165
v 1.272396 -3.455708 -0.108624
v 1.333557 -3.467858 -0.038502
v 1.370952 -3.426374 -0.014414
v 1.356707 -3.455708 -0.018393
v 1.200381 -3.408836 0.000406
v 1.186596 -3.372382 -0.045743
v 1.184146 -3.398159 -0.026164
v 1.243048 -3.408836 0.046069
v 1.288157 -3.372382 0.062949
v 1.268458 -3.398159 0.064067
v 1.296069 -3.285426 -0.003473
v 1.309796 -3.322015 0.042730
v 1.312287 -3.296143 0.023113
v 1.253402 -3.285426 -0.049136
v 1.208235 -3.322015 -0.065962
v 1.227975 -3.296143 -0.067118
v 1.454837 -3.309266 -0.250374
v 1.429305 -3.349278 -0.285547
v 1.435161 -3.320985 -0.273729
v 1.543853 -3.349278 -0.162956
v 1.510491 -3.309266 -0.190812
v 1.532460 -3.320985 -0.169600
v 1.437554 -3.433578 -0.293255
v 1.471109 -3.475560 -0.265579
v 1.449084 -3.463264 -0.286738
v 1.526763 -3.475560 -0.206017
v 1.552102 -3.433578 -0.170664
v 1.546382 -3.463264 -0.182609
v 1.497602 -3.225960 -0.343160
v 1.472070 -3.265973 -0.378333
v 1.477926 -3.237679 -0.366516
v 1.639324 -3.265972 -0.199337
v 1.605962 -3.225960 -0.227193
v 1.627931 -3.237679 -0.205980
v 1.487806 -3.426787 -0.393037
v 1.521361 -3.468769 -0.365362
v 1.499336 -3.456473 -0.386521
v 1.629722 -3.468769 -0.249394
v 1.655061 -3.426787 -0.214041
v 1.649341 -3.456473 -0.225985
v 1.496351 -3.210930 -0.466892
v 1.521882 -3.170918 -0.431719
v 1.502207 -3.182637 -0.455074
v 1.695961 -3.170918 -0.245418
v 1.729324 -3.210930 -0.217562
v 1.717930 -3.182637 -0.224206
v 1.554978 -3.509134 -0.462643
v 1.521423 -3.467151 -0.490319
v 1.532953 -3.496837 -0.483803
v 1.754396 -3.467151 -0.240990
v 1.729057 -3.509134 -0.276343
v 1.748676 -3.496837 -0.252934
v -1.510728 -3.772167 -0.603944
v -1.510728 -3.655699 -0.722694
v -1.510728 -3.733289 -0.687913
v -1.228065 -3.772167 -0.547719
v -1.182621 -3.655699 -0.657430
v -1.195931 -3.733289 -0.625296
v -0.988435 -3.772167 -0.387604
v -0.904466 -3.655699 -0.471572
v -0.929060 -3.733289 -0.446978
v -0.828319 -3.772167 -0.147973
v -0.718609 -3.655699 -0.193417
v -0.750742 -3.733289 -0.180107
v -0.772094 -3.772167 0.134690
v -0.653344 -3.655699 0.134690
v -0.688125 -3.733289 0.134690
v -0.828319 -3.772167 0.417353
v -0.718609 -3.655699 0.462797
v -0.750742 -3.733289 0.449486
v -0.988435 -3.772167 0.656983
v -0.904466 -3.655699 0.740952
v -0.929060 -3.733289 0.716358
v -1.228065 -3.772167 0.817099
v -1.182621 -3.655699 0.926809
v -1.195931 -3.733289 0.894676
v -1.510728 -3.772167 0.873324
v -1.510728 -3.655699 0.992074
v -1.510728 -3.733289 0.957293
v -1.793391 -3.772167 0.817099
v -1.838834 -3.655699 0.926809
v -1.825524 -3.733289 0.894676
v -2.033021 -3.772167 0.656983
v -2.116990 -3.655699 0.740952
v -2.092396 -3.733289 0.716358
v -2.193137 -3.772167 0.417353
v -2.302847 -3.655699 0.462797
v -2.270714 -3.733289 0.449486
v -2.249362 -3.772167 0.134690
v -2.368112 -3.655699 0.134690
v -2.333331 -3.733289 0.134690
v -2.193137 -3.772167 -0.147974
v -2.302847 -3.655699 -0.193417
v -2.270714 -3.733289 -0.180107
v -2.033021 -3.772167 -0.387604
v -2.116990 -3.655699 -0.471572
v -2.092396 -3.733289 -0.446978
v -1.793391 -3.772167 -0.547719
v -1.838834 -3.655699 -0.657430
v -1.825524 -3.733289 -0.625296
v -1.366540 -3.643413 -0.213409
v -1.510728 -3.643413 -0.242090
v -1.244304 -3.643413 -0.131734
v -1.162629 -3.643413 -0.009498
v -1.133948 -3.643413 0.134690
v -1.162629 -3.643413 0.278877
v -1.244304 -3.643413 0.401113
v -1.366540 -3.643413 0.482789
v -1.510728 -3.643413 0.511470
v -1.654915 -3.643413 0.482789
v -1.777151 -3.643413 0.401114
v -1.858827 -3.643413 0.278877
v -1.887508 -3.643413 0.134690
v -1.858827 -3.643413 -0.009498
v -1.777151 -3.643413 -0.131734
v -1.654915 -3.643413 -0.213409
v -1.510728 -1.726293 -0.722694
v -1.510728 -1.685770 -0.681377
v -1.510728 -1.697639 -0.710593
v -1.198433 -1.685770 -0.619258
v -1.182621 -1.726293 -0.657430
v -1.187252 -1.697639 -0.646249
v -0.933681 -1.685770 -0.442357
v -0.904466 -1.726293 -0.471572
v -0.913023 -1.697639 -0.463015
v -0.756780 -1.685770 -0.177606
v -0.718609 -1.726293 -0.193417
v -0.729789 -1.697639 -0.188786
v -0.694661 -1.685770 0.134690
v -0.653344 -1.726293 0.134690
v -0.665446 -1.697639 0.134690
v -0.756780 -1.685770 0.446985
v -0.718609 -1.726293 0.462797
v -0.729789 -1.697639 0.458166
v -0.933681 -1.685770 0.711736
v -0.904466 -1.726293 0.740952
v -0.913023 -1.697639 0.732395
v -1.198433 -1.685770 0.888637
v -1.182621 -1.726293 0.926809
v -1.187252 -1.697639 0.915629
v -1.510728 -1.685770 0.950757
v -1.510728 -1.726293 0.992074
v -1.510728 -1.697639 0.979972
v -1.823023 -1.685770 0.888638
v -1.838834 -1.726293 0.926809
v -1.834203 -1.697639 0.915629
v -2.087774 -1.685770 0.711737
v -2.116990 -1.726293 0.740952
v -2.108433 -1.697639 0.732395
v -2.264676 -1.685770 0.446985
v -2.302847 -1.726293 0.462797
v -2.291667 -1.697639 0.458166
v -2.326795 -1.685770 0.134690
v -2.368112 -1.726293 0.134690
v -2.356010 -1.697639 0.134690
v -2.264676 -1.685770 -0.177606
v -2.302847 -1.726293 -0.193417
v -2.291667 -1.697639 -0.188786
v -2.087774 -1.685770 -0.442357
v -2.116990 -1.726293 -0.471572
v -2.108433 -1.697639 -0.463015
v -1.823023 -1.685770 -0.619258
v -1.838834 -1.726293 -0.657430
v -1.834203 -1.697639 -0.646250
v -1.231837 -1.726293 -0.538612
v -1.216026 -1.685770 -0.576783
v -1.227206 -1.697639 -0.549792
v -1.510728 -1.685770 -0.635403
v -1.510728 -1.726293 -0.594087
v -1.510728 -1.697639 -0.606188
v -0.995405 -1.726293 -0.380633
v -0.966190 -1.685770 -0.409848
v -0.986848 -1.697639 -0.389190
v -0.837426 -1.726293 -0.144201
v -0.799255 -1.685770 -0.160012
v -0.826246 -1.697639 -0.148832
v -0.781952 -1.726293 0.134690
v -0.740635 -1.685770 0.134690
v -0.769850 -1.697639 0.134690
v -0.837426 -1.726293 0.413580
v -0.799255 -1.685770 0.429392
v -0.826246 -1.697639 0.418211
v -0.995405 -1.726293 0.650012
v -0.966190 -1.685770 0.679228
v -0.986848 -1.697639 0.658569
v -1.231837 -1.726293 0.807991
v -1.216026 -1.685770 0.846163
v -1.227206 -1.697639 0.819171
v -1.510728 -1.726293 0.863466
v -1.510728 -1.685770 0.904783
v -1.510728 -1.697639 0.875568
v -1.789618 -1.726293 0.807991
v -1.805429 -1.685770 0.846163
v -1.794249 -1.697639 0.819172
v -2.026051 -1.726293 0.650013
v -2.055266 -1.685770 0.679228
v -2.034607 -1.697639 0.658570
v -2.184030 -1.726293 0.413581
v -2.222201 -1.685770 0.429392
v -2.195210 -1.697639 0.418212
v -2.239504 -1.726293 0.134690
v -2.280821 -1.685770 0.134690
v -2.251606 -1.697639 0.134690
v -2.184030 -1.726293 -0.144201
v -2.222201 -1.685770 -0.160012
v -2.195210 -1.697639 -0.148832
v -2.026051 -1.726293 -0.380633
v -2.055266 -1.685770 -0.409848
v -2.034607 -1.697639 -0.389190
v -1.789618 -1.726293 -0.538612
v -1.805429 -1.685770 -0.576783
v -1.794249 -1.697639 -0.549792
v -1.266401 -3.449659 -0.455167
v -1.231837 -3.356813 -0.538612
v -1.241961 -3.419451 -0.514171
v -1.510728 -3.356813 -0.594087
v -1.510728 -3.449659 -0.503767
v -1.510728 -3.419451 -0.567633
v -1.059271 -3.449659 -0.316767
v -0.995405 -3.356813 -0.380633
v -1.014111 -3.419451 -0.361927
v -0.920871 -3.449659 -0.109637
v -0.837427 -3.356813 -0.144201
v -0.861867 -3.419451 -0.134077
v -0.872271 -3.449659 0.134690
v -0.781952 -3.356813 0.134690
v -0.808406 -3.419451 0.134690
v -0.920871 -3.449659 0.379017
v -0.837427 -3.356813 0.413580
v -0.861867 -3.419451 0.403457
v -1.059271 -3.449659 0.586147
v -0.995405 -3.356813 0.650012
v -1.014111 -3.419451 0.631307
v -1.266401 -3.449659 0.724547
v -1.231837 -3.356813 0.807991
v -1.241961 -3.419451 0.783551
v -1.510728 -3.449659 0.773147
v -1.510728 -3.356813 0.863466
v -1.510728 -3.419451 0.837012
v -1.755055 -3.449659 0.724547
v -1.789618 -3.356813 0.807991
v -1.779495 -3.419451 0.783551
v -1.962185 -3.449659 0.586147
v -2.026051 -3.356813 0.650013
v -2.007345 -3.419451 0.631307
v -2.100585 -3.449659 0.379017
v -2.184030 -3.356813 0.413581
v -2.159589 -3.419451 0.403457
v -2.149185 -3.449659 0.134690
v -2.239504 -3.356813 0.134690
v -2.213050 -3.419451 0.134690
v -2.100585 -3.449659 -0.109637
v -2.184030 -3.356813 -0.144201
v -2.159589 -3.419451 -0.134077
v -1.962185 -3.449659 -0.316767
v -2.026051 -3.356813 -0.380633
v -2.007345 -3.419451 -0.361927
v -1.755055 -3.449659 -0.455168
v -1.789618 -3.356813 -0.538612
v -1.779495 -3.419451 -0.514172
v -1.252951 -3.720837 -0.487640
v -1.261682 -3.709754 -0.466561
v -1.257118 -3.714270 -0.477579
v -1.510728 -3.709754 -0.516100
v -1.510728 -3.720837 -0.538915
v -1.510728 -3.714270 -0.528026
v -1.034417 -3.720837 -0.341621
v -1.050550 -3.709754 -0.325488
v -1.042118 -3.714270 -0.333921
v -0.888398 -3.720837 -0.123088
v -0.909477 -3.709754 -0.114357
v -0.898459 -3.714270 -0.118920
v -0.837123 -3.720837 0.134690
v -0.859938 -3.709754 0.134690
v -0.848013 -3.714270 0.134690
v -0.888398 -3.720837 0.392467
v -0.909477 -3.709754 0.383736
v -0.898459 -3.714270 0.388300
v -1.034417 -3.720837 0.611000
v -1.050550 -3.709754 0.594868
v -1.042118 -3.714270 0.603300
v -1.252951 -3.720837 0.757019
v -1.261682 -3.709754 0.735941
v -1.257118 -3.714270 0.746959
v -1.510728 -3.720837 0.808295
v -1.510728 -3.709754 0.785480
v -1.510728 -3.714270 0.797405
v -1.768505 -3.720837 0.757020
v -1.759774 -3.709754 0.735941
v -1.764338 -3.714270 0.746959
v -1.987038 -3.720837 0.611000
v -1.970906 -3.709754 0.594868
v -1.979338 -3.714270 0.603300
v -2.133058 -3.720837 0.392467
v -2.111979 -3.709754 0.383736
v -2.122997 -3.714270 0.388300
v -2.184333 -3.720837 0.134690
v -2.161518 -3.709754 0.134690
v -2.173443 -3.714270 0.134690
v -2.133058 -3.720837 -0.123088
v -2.111979 -3.709754 -0.114357
v -2.122997 -3.714270 -0.118921
v -1.987038 -3.720837 -0.341621
v -1.970906 -3.709754 -0.325488
v -1.979338 -3.714270 -0.333921
v -1.768505 -3.720837 -0.487640
v -1.759774 -3.709754 -0.466562
v -1.764338 -3.714270 -0.477579
v -0.011541 -2.688874 0.165937
v 0.031665 -2.688874 0.209068
v 0.001114 -2.688874 0.196436
v 0.031665 -2.540117 0.209068
v -0.011541 -2.540117 0.165937
v 0.001114 -2.540117 0.196436
v 0.031665 -2.688874 0.060311
v -0.011541 -2.688874 0.103443
v 0.001114 -2.688874 0.072944
v -0.011541 -2.540117 0.103443
v 0.031665 -2.540117 0.060311
v 0.001114 -2.540117 0.072944
v 0.094011 -2.688874 0.209068
v 0.137216 -2.688874 0.165937
v 0.124562 -2.688874 0.196436
v 0.137216 -2.540117 0.165937
v 0.094011 -2.540117 0.209068
v 0.124562 -2.540117 0.196436
v 0.137216 -2.688874 0.103443
v 0.094011 -2.688874 0.060311
v 0.124562 -2.688874 0.072944
v 0.094011 -2.540117 0.060311
v 0.137216 -2.540117 0.103443
v 0.124562 -2.540117 0.072944
v -0.007689 -2.389734 0.209068
v -0.047716 -2.401877 0.165937
v -0.035993 -2.398321 0.196436
v -0.047716 -2.401877 0.103443
v -0.007689 -2.389734 0.060311
v -0.035993 -2.398321 0.072944
v 0.094634 -2.358692 0.165937
v 0.054300 -2.370929 0.209068
v 0.082821 -2.362276 0.196436
v 0.054300 -2.370929 0.060311
v 0.094634 -2.358692 0.103443
v 0.082821 -2.362276 0.072944
v -0.105337 -2.153376 0.209068
v -0.140793 -2.176492 0.165937
v -0.130408 -2.169722 0.196436
v -0.140793 -2.176492 0.103443
v -0.105337 -2.153376 0.060311
v -0.130408 -2.169722 0.072944
v -0.016180 -2.095251 0.165937
v -0.051849 -2.118505 0.209068
v -0.026627 -2.102062 0.196436
v -0.051849 -2.118505 0.060311
v -0.016180 -2.095251 0.103443
v -0.026627 -2.102062 0.072944
v 0.049651 -2.218864 0.103443
v 0.011153 -2.236807 0.060311
v 0.038375 -2.224120 0.072944
v 0.049651 -2.218864 0.165937
v 0.011153 -2.236807 0.209068
v 0.038375 -2.224120 0.196436
v -0.083831 -2.281077 0.165937
v -0.045512 -2.263218 0.209068
v -0.072608 -2.275846 0.196436
v -0.083831 -2.281077 0.103443
v -0.045512 -2.263218 0.060311
v -0.072608 -2.275846 0.072944
v -0.225764 -2.024281 0.209068
v -0.246744 -2.062915 0.165937
v -0.240599 -2.051599 0.196436
v -0.246744 -2.062915 0.103443
v -0.225764 -2.024281 0.060311
v -0.240599 -2.051599 0.072944
v -0.175754 -1.932190 0.165937
v -0.196605 -1.970586 0.209068
v -0.181861 -1.943436 0.196436
v -0.196605 -1.970586 0.060311
v -0.175754 -1.932190 0.103443
v -0.181861 -1.943436 0.072944
v -0.395664 -1.966094 0.209068
v -0.398627 -2.010899 0.165937
v -0.397759 -1.997776 0.196436
v -0.398627 -2.010899 0.103443
v -0.395664 -1.966094 0.060311
v -0.397759 -1.997776 0.072944
v -0.388812 -1.862466 0.165937
v -0.391739 -1.906728 0.209068
v -0.389670 -1.875430 0.196436
v -0.391739 -1.906728 0.060311
v -0.388812 -1.862466 0.103443
v -0.389670 -1.875430 0.072944
v -0.532125 -1.973892 0.209068
v -0.525395 -2.018142 0.165937
v -0.527366 -2.005182 0.196436
v -0.525395 -2.018142 0.103443
v -0.532125 -1.973892 0.060311
v -0.527366 -2.005182 0.072944
v -0.547761 -1.871077 0.165937
v -0.541109 -1.914819 0.209068
v -0.545813 -1.883889 0.196436
v -0.541109 -1.914819 0.060311
v -0.547761 -1.871077 0.103443
v -0.545813 -1.883889 0.072944
v -0.602428 -2.022202 0.230992
v -0.595698 -2.066453 0.187861
v -0.597669 -2.053492 0.218359
v -0.595698 -2.066453 0.081519
v -0.602428 -2.022202 0.038388
v -0.597669 -2.053492 0.051021
v -0.624657 -1.876038 0.187861
v -0.618004 -1.919781 0.230992
v -0.622708 -1.888850 0.218359
v -0.618004 -1.919781 0.038388
v -0.624657 -1.876038 0.081519
v -0.622708 -1.888850 0.051021
v -0.638659 -2.062101 0.264990
v -0.631929 -2.106351 0.221858
v -0.633900 -2.093390 0.252357
v -0.631929 -2.106351 0.047521
v -0.638659 -2.062101 0.004390
v -0.633900 -2.093390 0.017023
v -0.671111 -1.848715 0.221858
v -0.664459 -1.892458 0.264990
v -0.669163 -1.861527 0.252357
v -0.664459 -1.892458 0.004390
v -0.671111 -1.848715 0.047521
v -0.669163 -1.861527 0.017023
v -0.695946 -2.150074 0.260861
v -0.702676 -2.105824 0.303992
v -0.697917 -2.137114 0.291359
v -0.702676 -2.105824 -0.034612
v -0.695946 -2.150074 0.008519
v -0.697917 -2.137114 -0.021979
v -0.740204 -1.859063 0.303992
v -0.746857 -1.815320 0.260861
v -0.744909 -1.828132 0.291359
v -0.746857 -1.815320 0.008519
v -0.740204 -1.859063 -0.034612
v -0.744909 -1.828132 -0.021979
v -0.033556 -2.953057 0.165937
v 0.009650 -2.953057 0.209068
v -0.020901 -2.953057 0.196436
v 0.009650 -2.953057 0.060311
v -0.033556 -2.953057 0.103443
v -0.020901 -2.953057 0.072944
v 0.071995 -2.953057 0.209068
v 0.115201 -2.953057 0.165937
v 0.102546 -2.953057 0.196436
v 0.115201 -2.953057 0.103443
v 0.071995 -2.953057 0.060311
v 0.102546 -2.953057 0.072944
v -0.077467 -3.084482 0.165937
v -0.040309 -3.102585 0.209068
v -0.066584 -3.089784 0.196436
v -0.040309 -3.102585 0.060311
v -0.077467 -3.084482 0.103443
v -0.066584 -3.089784 0.072944
v 0.018564 -3.131268 0.209068
v 0.056263 -3.149635 0.165937
v 0.045221 -3.144256 0.196436
v 0.056263 -3.149635 0.103443
v 0.018564 -3.131268 0.060311
v 0.045221 -3.144256 0.072944
v -0.165456 -3.221870 0.165937
v -0.135247 -3.250822 0.209068
v -0.156608 -3.230350 0.196436
v -0.135247 -3.250822 0.060311
v -0.165456 -3.221870 0.103443
v -0.156608 -3.230350 0.072944
v -0.088624 -3.295503 0.209068
v -0.058056 -3.324797 0.165937
v -0.067009 -3.316217 0.196436
v -0.058056 -3.324797 0.103443
v -0.088624 -3.295503 0.060311
v -0.067009 -3.316217 0.072944
v -0.326851 -3.323965 0.165937
v -0.316042 -3.365188 0.209068
v -0.323685 -3.336039 0.196436
v -0.316042 -3.365188 0.060311
v -0.326851 -3.323965 0.103443
v -0.323685 -3.336039 0.072944
v -0.299999 -3.426374 0.209068
v -0.289122 -3.467858 0.165937
v -0.292307 -3.455708 0.196436
v -0.289122 -3.467858 0.103443
v -0.299999 -3.426374 0.060311
v -0.292307 -3.455708 0.072944
v -0.165250 -3.408836 0.165937
v -0.186685 -3.372382 0.209068
v -0.171528 -3.398159 0.196436
v -0.165250 -3.408836 0.103443
v -0.186685 -3.372382 0.060311
v -0.171528 -3.398159 0.072944
v -0.237815 -3.285426 0.103443
v -0.216300 -3.322015 0.060311
v -0.231513 -3.296143 0.072944
v -0.237815 -3.285426 0.165937
v -0.216300 -3.322015 0.209068
v -0.231513 -3.296143 0.196436
v -0.522388 -3.309266 0.175448
v -0.527747 -3.349278 0.218579
v -0.523958 -3.320985 0.205946
v -0.527747 -3.349278 0.050800
v -0.522388 -3.309266 0.093932
v -0.523958 -3.320985 0.063433
v -0.539037 -3.433578 0.218579
v -0.544659 -3.475560 0.175448
v -0.543012 -3.463264 0.205946
v -0.544659 -3.475560 0.093932
v -0.539037 -3.433578 0.050800
v -0.543012 -3.463264 0.063433
v -0.616984 -3.225960 0.214047
v -0.622342 -3.265973 0.257178
v -0.618553 -3.237679 0.244546
v -0.622342 -3.265973 0.012201
v -0.616984 -3.225960 0.055332
v -0.618553 -3.237679 0.024834
v -0.643879 -3.426787 0.257178
v -0.649502 -3.468769 0.214047
v -0.647855 -3.456473 0.244546
v -0.649502 -3.468769 0.055332
v -0.643879 -3.426787 0.012201
v -0.647855 -3.456473 0.024834
v -0.700545 -3.210930 0.305308
v -0.695187 -3.170918 0.262176
v -0.696756 -3.182637 0.292675
v -0.695187 -3.170918 0.007203
v -0.700545 -3.210930 -0.035928
v -0.696756 -3.182637 -0.023295
v -0.740482 -3.509134 0.262176
v -0.734860 -3.467151 0.305308
v -0.738835 -3.496838 0.292675
v -0.734860 -3.467151 -0.035928
v -0.740482 -3.509134 0.007203
v -0.738835 -3.496838 -0.023295
v -2.930656 0.307234 -1.341707
v -3.341211 0.279578 -0.729417
v 0.152336 0.276247 -0.725556
v -0.256811 0.304684 -1.338753
v -1.597438 0.158377 1.884012
v -0.873737 0.164268 1.741042
v -3.485962 0.246632 -0.006795
v -3.342872 0.213411 0.716145
v -0.869727 0.324009 -1.748853
v -1.593099 0.331280 -1.893422
v -0.259881 0.182423 1.332298
v 0.150675 0.210079 0.720007
v -2.933725 0.184973 1.329342
v -2.320810 0.165648 1.739442
v -2.316801 0.325389 -1.750452
v 0.295426 0.243026 -0.002615
v -1.597963 0.247590 2.436239
v -1.597967 0.331433 2.512142
v -1.597993 0.277005 2.488543
v -1.597944 0.357079 2.513316
v -1.597794 0.433621 2.443146
v -1.597873 0.409369 2.494130
v -2.558380 0.341086 2.320198
v -2.530833 0.256966 2.249799
v -2.550339 0.286577 2.298212
v -2.530049 0.442992 2.256830
v -2.558357 0.366732 2.321372
v -2.550039 0.418939 2.303835
v -3.372140 0.366745 1.775712
v -3.321256 0.281888 1.720929
v -3.357264 0.312020 1.758299
v -3.319951 0.467897 1.728307
v -3.372118 0.392390 1.776886
v -3.356812 0.444376 1.764025
v -3.915360 0.404501 0.961578
v -3.848897 0.318562 0.930142
v -3.895920 0.349459 0.951003
v -3.847244 0.504547 0.938042
v -3.915337 0.430147 0.962752
v -3.895366 0.481809 0.956881
v -4.105340 0.448608 0.001738
v -4.033428 0.361403 -0.002170
v -4.084304 0.393195 -0.000774
v -4.031654 0.547360 0.006343
v -4.105317 0.474254 0.002912
v -4.083714 0.525537 0.005285
v -3.913155 0.492350 -0.957678
v -3.846756 0.403892 -0.934073
v -3.893734 0.436570 -0.952132
v -3.845104 0.589820 -0.924945
v -3.913132 0.517996 -0.956505
v -3.893180 0.568904 -0.945894
v -3.368066 0.529069 -1.770610
v -3.317298 0.439557 -1.723691
v -3.353224 0.472980 -1.758235
v -3.315996 0.625463 -1.714043
v -3.368043 0.554715 -1.769436
v -3.352772 0.605307 -1.751845
v -2.553057 0.553174 -2.313295
v -2.525662 0.462971 -2.250812
v -2.545060 0.496883 -2.296362
v -2.524882 0.648860 -2.240818
v -2.553034 0.578819 -2.312121
v -2.544761 0.629205 -2.289870
v -1.592206 0.560995 -2.503116
v -1.592367 0.470567 -2.435189
v -1.592280 0.504638 -2.484588
v -1.592201 0.656452 -2.425073
v -1.592183 0.586640 -2.501942
v -1.592161 0.636959 -2.478060
v -0.631793 0.551342 -2.311172
v -0.659497 0.461191 -2.248750
v -0.639934 0.495066 -2.294257
v -0.659946 0.647082 -2.238757
v -0.631770 0.576987 -2.309998
v -0.639995 0.627388 -2.287765
v 0.181967 0.525683 -1.766687
v 0.130926 0.436269 -1.719880
v 0.166991 0.469624 -1.754345
v 0.129956 0.622176 -1.710235
v 0.181991 0.551329 -1.765513
v 0.166777 0.601951 -1.747955
v 0.725188 0.487927 -0.952552
v 0.658567 0.399595 -0.929093
v 0.705648 0.432184 -0.947049
v 0.657250 0.585527 -0.919969
v 0.725211 0.513573 -0.951378
v 0.705332 0.564518 -0.940811
v 0.915167 0.443820 0.007287
v 0.843098 0.356753 0.003219
v 0.894032 0.388448 0.004729
v 0.841660 0.542713 0.011730
v 0.915190 0.469466 0.008461
v 0.893681 0.520791 0.010786
v 0.722982 0.400078 0.966705
v 0.656425 0.314265 0.935122
v 0.703462 0.345073 0.956087
v 0.655109 0.500253 0.943018
v 0.723006 0.425724 0.967879
v 0.703146 0.477424 0.961964
v 0.177893 0.363359 1.779637
v 0.126968 0.278600 1.724740
v 0.162950 0.308663 1.762191
v 0.126001 0.464611 1.732116
v 0.177916 0.389005 1.780811
v 0.162738 0.441020 1.767915
v -0.637117 0.339254 2.322322
v -0.664669 0.255187 2.251862
v -0.645214 0.284760 2.300318
v -0.665114 0.441213 2.258891
v -0.637094 0.364900 2.323496
v -0.645274 0.417122 2.305941
v -2.309038 0.467251 1.725543
v -2.320267 0.475349 1.752984
v -2.314361 0.473356 1.738659
v -1.597158 0.468081 1.897501
v -1.597133 0.460096 1.867821
v -1.597142 0.466147 1.881999
v -2.912238 0.486270 1.321944
v -2.932960 0.494668 1.343033
v -2.922061 0.492517 1.332047
v -3.314899 0.514257 0.718467
v -3.341958 0.523095 0.730058
v -3.327728 0.520712 0.724067
v -3.455721 0.546951 0.006986
v -3.484996 0.556304 0.007381
v -3.469601 0.553651 0.007277
v -3.313264 0.579375 -0.704181
v -3.340298 0.589238 -0.714979
v -3.326081 0.586317 -0.709197
v -2.909217 0.606593 -1.306766
v -2.929892 0.616884 -1.327047
v -2.919019 0.613738 -1.316279
v -2.305092 0.624461 -1.709032
v -2.316259 0.635033 -1.735643
v -2.310386 0.631738 -1.721547
v -1.592862 0.630258 -1.849736
v -1.592820 0.640921 -1.878562
v -1.592840 0.637579 -1.863301
v -0.880956 0.623103 -1.707458
v -0.869710 0.633653 -1.734045
v -0.875622 0.630370 -1.719961
v -0.277757 0.604084 -1.303858
v -0.257018 0.614335 -1.324094
v -0.267921 0.611209 -1.313350
v 0.124905 0.576097 -0.700381
v 0.151981 0.585908 -0.711119
v 0.137746 0.583014 -0.705369
v 0.265727 0.543403 0.011099
v 0.295019 0.552699 0.011559
v 0.279619 0.550076 0.011421
v 0.123270 0.510978 0.722267
v 0.150320 0.519764 0.733918
v 0.136099 0.517409 0.727895
v -0.280777 0.483761 1.324852
v -0.260086 0.492118 1.345987
v -0.270964 0.489989 1.334978
v -0.884903 0.465893 1.727118
v -0.873719 0.473970 1.754583
v -0.879597 0.471988 1.740245
v -2.213309 0.301585 1.486974
v -2.222486 0.308386 1.509409
v -2.218137 0.303344 1.498688
v -1.597025 0.302099 1.634411
v -1.597005 0.295391 1.610146
v -1.597017 0.297101 1.622822
v -2.735506 0.318050 1.137573
v -2.752441 0.325096 1.154817
v -2.744412 0.319937 1.146558
v -3.084094 0.342278 0.615137
v -3.106209 0.349684 0.624619
v -3.095724 0.344355 0.620039
v -3.206006 0.370583 -0.000800
v -3.229931 0.378408 -0.000469
v -3.218588 0.372880 -0.000709
v -3.082679 0.398652 -0.616465
v -3.104773 0.406895 -0.625281
v -3.094298 0.401169 -0.621184
v -2.732891 0.422215 -1.138130
v -2.749788 0.430808 -1.154697
v -2.741778 0.424916 -1.146924
v -2.209894 0.437683 -1.486375
v -2.219020 0.446506 -1.508116
v -2.214694 0.440505 -1.497890
v -1.593307 0.442702 -1.608185
v -1.593273 0.451600 -1.631735
v -1.593291 0.445563 -1.620651
v -0.977003 0.436507 -1.485013
v -0.967812 0.445313 -1.506733
v -0.972172 0.439320 -1.496518
v -0.454806 0.420043 -1.135612
v -0.437857 0.428603 -1.152142
v -0.445896 0.422726 -1.144387
v -0.106218 0.395814 -0.613176
v -0.084089 0.404015 -0.621943
v -0.094584 0.398308 -0.617869
v 0.015693 0.367510 0.002761
v 0.039633 0.375290 0.003145
v 0.028280 0.369783 0.002880
v -0.107633 0.339440 0.618427
v -0.085525 0.346804 0.627958
v -0.096010 0.341495 0.623355
v -0.457421 0.315877 1.140092
v -0.440511 0.322891 1.157373
v -0.448531 0.317748 1.149095
v -0.980419 0.300409 1.488337
v -0.971279 0.307193 1.510792
v -0.975615 0.302159 1.500062
v -1.596848 0.052960 1.258979
v -1.596856 0.112358 1.317289
v -1.596830 0.093084 1.277098
v -2.104434 0.117460 1.215847
v -2.083179 0.057848 1.161783
v -2.089384 0.098035 1.178658
v -2.534506 0.131020 0.928087
v -2.495249 0.070841 0.886068
v -2.506726 0.111194 0.899415
v -2.821598 0.150974 0.497816
v -2.770323 0.089960 0.473808
v -2.785320 0.130557 0.481881
v -2.922001 0.174285 -0.009458
v -2.866524 0.112294 -0.012232
v -2.882752 0.153178 -0.010379
v -2.820432 0.197402 -0.516510
v -2.769206 0.134445 -0.498059
v -2.784189 0.175611 -0.502423
v -2.532353 0.216808 -0.946145
v -2.493186 0.153038 -0.909709
v -2.504637 0.194443 -0.919340
v -2.101621 0.229548 -1.232954
v -2.080483 0.165244 -1.184512
v -2.086654 0.206805 -1.197660
v -1.593811 0.233681 -1.333274
v -1.593930 0.169204 -1.280633
v -1.593875 0.210816 -1.295011
v -1.086233 0.228580 -1.231832
v -1.107599 0.164316 -1.183437
v -1.101321 0.205865 -1.196571
v -0.656160 0.215019 -0.944071
v -0.695530 0.151324 -0.907722
v -0.683978 0.192707 -0.917328
v -0.369069 0.195065 -0.513801
v -0.420455 0.132205 -0.495463
v -0.405384 0.173343 -0.499794
v -0.268664 0.171754 -0.006526
v -0.324254 0.109870 -0.009422
v -0.307952 0.150723 -0.007534
v -0.370234 0.148637 0.500526
v -0.421572 0.087720 0.476405
v -0.406515 0.128289 0.484510
v -0.658314 0.129231 0.930161
v -0.697593 0.069127 0.888055
v -0.686068 0.109457 0.901428
v -1.089046 0.116492 1.216970
v -1.110295 0.056921 1.162858
v -1.104051 0.097095 1.179748
v -1.596853 0.000265 1.218191
v -1.596863 0.036071 1.258205
v -1.596874 0.010026 1.245774
v -2.083194 0.040959 1.161010
v -2.068518 0.005006 1.123927
v -2.078909 0.014872 1.149436
v -2.495264 0.053952 0.885295
v -2.468160 0.017607 0.856527
v -2.487339 0.027749 0.876157
v -2.770338 0.073071 0.473035
v -2.734938 0.036149 0.456700
v -2.759984 0.046699 0.467539
v -2.866539 0.095406 -0.013005
v -2.828238 0.057810 -0.014682
v -2.855335 0.068837 -0.014208
v -2.769221 0.117556 -0.498832
v -2.733855 0.079292 -0.485857
v -2.758877 0.090791 -0.495744
v -2.493201 0.136149 -0.910482
v -2.466159 0.097325 -0.885093
v -2.485294 0.109221 -0.903758
v -2.080499 0.148355 -1.185286
v -2.065903 0.109163 -1.151608
v -2.076238 0.121319 -1.176134
v -1.593946 0.152316 -1.281406
v -1.594023 0.113004 -1.244830
v -1.593982 0.125244 -1.271405
v -1.107615 0.147428 -1.184211
v -1.122359 0.108263 -1.150566
v -1.111947 0.120399 -1.175068
v -0.695545 0.134435 -0.908495
v -0.722717 0.095663 -0.883166
v -0.703517 0.107522 -0.901789
v -0.420470 0.115316 -0.496236
v -0.455938 0.077120 -0.483340
v -0.430873 0.088571 -0.493171
v -0.324269 0.092981 -0.010195
v -0.362638 0.055459 -0.011957
v -0.335521 0.066434 -0.011423
v -0.421587 0.070831 0.475632
v -0.457021 0.033977 0.459218
v -0.431980 0.044479 0.470112
v -0.697608 0.052238 0.887282
v -0.724718 0.015944 0.858454
v -0.705562 0.026050 0.878126
v -1.110310 0.040032 1.162085
v -1.124974 0.004106 1.124970
v -1.114619 0.013952 1.150502
v -1.596675 0.043551 1.094797
v -1.596753 0.004239 1.131373
v -1.596712 0.016479 1.104798
v -2.035166 0.008646 1.043754
v -2.020422 0.047810 1.010109
v -2.024755 0.020782 1.019251
v -2.406635 0.020358 0.795205
v -2.379463 0.059131 0.769875
v -2.387435 0.032217 0.776582
v -2.654606 0.037593 0.423565
v -2.619138 0.075789 0.410669
v -2.629540 0.049044 0.413734
v -2.741329 0.057727 -0.014586
v -2.702960 0.095250 -0.012824
v -2.714211 0.068702 -0.014052
v -2.653599 0.077695 -0.452544
v -2.618165 0.114549 -0.436131
v -2.628558 0.088198 -0.441651
v -2.404775 0.094456 -0.823635
v -2.377666 0.130750 -0.794807
v -2.385620 0.104562 -0.803963
v -2.032736 0.105460 -1.071362
v -2.018073 0.141386 -1.034247
v -2.022382 0.115305 -1.045830
v -1.594123 0.109030 -1.158012
v -1.594133 0.144836 -1.117998
v -1.594144 0.118791 -1.130430
v -1.155710 0.104623 -1.070393
v -1.170387 0.140577 -1.033310
v -1.166102 0.114489 -1.044883
v -0.784241 0.092911 -0.821844
v -0.811346 0.129256 -0.793076
v -0.803421 0.103054 -0.802214
v -0.536270 0.075676 -0.450204
v -0.571670 0.112598 -0.433869
v -0.561316 0.086226 -0.439366
v -0.449548 0.055542 -0.012053
v -0.487849 0.093137 -0.010376
v -0.476645 0.066568 -0.011579
v -0.537277 0.035574 0.425906
v -0.572643 0.073838 0.412931
v -0.562298 0.047073 0.416019
v -0.786102 0.018813 0.796996
v -0.813143 0.057637 0.771607
v -0.805237 0.030708 0.778331
v -1.158141 0.007809 1.044723
v -1.172736 0.047001 1.011046
v -1.168475 0.019965 1.020198
v -1.596378 0.226117 0.982913
v -1.596630 0.093375 1.097078
v -1.596515 0.178199 1.065742
v -2.020377 0.097634 1.012390
v -1.974168 0.229914 0.907409
v -2.006801 0.182323 0.983745
v -2.379418 0.108955 0.772156
v -2.294271 0.240007 0.693229
v -2.354438 0.193284 0.751142
v -2.619093 0.125614 0.412949
v -2.507954 0.254859 0.372979
v -2.586500 0.209414 0.403345
v -2.702915 0.145074 -0.010544
v -2.582684 0.272209 -0.004586
v -2.667658 0.228256 -0.006696
v -2.618121 0.164374 -0.433851
v -2.507086 0.289416 -0.381985
v -2.585558 0.246943 -0.416557
v -2.377620 0.180574 -0.792526
v -2.292668 0.303859 -0.701762
v -2.352697 0.262629 -0.763839
v -2.018028 0.191210 -1.031966
v -1.972074 0.313341 -0.915234
v -2.004527 0.272926 -0.995673
v -1.594088 0.194661 -1.115717
v -1.594111 0.316418 -0.989903
v -1.594054 0.276268 -1.076764
v -1.170342 0.190402 -1.031029
v -1.216321 0.312621 -0.914399
v -1.183767 0.272143 -0.994766
v -0.811301 0.179081 -0.790796
v -0.896217 0.302528 -0.700219
v -0.836131 0.261182 -0.762163
v -0.571625 0.162422 -0.431589
v -0.682535 0.287676 -0.379969
v -0.604068 0.245053 -0.414366
v -0.487804 0.142962 -0.008095
v -0.607804 0.270326 -0.002404
v -0.522910 0.226211 -0.004325
v -0.572598 0.123662 0.415212
v -0.683402 0.253119 0.374995
v -0.605010 0.207524 0.405536
v -0.813098 0.107461 0.773887
v -0.897820 0.238676 0.694772
v -0.837871 0.191838 0.752818
v -1.172691 0.096826 1.013327
v -1.218415 0.229194 0.908245
v -1.186042 0.181540 0.984652
v 2.172091 3.265555 -0.719853
v 2.187353 3.675122 -0.106467
v 2.057256 0.183995 -0.106467
v 2.072519 0.593562 -0.719853
v 2.122304 1.929558 2.507768
v 2.095360 1.206523 2.363847
v 2.192713 3.818943 0.617072
v 2.187353 3.675122 1.340610
v 2.095361 1.206523 -1.129704
v 2.122305 1.929559 -1.273625
v 2.072518 0.593562 1.953996
v 2.057256 0.183995 1.340610
v 2.172090 3.265555 1.953996
v 2.149248 2.652595 2.363847
v 2.149249 2.652595 -1.129704
v 2.051896 0.040174 0.617071
v 2.236594 1.925299 3.055337
v 2.323760 1.922051 3.127327
v 2.268348 1.924116 3.106242
v 2.349415 1.921095 3.127327
v 2.422618 1.918367 3.053731
v 2.400737 1.919182 3.105772
v 2.359534 2.882018 2.936245
v 2.271342 2.857736 2.869735
v 2.303821 2.876019 2.916765
v 2.457343 2.850190 2.868251
v 2.385189 2.881062 2.936245
v 2.436203 2.870906 2.916330
v 2.389861 3.695839 2.392091
v 2.300799 3.648218 2.341186
v 2.333894 3.683004 2.377181
v 2.486781 3.640151 2.340050
v 2.415516 3.694883 2.392091
v 2.466270 3.677739 2.376848
v 2.410125 4.239616 1.577705
v 2.320482 4.176401 1.550156
v 2.353988 4.222214 1.569636
v 2.506451 4.167985 1.549541
v 2.435780 4.238660 1.577705
v 2.486360 4.216847 1.569456
v 2.417241 4.430566 0.617072
v 2.327394 4.361874 0.617072
v 2.361044 4.411560 0.617072
v 2.513358 4.353336 0.617072
v 2.442896 4.429610 0.617072
v 2.493415 4.406156 0.617072
v 2.410125 4.239617 -0.343562
v 2.320482 4.176401 -0.316012
v 2.353988 4.222215 -0.335493
v 2.506451 4.167985 -0.315398
v 2.435780 4.238660 -0.343562
v 2.486361 4.216847 -0.335313
v 2.389862 3.695839 -1.157947
v 2.300800 3.648218 -1.107043
v 2.333894 3.683005 -1.143038
v 2.486781 3.640151 -1.105907
v 2.415517 3.694883 -1.157947
v 2.466271 3.677739 -1.142705
v 2.359535 2.882019 -1.702102
v 2.271343 2.857736 -1.635592
v 2.303822 2.876020 -1.682622
v 2.457344 2.850190 -1.634108
v 2.385190 2.881063 -1.702102
v 2.436204 2.870906 -1.682187
v 2.323761 1.922052 -1.893185
v 2.236595 1.925300 -1.821194
v 2.268349 1.924116 -1.872099
v 2.422619 1.918368 -1.819588
v 2.349416 1.921096 -1.893185
v 2.400738 1.919183 -1.871629
v 2.287988 0.962085 -1.702103
v 2.201848 0.992863 -1.635593
v 2.232877 0.972213 -1.682623
v 2.387894 0.986545 -1.634108
v 2.313643 0.961129 -1.702103
v 2.365272 0.967460 -1.682188
v 2.257661 0.148264 -1.157948
v 2.172390 0.202381 -1.107043
v 2.202804 0.165228 -1.143039
v 2.358456 0.196584 -1.105908
v 2.283315 0.147308 -1.157948
v 2.335205 0.160627 -1.142706
v 2.237396 -0.395514 -0.343562
v 2.152707 -0.325802 -0.316013
v 2.182710 -0.373982 -0.335493
v 2.338786 -0.331251 -0.315398
v 2.263051 -0.396470 -0.343562
v 2.315115 -0.378481 -0.335313
v 2.230280 -0.586464 0.617071
v 2.145795 -0.511275 0.617071
v 2.175654 -0.563328 0.617071
v 2.331879 -0.516602 0.617071
v 2.255935 -0.587420 0.617071
v 2.308060 -0.567791 0.617071
v 2.237396 -0.395514 1.577705
v 2.152707 -0.325802 1.550156
v 2.182710 -0.373983 1.569636
v 2.338786 -0.331251 1.549541
v 2.263051 -0.396470 1.577705
v 2.315114 -0.378482 1.569456
v 2.257660 0.148264 2.392091
v 2.172389 0.202381 2.341186
v 2.202803 0.165228 2.377181
v 2.358456 0.196585 2.340050
v 2.283315 0.147308 2.392091
v 2.335204 0.160627 2.376848
v 2.287987 0.962085 2.936246
v 2.201847 0.992864 2.869736
v 2.232876 0.972213 2.916766
v 2.387893 0.986546 2.868251
v 2.313642 0.961129 2.936246
v 2.365271 0.967460 2.916331
v 2.449275 2.629937 2.336158
v 2.459020 2.640788 2.363213
v 2.456162 2.634998 2.348987
v 2.432086 1.918014 2.507081
v 2.422758 1.918362 2.477798
v 2.429447 1.918113 2.491683
v 2.471756 3.233181 1.932804
v 2.481854 3.253526 1.953510
v 2.478809 3.242744 1.942622
v 2.486776 3.636256 1.329141
v 2.497111 3.662944 1.340347
v 2.493942 3.648827 1.334455
v 2.492051 3.777797 0.617072
v 2.502469 3.806714 0.617072
v 2.499256 3.791424 0.617072
v 2.486776 3.636257 -0.094998
v 2.497112 3.662945 -0.106204
v 2.493943 3.648827 -0.100311
v 2.471756 3.233181 -0.698660
v 2.481855 3.253526 -0.719367
v 2.478810 3.242744 -0.708479
v 2.449276 2.629938 -1.102015
v 2.459021 2.640789 -1.129070
v 2.456162 2.634998 -1.114844
v 2.422759 1.918362 -1.243655
v 2.432087 1.918015 -1.272938
v 2.429447 1.918113 -1.257540
v 2.396242 1.206787 -1.102015
v 2.405152 1.195241 -1.129070
v 2.402733 1.201228 -1.114844
v 2.373762 0.603543 -0.698661
v 2.382318 0.582503 -0.719368
v 2.380085 0.593482 -0.708480
v 2.358741 0.200468 -0.094998
v 2.367061 0.173085 -0.106204
v 2.364952 0.187399 -0.100312
v 2.353467 0.058927 0.617071
v 2.361704 0.029316 0.617071
v 2.359638 0.044802 0.617071
v 2.358741 0.200468 1.329141
v 2.367061 0.173085 1.340347
v 2.364952 0.187399 1.334455
v 2.373761 0.603543 1.932804
v 2.382318 0.582503 1.953511
v 2.380084 0.593482 1.942622
v 2.396241 1.206787 2.336159
v 2.405152 1.195241 2.363213
v 2.402732 1.201228 2.348987
v 2.269521 2.540946 2.105304
v 2.277668 2.549808 2.127415
v 2.271987 2.545674 2.116930
v 2.254371 1.924637 2.251855
v 2.246566 1.924928 2.227923
v 2.248852 1.924842 2.240508
v 2.288983 3.063181 1.756115
v 2.297419 3.079802 1.773038
v 2.291600 3.071989 1.765014
v 2.301986 3.412127 1.233518
v 2.310616 3.433933 1.242676
v 2.304706 3.423661 1.238333
v 2.306553 3.534662 0.617072
v 2.315250 3.558287 0.617072
v 2.309308 3.547153 0.617072
v 2.301987 3.412128 0.000625
v 2.310616 3.433933 -0.008533
v 2.304706 3.423662 -0.004190
v 2.288983 3.063181 -0.521972
v 2.297419 3.079802 -0.538895
v 2.291601 3.071989 -0.530871
v 2.269522 2.540946 -0.871161
v 2.277669 2.549808 -0.893272
v 2.271988 2.545674 -0.882787
v 2.246566 1.924928 -0.993780
v 2.254372 1.924637 -1.017712
v 2.248852 1.924843 -1.006364
v 2.223610 1.308910 -0.871161
v 2.231075 1.299466 -0.893272
v 2.225717 1.304012 -0.882788
v 2.204149 0.786674 -0.521973
v 2.211324 0.769472 -0.538896
v 2.206104 0.777697 -0.530871
v 2.191145 0.437728 0.000625
v 2.198128 0.415341 -0.008534
v 2.192998 0.426024 -0.004191
v 2.186579 0.315194 0.617071
v 2.193493 0.290987 0.617071
v 2.188396 0.302533 0.617071
v 2.191145 0.437728 1.233518
v 2.198128 0.415341 1.242676
v 2.192998 0.426024 1.238334
v 2.204148 0.786674 1.756115
v 2.211324 0.769472 1.773039
v 2.206103 0.777697 1.765014
v 2.223609 1.308910 2.105304
v 2.231074 1.299466 2.127415
v 2.225716 1.304012 2.116931
v 1.988510 1.934544 1.888208
v 2.050470 1.932235 1.943741
v 2.029393 1.933020 1.904473
v 2.069376 2.439578 1.842755
v 2.006625 2.420650 1.791448
v 2.047739 2.425346 1.806476
v 2.085404 2.869682 1.555169
v 2.021982 2.832750 1.515901
v 2.063293 2.842720 1.527402
v 2.096114 3.157068 1.124766
v 2.032243 3.108106 1.103514
v 2.073685 3.121600 1.109739
v 2.099874 3.257985 0.617072
v 2.035847 3.204799 0.617072
v 2.077335 3.219530 0.617072
v 2.096114 3.157069 0.109377
v 2.032244 3.108107 0.130629
v 2.073686 3.121600 0.124404
v 2.085404 2.869682 -0.321026
v 2.021983 2.832750 -0.281758
v 2.063293 2.842720 -0.293259
v 2.069376 2.439578 -0.608612
v 2.006626 2.420650 -0.557305
v 2.047740 2.425347 -0.572333
v 2.050470 1.932236 -0.709599
v 1.988511 1.934544 -0.654065
v 2.029393 1.933021 -0.670330
v 2.031564 1.424893 -0.608612
v 1.970396 1.448439 -0.557305
v 2.011046 1.440696 -0.572333
v 2.015536 0.994789 -0.321026
v 1.955039 1.036339 -0.281758
v 1.995493 1.023322 -0.293259
v 2.004827 0.707403 0.109377
v 1.944778 0.760982 0.130628
v 1.985100 0.744442 0.124404
v 2.001066 0.606486 0.617071
v 1.941174 0.664290 0.617071
v 1.981451 0.646512 0.617071
v 2.004826 0.707402 1.124766
v 1.944778 0.760982 1.103514
v 1.985100 0.744442 1.109739
v 2.015536 0.994789 1.555169
v 1.955039 1.036339 1.515901
v 1.995493 1.023322 1.527402
v 2.031564 1.424893 1.842755
v 1.970396 1.448439 1.791448
v 2.011046 1.440696 1.806476
v 1.934043 1.936574 1.849873
v 1.971616 1.935174 1.888208
v 1.945048 1.936164 1.876980
v 1.989731 2.421279 1.791448
v 1.951612 2.408020 1.756031
v 1.963003 2.417975 1.781075
v 2.005088 2.833379 1.515901
v 1.966506 2.807692 1.488794
v 1.978224 2.826436 1.507961
v 2.015349 3.108736 1.103514
v 1.976458 3.074744 1.088844
v 1.988395 3.099360 1.099217
v 2.018952 3.205429 0.617072
v 1.979952 3.168520 0.617072
v 1.991966 3.195198 0.617072
v 2.015349 3.108736 0.130629
v 1.976458 3.074744 0.145299
v 1.988395 3.099360 0.134925
v 2.005088 2.833380 -0.281758
v 1.966506 2.807692 -0.254651
v 1.978225 2.826436 -0.273818
v 1.989731 2.421279 -0.557305
v 1.951612 2.408020 -0.521888
v 1.963003 2.417976 -0.546932
v 1.971616 1.935174 -0.654065
v 1.934044 1.936574 -0.615730
v 1.945049 1.936164 -0.642837
v 1.953501 1.449069 -0.557305
v 1.916475 1.465129 -0.521888
v 1.927094 1.454353 -0.546932
v 1.938144 1.036969 -0.281758
v 1.901582 1.065457 -0.254651
v 1.911872 1.045893 -0.273819
v 1.927883 0.761612 0.130628
v 1.891630 0.798404 0.145299
v 1.901702 0.772968 0.134925
v 1.924280 0.664919 0.617071
v 1.888135 0.704628 0.617071
v 1.898130 0.677130 0.617071
v 1.927883 0.761612 1.103514
v 1.891629 0.798404 1.088844
v 1.901702 0.772968 1.099218
v 1.938144 1.036969 1.515901
v 1.901581 1.065457 1.488794
v 1.911872 1.045893 1.507961
v 1.953501 1.449069 1.791448
v 1.916475 1.465129 1.756031
v 1.927094 1.454353 1.781075
v 1.971616 1.935174 1.724628
v 1.934044 1.936574 1.762963
v 1.945048 1.936164 1.735856
v 1.950373 2.374784 1.675737
v 1.987399 2.358724 1.640320
v 1.960992 2.364007 1.650694
v 1.964217 2.746280 1.427339
v 2.000780 2.717792 1.400232
v 1.974508 2.726716 1.408172
v 1.973468 2.994505 1.055585
v 2.009721 2.957713 1.040915
v 1.983540 2.969069 1.045212
v 1.976716 3.081671 0.617071
v 2.012861 3.041962 0.617072
v 1.986711 3.054173 0.617071
v 1.973468 2.994505 0.178558
v 2.009721 2.957713 0.193228
v 1.983540 2.969069 0.188931
v 1.964218 2.746280 -0.193196
v 2.000781 2.717792 -0.166089
v 1.974509 2.726716 -0.174029
v 1.950374 2.374784 -0.441594
v 1.987400 2.358724 -0.406177
v 1.960992 2.364007 -0.416551
v 1.934044 1.936574 -0.528820
v 1.971616 1.935174 -0.490485
v 1.945049 1.936164 -0.501713
v 1.917714 1.498365 -0.441594
v 1.955832 1.511625 -0.406178
v 1.929105 1.508321 -0.416551
v 1.903870 1.126869 -0.193197
v 1.942452 1.152557 -0.166090
v 1.915588 1.145613 -0.174029
v 1.894620 0.878642 0.178557
v 1.933511 0.912635 0.193228
v 1.906557 0.903259 0.188931
v 1.891371 0.791477 0.617071
v 1.930371 0.828386 0.617071
v 1.903386 0.818155 0.617071
v 1.894620 0.878642 1.055585
v 1.933511 0.912635 1.040915
v 1.906557 0.903259 1.045212
v 1.903870 1.126869 1.427339
v 1.942451 1.152556 1.400232
v 1.915588 1.145613 1.408172
v 1.917714 1.498365 1.675737
v 1.955832 1.511625 1.640320
v 1.929105 1.508321 1.650694
v 2.148752 1.928573 1.604512
v 2.021458 1.933317 1.724628
v 2.104703 1.930214 1.689447
v 2.037241 2.356866 1.640320
v 2.162824 2.306188 1.529348
v 2.119985 2.340310 1.607817
v 2.050622 2.715934 1.400232
v 2.174754 2.626315 1.315298
v 2.132941 2.687973 1.375356
v 2.059563 2.955856 1.040915
v 2.182725 2.840217 0.994949
v 2.141598 2.920273 1.027452
v 2.062703 3.040105 0.617072
v 2.185524 2.915329 0.617071
v 2.144637 3.001846 0.617072
v 2.059563 2.955856 0.193228
v 2.182725 2.840217 0.239194
v 2.141598 2.920273 0.206691
v 2.050623 2.715934 -0.166089
v 2.174754 2.626315 -0.081155
v 2.132941 2.687973 -0.141213
v 2.037242 2.356866 -0.406177
v 2.162824 2.306188 -0.295205
v 2.119985 2.340311 -0.373674
v 2.021458 1.933317 -0.490485
v 2.148753 1.928573 -0.370370
v 2.104703 1.930215 -0.455304
v 2.005675 1.509767 -0.406178
v 2.134681 1.550958 -0.295205
v 2.089421 1.520119 -0.373675
v 1.992294 1.150699 -0.166090
v 2.122751 1.230831 -0.081155
v 2.076465 1.172456 -0.141213
v 1.983353 0.910777 0.193228
v 2.114780 1.016929 0.239194
v 2.067808 0.940156 0.206691
v 1.980214 0.826528 0.617071
v 2.111981 0.941817 0.617071
v 2.064768 0.858583 0.617071
v 1.983353 0.910777 1.040915
v 2.114780 1.016929 0.994949
v 2.067808 0.940155 1.027452
v 1.992294 1.150699 1.400232
v 2.122751 1.230831 1.315298
v 2.076465 1.172456 1.375356
v 2.005674 1.509767 1.640320
v 2.134680 1.550958 1.529348
v 2.089420 1.520119 1.607817
v -4.033420 3.701676 2.529590
v -3.988674 3.701676 2.483967
v -4.020314 3.701676 2.497330
v 4.105340 3.701677 2.529590
v 4.060594 3.701677 2.483967
v 4.092233 3.701677 2.497330
v -4.033420 3.663824 2.537119
v -3.988674 3.646365 2.494969
v -4.020314 3.651478 2.507315
v 4.105340 3.663824 2.537119
v 4.060594 3.646365 2.494969
v 4.092233 3.651479 2.507315
v -4.033420 3.631733 2.558561
v -3.988674 3.599473 2.526301
v -4.020314 3.608922 2.535749
v 4.105340 3.631734 2.558561
v 4.060594 3.599474 2.526301
v 4.092233 3.608923 2.535749
v -4.033420 3.610292 2.590651
v -3.988674 3.568142 2.573192
v -4.020314 3.580487 2.578305
v 4.105340 3.610292 2.590651
v 4.060594 3.568142 2.573192
v 4.092233 3.580488 2.578305
v -4.033420 3.602762 2.628503
v -3.988674 3.557140 2.628503
v -4.020314 3.570502 2.628503
v 4.105340 3.602763 2.628503
v 4.060594 3.557140 2.628503
v 4.092233 3.570503 2.628503
v -4.033420 3.610292 2.666356
v -3.988674 3.568142 2.683815
v -4.020314 3.580487 2.678701
v 4.105340 3.610292 2.666356
v 4.060594 3.568142 2.683815
v 4.092233 3.580488 2.678701
v -4.033420 3.631733 2.698446
v -3.988674 3.599473 2.730706
v -4.020314 3.608922 2.721257
v 4.105340 3.631734 2.698446
v 4.060594 3.599474 2.730706
v 4.092233 3.608923 2.721257
v -4.033420 3.663824 2.719888
v -3.988674 3.646365 2.762037
v -4.020314 3.651478 2.749692
v 4.105340 3.663824 2.719888
v 4.060594 3.646365 2.762037
v 4.092233 3.651479 2.749692
v -4.033420 3.701676 2.727417
v -3.988674 3.701676 2.773040
v -4.020314 3.701676 2.759677
v 4.105340 3.701677 2.727417
v 4.060594 3.701677 2.773040
v 4.092233 3.701677 2.759677
v -4.033420 3.739529 2.719888
v -3.988674 3.756988 2.762037
v -4.020314 3.751874 2.749692
v 4.105340 3.739529 2.719888
v 4.060594 3.756988 2.762037
v 4.092233 3.751874 2.749692
v -4.033420 3.771618 2.698446
v -3.988674 3.803878 2.730706
v -4.020314 3.794430 2.721257
v 4.105340 3.771619 2.698446
v 4.060594 3.803879 2.730706
v 4.092233 3.794430 2.721257
v -4.033420 3.793061 2.666356
v -3.988674 3.835210 2.683815
v -4.020314 3.822865 2.678701
v 4.105340 3.793061 2.666356
v 4.060594 3.835210 2.683815
v 4.092233 3.822865 2.678701
v -4.033420 3.800590 2.628503
v -3.988674 3.846212 2.628503
v -4.020314 3.832850 2.628503
v 4.105340 3.800590 2.628503
v 4.060594 3.846213 2.628503
v 4.092233 3.832850 2.628503
v -4.033420 3.793061 2.590651
v -3.988674 3.835210 2.573192
v -4.020314 3.822865 2.578305
v 4.105340 3.793061 2.590651
v 4.060594 3.835210 2.573192
v 4.092233 3.822865 2.578305
v -4.033420 3.771618 2.558561
v -3.988674 3.803878 2.526301
v -4.020314 3.794430 2.535749
v 4.105340 3.771619 2.558561
v 4.060594 3.803879 2.526301
v 4.092233 3.794430 2.535749
v -4.033420 3.739529 2.537119
v -3.988674 3.756988 2.494969
v -4.020314 3.751874 2.507315
v 4.105340 3.739529 2.537119
v 4.060594 3.756988 2.494969
v 4.092233 3.751874 2.507315
v -4.033420 -0.186356 2.680758
v -3.988674 -0.186356 2.635135
v -4.020314 -0.186356 2.648498
v 4.105340 -0.186355 2.680758
v 4.060594 -0.186355 2.635135
v 4.092233 -0.186355 2.648498
v -4.033420 -0.224208 2.688287
v -3.988674 -0.241667 2.646138
v -4.020314 -0.236553 2.658483
v 4.105340 -0.224207 2.688287
v 4.060594 -0.241666 2.646138
v 4.092233 -0.236553 2.658483
v -4.033420 -0.256298 2.709729
v -3.988674 -0.288558 2.677469
v -4.020314 -0.279109 2.686918
v 4.105340 -0.256297 2.709729
v 4.060594 -0.288557 2.677469
v 4.092233 -0.279109 2.686918
v -4.033420 -0.277740 2.741819
v -3.988674 -0.319889 2.724360
v -4.020314 -0.307544 2.729474
v 4.105340 -0.277739 2.741819
v 4.060594 -0.319889 2.724360
v 4.092233 -0.307544 2.729474
v -4.033420 -0.285269 2.779672
v -3.988674 -0.330892 2.779672
v -4.020314 -0.317529 2.779672
v 4.105340 -0.285269 2.779672
v 4.060594 -0.330891 2.779672
v 4.092233 -0.317528 2.779672
v -4.033420 -0.277740 2.817524
v -3.988674 -0.319889 2.834983
v -4.020314 -0.307544 2.829870
v 4.105340 -0.277739 2.817524
v 4.060594 -0.319889 2.834983
v 4.092233 -0.307544 2.829870
v -4.033420 -0.256298 2.849614
v -3.988674 -0.288558 2.881874
v -4.020314 -0.279109 2.872426
v 4.105340 -0.256297 2.849614
v 4.060594 -0.288557 2.881874
v 4.092233 -0.279109 2.872426
v -4.033420 -0.224208 2.871056
v -3.988674 -0.241667 2.913206
v -4.020314 -0.236553 2.900860
v 4.105340 -0.224207 2.871056
v 4.060594 -0.241666 2.913206
v 4.092233 -0.236553 2.900860
v -4.033420 -0.186356 2.878585
v -3.988674 -0.186356 2.924208
v -4.020314 -0.186356 2.910845
v 4.105340 -0.186355 2.878585
v 4.060594 -0.186355 2.924208
v 4.092233 -0.186355 2.910845
v -4.033420 -0.148503 2.871056
v -3.988674 -0.131044 2.913206
v -4.020314 -0.136158 2.900860
v 4.105340 -0.148502 2.871056
v 4.060594 -0.131043 2.913206
v 4.092233 -0.136157 2.900860
v -4.033420 -0.116413 2.849614
v -3.988674 -0.084153 2.881874
v -4.020314 -0.093602 2.872426
v 4.105340 -0.116412 2.849614
v 4.060594 -0.084152 2.881874
v 4.092233 -0.093601 2.872426
v -4.033420 -0.094971 2.817524
v -3.988674 -0.052821 2.834983
v -4.020314 -0.065167 2.829870
v 4.105340 -0.094971 2.817524
v 4.060594 -0.052821 2.834983
v 4.092233 -0.065166 2.829870
v -4.033420 -0.087442 2.779672
v -3.988674 -0.041819 2.779672
v -4.020314 -0.055182 2.779672
v 4.105340 -0.087441 2.779672
v 4.060594 -0.041819 2.779672
v 4.092233 -0.055181 2.779672
v -4.033420 -0.094971 2.741819
v -3.988674 -0.052821 2.724360
v -4.020314 -0.065167 2.729474
v 4.105340 -0.094971 2.741819
v 4.060594 -0.052821 2.724360
v 4.092233 -0.065166 2.729474
v -4.033420 -0.116413 2.709729
v -3.988674 -0.084153 2.677469
v -4.020314 -0.093602 2.686918
v 4.105340 -0.116412 2.709729
v 4.060594 -0.084152 2.677469
v 4.092233 -0.093601 2.686918
v -4.033420 -0.148503 2.688287
v -3.988674 -0.131044 2.646138
v -4.020314 -0.136158 2.658483
v 4.105340 -0.148502 2.688287
v 4.060594 -0.131043 2.646138
v 4.092233 -0.136157 2.658483
v 3.481578 0.092778 -2.823441
v 3.481578 0.201442 -2.818883
v 3.590341 0.092778 -2.823441
v 3.590341 0.201442 -2.818883
v 3.481578 -0.154187 2.465998
v 3.481578 -0.045523 2.470556
v 3.590341 -0.154187 2.465998
v 3.590341 -0.045523 2.470556
v 3.590341 0.027567 2.611357
v 3.590341 -0.052553 2.683572
v 3.481578 0.027567 2.611357
v 3.481578 -0.052553 2.683572
v 3.481578 -0.060127 -2.975395
v 3.481578 -0.055568 -3.084058
v 3.590341 -0.060127 -2.975395
v 3.590341 -0.055568 -3.084058
v 3.590341 0.132100 -2.977160
v 3.590341 0.052040 -2.903547
v 3.481578 0.132100 -2.977160
v 3.481578 0.052040 -2.903547
v 3.590341 0.027567 2.611357
v 3.590341 -0.052553 2.683572
v 3.481578 0.027567 2.611357
v 3.481578 -0.052553 2.683572
v 3.590341 0.149580 2.676046
v 3.590341 0.144938 2.782732
v 3.481578 0.149580 2.676046
v 3.481578 0.144938 2.782732
v 3.590341 0.335104 2.688576
v 3.590341 0.357934 2.792981
v 3.481578 0.335104 2.688576
v 3.481578 0.357934 2.792981
v 3.590341 3.391827 2.243681
v 3.590341 3.414657 2.348085
v 3.481578 3.391827 2.243681
v 3.481578 3.414657 2.348085
v 3.590341 3.639793 2.292174
v 3.590341 3.596461 2.390117
v 3.481578 3.639793 2.292174
v 3.481578 3.596461 2.390117
v 3.590341 3.781087 2.515934
v 3.590341 3.673460 2.531328
v 3.481578 3.781087 2.515934
v 3.481578 3.673460 2.531328
v 3.481578 -0.254770 -2.909687
v 3.481578 -0.250212 -3.018351
v 3.590341 -0.254770 -2.909687
v 3.590341 -0.250212 -3.018351
v -3.018422 0.092778 -2.823441
v -3.018422 0.201442 -2.818883
v -2.909659 0.092778 -2.823441
v -2.909659 0.201442 -2.818883
v -3.018422 -0.154187 2.465998
v -3.018422 -0.045523 2.470556
v -2.909659 -0.154187 2.465998
v -2.909659 -0.045523 2.470556
v -2.909659 0.027567 2.611357
v -2.909659 -0.052553 2.683572
v -3.018422 0.027567 2.611357
v -3.018422 -0.052553 2.683572
v -3.018422 -0.060127 -2.975395
v -3.018422 -0.055568 -3.084058
v -2.909659 -0.060127 -2.975395
v -2.909659 -0.055568 -3.084058
v -2.909659 0.132100 -2.977160
v -2.909659 0.052040 -2.903547
v -3.018422 0.132100 -2.977160
v -3.018422 0.052040 -2.903547
v -2.909659 0.027567 2.611357
v -2.909659 -0.052553 2.683572
v -3.018422 0.027567 2.611357
v -3.018422 -0.052553 2.683572
v -2.909659 0.149580 2.676046
v -2.909659 0.144938 2.782732
v -3.018422 0.149580 2.676046
v -3.018422 0.144938 2.782732
v -2.909659 0.335104 2.688576
v -2.909659 0.357934 2.792981
v -3.018422 0.335104 2.688576
v -3.018422 0.357934 2.792981
v -2.909659 3.391827 2.243681
v -2.909659 3.414657 2.348085
v -3.018422 3.391827 2.243681
v -3.018422 3.414657 2.348085
v -2.909659 3.639793 2.292174
v -2.909659 3.596461 2.390117
v -3.018422 3.639793 2.292174
v -3.018422 3.596461 2.390117
v -2.909659 3.781087 2.515934
v -2.909659 3.673460 2.531328
v -3.018422 3.781087 2.515934
v -3.018422 3.673460 2.531328
v -3.018422 -0.254770 -2.909687
v -3.018422 -0.250212 -3.018351
v -2.909659 -0.254770 -2.909687
v -2.909659 -0.250212 -3.018351
v -2.018422 0.092778 -2.823441
v -2.018422 0.201442 -2.818883
v -1.909659 0.092778 -2.823441
v -1.909659 0.201442 -2.818883
v -2.018422 -0.154187 2.465998
v -2.018422 -0.045523 2.470556
v -1.909659 -0.154187 2.465998
v -1.909659 -0.045523 2.470556
v -1.909659 0.027567 2.611357
v -1.909659 -0.052553 2.683572
v -2.018422 0.027567 2.611357
v -2.018422 -0.052553 2.683572
v -2.018422 -0.060127 -2.975395
v -2.018422 -0.055568 -3.084058
v -1.909659 -0.060127 -2.975395
v -1.909659 -0.055568 -3.084058
v -1.909659 0.132100 -2.977160
v -1.909659 0.052040 -2.903547
v -2.018422 0.132100 -2.977160
v -2.018422 0.052040 -2.903547
v -1.909659 0.027567 2.611357
v -1.909659 -0.052553 2.683572
v -2.018422 0.027567 2.611357
v -2.018422 -0.052553 2.683572
v -1.909659 0.149580 2.676046
v -1.909659 0.144938 2.782732
v -2.018422 0.149580 2.676046
v -2.018422 0.144938 2.782732
v -1.909659 0.335104 2.688576
v -1.909659 0.357934 2.792981
v -2.018422 0.335104 2.688576
v -2.018422 0.357934 2.792981
v -1.909659 3.391827 2.243681
v -1.909659 3.414657 2.348085
v -2.018422 3.391827 2.243681
v -2.018422 3.414657 2.348085
v -1.909659 3.639793 2.292174
v -1.909659 3.596461 2.390117
v -2.018422 3.639793 2.292174
v -2.018422 3.596461 2.390117
v -1.909659 3.781087 2.515934
v -1.909659 3.673460 2.531328
v -2.018422 3.781087 2.515934
v -2.018422 3.673460 2.531328
v -2.018422 -0.254770 -2.909687
v -2.018422 -0.250212 -3.018351
v -1.909659 -0.254770 -2.909687
v -1.909659 -0.250212 -3.018351
v -1.018422 0.092778 -2.823441
v -1.018422 0.201442 -2.818883
v -0.909659 0.092778 -2.823441
v -0.909659 0.201442 -2.818883
v -1.018422 -0.154187 2.465998
v -1.018422 -0.045523 2.470556
v -0.909659 -0.154187 2.465998
v -0.909659 -0.045523 2.470556
v -0.909659 0.027567 2.611357
v -0.909659 -0.052553 2.683572
v -1.018422 0.027567 2.611357
v -1.018422 -0.052553 2.683572
v -1.018422 -0.060127 -2.975395
v -1.018422 -0.055568 -3.084058
v -0.909659 -0.060127 -2.975395
v -0.909659 -0.055568 -3.084058
v -0.909659 0.132100 -2.977160
v -0.909659 0.052040 -2.903547
v -1.018422 0.132100 -2.977160
v -1.018422 0.052040 -2.903547
v -0.909659 0.027567 2.611357
v -0.909659 -0.052553 2.683572
v -1.018422 0.027567 2.611357
v -1.018422 -0.052553 2.683572
v -0.909659 0.149580 2.676046
v -0.909659 0.144938 2.782732
v -1.018422 0.149580 2.676046
v -1.018422 0.144938 2.782732
v -0.909659 0.335104 2.688576
v -0.909659 0.357934 2.792981
v -1.018422 0.335104 2.688576
v -1.018422 0.357934 2.792981
v -0.909659 3.391827 2.243681
v -0.909659 3.414657 2.348085
v -1.018422 3.391827 2.243681
v -1.018422 3.414657 2.348085
v -0.909659 3.639793 2.292174
v -0.909659 3.596461 2.390117
v -1.018422 3.639793 2.292174
v -1.018422 3.596461 2.390117
v -0.909659 3.781087 2.515934
v -0.909659 3.673460 2.531328
v -1.018422 3.781087 2.515934
v -1.018422 3.673460 2.531328
v -1.018422 -0.254770 -2.909687
v -1.018422 -0.250212 -3.018351
v -0.909659 -0.254770 -2.909687
v -0.909659 -0.250212 -3.018351
v -0.018421 0.092778 -2.823441
v -0.018421 0.201442 -2.818883
v 0.090341 0.092778 -2.823441
v 0.090341 0.201442 -2.818883
v -0.018421 -0.154187 2.465998
v -0.018421 -0.045523 2.470556
v 0.090341 -0.154187 2.465998
v 0.090341 -0.045523 2.470556
v 0.090341 0.027567 2.611357
v 0.090341 -0.052553 2.683572
v -0.018421 0.027567 2.611357
v -0.018421 -0.052553 2.683572
v -0.018421 -0.060127 -2.975395
v -0.018421 -0.055568 -3.084058
v 0.090341 -0.060127 -2.975395
v 0.090341 -0.055568 -3.084058
v 0.090341 0.132100 -2.977160
v 0.090341 0.052040 -2.903547
v -0.018421 0.132100 -2.977160
v -0.018421 0.052040 -2.903547
v 0.090341 0.027567 2.611357
v 0.090341 -0.052553 2.683572
v -0.018421 0.027567 2.611357
v -0.018421 -0.052553 2.683572
v 0.090341 0.149580 2.676046
v 0.090341 0.144938 2.782732
v -0.018421 0.149580 2.676046
v -0.018421 0.144938 2.782732
v 0.090341 0.335104 2.688576
v 0.090341 0.357934 2.792981
v -0.018421 0.335104 2.688576
v -0.018421 0.357934 2.792981
v 0.090341 3.391827 2.243681
v 0.090341 3.414657 2.348085
v -0.018421 3.391827 2.243681
v -0.018421 3.414657 2.348085
v 0.090341 3.639793 2.292174
v 0.090341 3.596461 2.390117
v -0.018421 3.639793 2.292174
v -0.018421 3.596461 2.390117
v 0.090341 3.781087 2.515934
v 0.090341 3.673460 2.531328
v -0.018421 3.781087 2.515934
v -0.018421 3.673460 2.531328
v -0.018421 -0.254770 -2.909687
v -0.018421 -0.250212 -3.018351
v 0.090341 -0.254770 -2.909687
v 0.090341 -0.250212 -3.018351
v 0.981579 0.092778 -2.823441
v 0.981579 0.201442 -2.818883
v 1.090341 0.092778 -2.823441
v 1.090341 0.201442 -2.818883
v 0.981579 -0.154187 2.465998
v 0.981579 -0.045523 2.470556
v 1.090341 -0.154187 2.465998
v 1.090341 -0.045523 2.470556
v 1.090341 0.027567 2.611357
v 1.090341 -0.052553 2.683572
v 0.981579 0.027567 2.611357
v 0.981579 -0.052553 2.683572
v 0.981579 -0.060127 -2.975395
v 0.981579 -0.055568 -3.084058
v 1.090341 -0.060127 -2.975395
v 1.090341 -0.055568 -3.084058
v 1.090341 0.132100 -2.977160
v 1.090341 0.052040 -2.903547
v 0.981579 0.132100 -2.977160
v 0.981579 0.052040 -2.903547
v 1.090341 0.027567 2.611357
v 1.090341 -0.052553 2.683572
v 0.981579 0.027567 2.611357
v 0.981579 -0.052553 2.683572
v 1.090341 0.149580 2.676046
v 1.090341 0.144938 2.782732
v 0.981579 0.149580 2.676046
v 0.981579 0.144938 2.782732
v 1.090341 0.335104 2.688576
v 1.090341 0.357934 2.792981
v 0.981579 0.335104 2.688576
v 0.981579 0.357934 2.792981
v 1.090341 3.391827 2.243681
v 1.090341 3.414657 2.348085
v 0.981579 3.391827 2.243681
v 0.981579 3.414657 2.348085
v 1.090341 3.639793 2.292174
v 1.090341 3.596461 2.390117
v 0.981579 3.639793 2.292174
v 0.981579 3.596461 2.390117
v 1.090341 3.781087 2.515934
v 1.090341 3.673460 2.531328
v 0.981579 3.781087 2.515934
v 0.981579 3.673460 2.531328
v 0.981579 -0.254770 -2.909687
v 0.981579 -0.250212 -3.018351
v 1.090341 -0.254770 -2.909687
v 1.090341 -0.250212 -3.018351
v 1.981578 0.092778 -2.823441
v 1.981578 0.201442 -2.818883
v 2.090342 0.092778 -2.823441
v 2.090342 0.201442 -2.818883
v 1.981578 -0.154187 2.465998
v 1.981578 -0.045523 2.470556
v 2.090342 -0.154187 2.465998
v 2.090342 -0.045523 2.470556
v 2.090342 0.027567 2.611357
v 2.090342 -0.052553 2.683572
v 1.981578 0.027567 2.611357
v 1.981578 -0.052553 2.683572
v 1.981578 -0.060127 -2.975395
v 1.981578 -0.055568 -3.084058
v 2.090342 -0.060127 -2.975395
v 2.090342 -0.055568 -3.084058
v 2.090342 0.132100 -2.977160
v 2.090342 0.052040 -2.903547
v 1.981578 0.132100 -2.977160
v 1.981578 0.052040 -2.903547
v 2.090342 0.027567 2.611357
v 2.090342 -0.052553 2.683572
v 1.981578 0.027567 2.611357
v 1.981578 -0.052553 2.683572
v 2.090342 0.149580 2.676046
v 2.090342 0.144938 2.782732
v 1.981578 0.149580 2.676046
v 1.981578 0.144938 2.782732
v 2.090342 0.335104 2.688576
v 2.090342 0.357934 2.792981
v 1.981578 0.335104 2.688576
v 1.981578 0.357934 2.792981
v 2.090342 3.391827 2.243681
v 2.090342 3.414657 2.348085
v 1.981578 3.391827 2.243681
v 1.981578 3.414657 2.348085
v 2.090342 3.639793 2.292174
v 2.090342 3.596461 2.390117
v 1.981578 3.639793 2.292174
v 1.981578 3.596461 2.390117
v 2.090342 3.781087 2.515934
v 2.090342 3.673460 2.531328
v 1.981578 3.781087 2.515934
v 1.981578 3.673460 2.531328
v 1.981578 -0.254770 -2.909687
v 1.981578 -0.250212 -3.018351
v 2.090342 -0.254770 -2.909687
v 2.090342 -0.250212 -3.018351
v 2.981578 0.092778 -2.823441
v 2.981578 0.201442 -2.818883
v 3.090341 0.092778 -2.823441
v 3.090341 0.201442 -2.818883
v 2.981578 -0.154187 2.465998
v 2.981578 -0.045523 2.470556
v 3.090341 -0.154187 2.465998
v 3.090341 -0.045523 2.470556
v 3.090341 0.027567 2.611357
v 3.090341 -0.052553 2.683572
v 2.981578 0.027567 2.611357
v 2.981578 -0.052553 2.683572
v 2.981578 -0.060127 -2.975395
v 2.981578 -0.055568 -3.084058
v 3.090341 -0.060127 -2.975395
v 3.090341 -0.055568 -3.084058
v 3.090341 0.132100 -2.977160
v 3.090341 0.052040 -2.903547
v 2.981578 0.132100 -2.977160
v 2.981578 0.052040 -2.903547
v 3.090341 0.027567 2.611357
v 3.090341 -0.052553 2.683572
v 2.981578 0.027567 2.611357
v 2.981578 -0.052553 2.683572
v 3.090341 0.149580 2.676046
v 3.090341 0.144938 2.782732
v 2.981578 0.149580 2.676046
v 2.981578 0.144938 2.782732
v 3.090341 0.335104 2.688576
v 3.090341 0.357934 2.792981
v 2.981578 0.335104 2.688576
v 2.981578 0.357934 2.792981
v 3.090341 3.391827 2.243681
v 3.090341 3.414657 2.348085
v 2.981578 3.391827 2.243681
v 2.981578 3.414657 2.348085
v 3.090341 3.639793 2.292174
v 3.090341 3.596461 2.390117
v 2.981578 3.639793 2.292174
v 2.981578 3.596461 2.390117
v 3.090341 3.781087 2.515934
v 3.090341 3.673460 2.531328
v 2.981578 3.781087 2.515934
v 2.981578 3.673460 2.531328
v 2.981578 -0.254770 -2.909687
v 2.981578 -0.250212 -3.018351
v 3.090341 -0.254770 -2.909687
v 3.090341 -0.250212 -3.018351
v 2.481578 0.092778 -2.823441
v 2.481578 0.201442 -2.818883
v 2.590342 0.092778 -2.823441
v 2.590342 0.201442 -2.818883
v 2.481578 -0.154187 2.465998
v 2.481578 -0.045523 2.470556
v 2.590342 -0.154187 2.465998
v 2.590342 -0.045523 2.470556
v 2.590342 0.027567 2.611357
v 2.590342 -0.052553 2.683572
v 2.481578 0.027567 2.611357
v 2.481578 -0.052553 2.683572
v 2.481578 -0.060127 -2.975395
v 2.481578 -0.055568 -3.084058
v 2.590342 -0.060127 -2.975395
v 2.590342 -0.055568 -3.084058
v 2.590342 0.132100 -2.977160
v 2.590342 0.052040 -2.903547
v 2.481578 0.132100 -2.977160
v 2.481578 0.052040 -2.903547
v 2.590342 0.027567 2.611357
v 2.590342 -0.052553 2.683572
v 2.481578 0.027567 2.611357
v 2.481578 -0.052553 2.683572
v 2.590342 0.149580 2.676046
v 2.590342 0.144938 2.782732
v 2.481578 0.149580 2.676046
v 2.481578 0.144938 2.782732
v 2.590342 0.335104 2.688576
v 2.590342 0.357934 2.792981
v 2.481578 0.335104 2.688576
v 2.481578 0.357934 2.792981
v 2.590342 3.391827 2.243681
v 2.590342 3.414657 2.348085
v 2.481578 3.391827 2.243681
v 2.481578 3.414657 2.348085
v 2.590342 3.639793 2.292174
v 2.590342 3.596461 2.390117
v 2.481578 3.639793 2.292174
v 2.481578 3.596461 2.390117
v 2.590342 3.781087 2.515934
v 2.590342 3.673460 2.531328
v 2.481578 3.781087 2.515934
v 2.481578 3.673460 2.531328
v 2.481578 -0.254770 -2.909687
v 2.481578 -0.250212 -3.018351
v 2.590342 -0.254770 -2.909687
v 2.590342 -0.250212 -3.018351
v 1.481579 0.092778 -2.823441
v 1.481579 0.201442 -2.818883
v 1.590341 0.092778 -2.823441
v 1.590341 0.201442 -2.818883
v 1.481579 -0.154187 2.465998
v 1.481579 -0.045523 2.470556
v 1.590341 -0.154187 2.465998
v 1.590341 -0.045523 2.470556
v 1.590341 0.027567 2.611357
v 1.590341 -0.052553 2.683572
v 1.481579 0.027567 2.611357
v 1.481579 -0.052553 2.683572
v 1.481579 -0.060127 -2.975395
v 1.481579 -0.055568 -3.084058
v 1.590341 -0.060127 -2.975395
v 1.590341 -0.055568 -3.084058
v 1.590341 0.132100 -2.977160
v 1.590341 0.052040 -2.903547
v 1.481579 0.132100 -2.977160
v 1.481579 0.052040 -2.903547
v 1.590341 0.027567 2.611357
v 1.590341 -0.052553 2.683572
v 1.481579 0.027567 2.611357
v 1.481579 -0.052553 2.683572
v 1.590341 0.149580 2.676046
v 1.590341 0.144938 2.782732
v 1.481579 0.149580 2.676046
v 1.481579 0.144938 2.782732
v 1.590341 0.335104 2.688576
v 1.590341 0.357934 2.792981
v 1.481579 0.335104 2.688576
v 1.481579 0.357934 2.792981
v 1.590341 3.391827 2.243681
v 1.590341 3.414657 2.348085
v 1.481579 3.391827 2.243681
v 1.481579 3.414657 2.348085
v 1.590341 3.639793 2.292174
v 1.590341 3.596461 2.390117
v 1.481579 3.639793 2.292174
v 1.481579 3.596461 2.390117
v 1.590341 3.781087 2.515934
v 1.590341 3.673460 2.531328
v 1.481579 3.781087 2.515934
v 1.481579 3.673460 2.531328
v 1.481579 -0.254770 -2.909687
v 1.481579 -0.250212 -3.018351
v 1.590341 -0.254770 -2.909687
v 1.590341 -0.250212 -3.018351
v 0.481579 0.092778 -2.823441
v 0.481579 0.201442 -2.818883
v 0.590341 0.092778 -2.823441
v 0.590341 0.201442 -2.818883
v 0.481579 -0.154187 2.465998
v 0.481579 -0.045523 2.470556
v 0.590341 -0.154187 2.465998
v 0.590341 -0.045523 2.470556
v 0.590341 0.027567 2.611357
v 0.590341 -0.052553 2.683572
v 0.481579 0.027567 2.611357
v 0.481579 -0.052553 2.683572
v 0.481579 -0.060127 -2.975395
v 0.481579 -0.055568 -3.084058
v 0.590341 -0.060127 -2.975395
v 0.590341 -0.055568 -3.084058
v 0.590341 0.132100 -2.977160
v 0.590341 0.052040 -2.903547
v 0.481579 0.132100 -2.977160
v 0.481579 0.052040 -2.903547
v 0.590341 0.027567 2.611357
v 0.590341 -0.052553 2.683572
v 0.481579 0.027567 2.611357
v 0.481579 -0.052553 2.683572
v 0.590341 0.149580 2.676046
v 0.590341 0.144938 2.782732
v 0.481579 0.149580 2.676046
v 0.481579 0.144938 2.782732
v 0.590341 0.335104 2.688576
v 0.590341 0.357934 2.792981
v 0.481579 0.335104 2.688576
v 0.481579 0.357934 2.792981
v 0.590341 3.391827 2.243681
v 0.590341 3.414657 2.348085
v 0.481579 3.391827 2.243681
v 0.481579 3.414657 2.348085
v 0.590341 3.639793 2.292174
v 0.590341 3.596461 2.390117
v 0.481579 3.639793 2.292174
v 0.481579 3.596461 2.390117
v 0.590341 3.781087 2.515934
v 0.590341 3.673460 2.531328
v 0.481579 3.781087 2.515934
v 0.481579 3.673460 2.531328
v 0.481579 -0.254770 -2.909687
v 0.481579 -0.250212 -3.018351
v 0.590341 -0.254770 -2.909687
v 0.590341 -0.250212 -3.018351
v -0.518422 0.092778 -2.823441
v -0.518422 0.201442 -2.818883
v -0.409659 0.092778 -2.823441
v -0.409659 0.201442 -2.818883
v -0.518422 -0.154187 2.465998
v -0.518422 -0.045523 2.470556
v -0.409659 -0.154187 2.465998
v -0.409659 -0.045523 2.470556
v -0.409659 0.027567 2.611357
v -0.409659 -0.052553 2.683572
v -0.518422 0.027567 2.611357
v -0.518422 -0.052553 2.683572
v -0.518422 -0.060127 -2.975395
v -0.518422 -0.055568 -3.084058
v -0.409659 -0.060127 -2.975395
v -0.409659 -0.055568 -3.084058
v -0.409659 0.132100 -2.977160
v -0.409659 0.052040 -2.903547
v -0.518422 0.132100 -2.977160
v -0.518422 0.052040 -2.903547
v -0.409659 0.027567 2.611357
v -0.409659 -0.052553 2.683572
v -0.518422 0.027567 2.611357
v -0.518422 -0.052553 2.683572
v -0.409659 0.149580 2.676046
v -0.409659 0.144938 2.782732
v -0.518422 0.149580 2.676046
v -0.518422 0.144938 2.782732
v -0.409659 0.335104 2.688576
v -0.409659 0.357934 2.792981
v -0.518422 0.335104 2.688576
v -0.518422 0.357934 2.792981
v -0.409659 3.391827 2.243681
v -0.409659 3.414657 2.348085
v -0.518422 3.391827 2.243681
v -0.518422 3.414657 2.348085
v -0.409659 3.639793 2.292174
v -0.409659 3.596461 2.390117
v -0.518422 3.639793 2.292174
v -0.518422 3.596461 2.390117
v -0.409659 3.781087 2.515934
v -0.409659 3.673460 2.531328
v -0.518422 3.781087 2.515934
v -0.518422 3.673460 2.531328
v -0.518422 -0.254770 -2.909687
v -0.518422 -0.250212 -3.018351
v -0.409659 -0.254770 -2.909687
v -0.409659 -0.250212 -3.018351
v -1.518422 0.092778 -2.823441
v -1.518422 0.201442 -2.818883
v -1.409659 0.092778 -2.823441
v -1.409659 0.201442 -2.818883
v -1.518422 -0.154187 2.465998
v -1.518422 -0.045523 2.470556
v -1.409659 -0.154187 2.465998
v -1.409659 -0.045523 2.470556
v -1.409659 0.027567 2.611357
v -1.409659 -0.052553 2.683572
v -1.518422 0.027567 2.611357
v -1.518422 -0.052553 2.683572
v -1.518422 -0.060127 -2.975395
v -1.518422 -0.055568 -3.084058
v -1.409659 -0.060127 -2.975395
v -1.409659 -0.055568 -3.084058
v -1.409659 0.132100 -2.977160
v -1.409659 0.052040 -2.903547
v -1.518422 0.132100 -2.977160
v -1.518422 0.052040 -2.903547
v -1.409659 0.027567 2.611357
v -1.409659 -0.052553 2.683572
v -1.518422 0.027567 2.611357
v -1.518422 -0.052553 2.683572
v -1.409659 0.149580 2.676046
v -1.409659 0.144938 2.782732
v -1.518422 0.149580 2.676046
v -1.518422 0.144938 2.782732
v -1.409659 0.335104 2.688576
v -1.409659 0.357934 2.792981
v -1.518422 0.335104 2.688576
v -1.518422 0.357934 2.792981
v -1.409659 3.391827 2.243681
v -1.409659 3.414657 2.348085
v -1.518422 3.391827 2.243681
v -1.518422 3.414657 2.348085
v -1.409659 3.639793 2.292174
v -1.409659 3.596461 2.390117
v -1.518422 3.639793 2.292174
v -1.518422 3.596461 2.390117
v -1.409659 3.781087 2.515934
v -1.409659 3.673460 2.531328
v -1.518422 3.781087 2.515934
v -1.518422 3.673460 2.531328
v -1.518422 -0.254770 -2.909687
v -1.518422 -0.250212 -3.018351
v -1.409659 -0.254770 -2.909687
v -1.409659 -0.250212 -3.018351
v -2.518422 0.092778 -2.823441
v -2.518422 0.201442 -2.818883
v -2.409659 0.092778 -2.823441
v -2.409659 0.201442 -2.818883
v -2.518422 -0.154187 2.465998
v -2.518422 -0.045523 2.470556
v -2.409659 -0.154187 2.465998
v -2.409659 -0.045523 2.470556
v -2.409659 0.027567 2.611357
v -2.409659 -0.052553 2.683572
v -2.518422 0.027567 2.611357
v -2.518422 -0.052553 2.683572
v -2.518422 -0.060127 -2.975395
v -2.518422 -0.055568 -3.084058
v -2.409659 -0.060127 -2.975395
v -2.409659 -0.055568 -3.084058
v -2.409659 0.132100 -2.977160
v -2.409659 0.052040 -2.903547
v -2.518422 0.132100 -2.977160
v -2.518422 0.052040 -2.903547
v -2.409659 0.027567 2.611357
v -2.409659 -0.052553 2.683572
v -2.518422 0.027567 2.611357
v -2.518422 -0.052553 2.683572
v -2.409659 0.149580 2.676046
v -2.409659 0.144938 2.782732
v -2.518422 0.149580 2.676046
v -2.518422 0.144938 2.782732
v -2.409659 0.335104 2.688576
v -2.409659 0.357934 2.792981
v -2.518422 0.335104 2.688576
v -2.518422 0.357934 2.792981
v -2.409659 3.391827 2.243681
v -2.409659 3.414657 2.348085
v -2.518422 3.391827 2.243681
v -2.518422 3.414657 2.348085
v -2.409659 3.639793 2.292174
v -2.409659 3.596461 2.390117
v -2.518422 3.639793 2.292174
v -2.518422 3.596461 2.390117
v -2.409659 3.781087 2.515934
v -2.409659 3.673460 2.531328
v -2.518422 3.781087 2.515934
v -2.518422 3.673460 2.531328
v -2.518422 -0.254770 -2.909687
v -2.518422 -0.250212 -3.018351
v -2.409659 -0.254770 -2.909687
v -2.409659 -0.250212 -3.018351
v -3.518422 0.092778 -2.823441
v -3.518422 0.201442 -2.818883
v -3.409659 0.092778 -2.823441
v -3.409659 0.201442 -2.818883
v -3.518422 -0.154187 2.465998
v -3.518422 -0.045523 2.470556
v -3.409659 -0.154187 2.465998
v -3.409659 -0.045523 2.470556
v -3.409659 0.027567 2.611357
v -3.409659 -0.052553 2.683572
v -3.518422 0.027567 2.611357
v -3.518422 -0.052553 2.683572
v -3.518422 -0.060127 -2.975395
v -3.518422 -0.055568 -3.084058
v -3.409659 -0.060127 -2.975395
v -3.409659 -0.055568 -3.084058
v -3.409659 0.132100 -2.977160
v -3.409659 0.052040 -2.903547
v -3.518422 0.132100 -2.977160
v -3.518422 0.052040 -2.903547
v -3.409659 0.027567 2.611357
v -3.409659 -0.052553 2.683572
v -3.518422 0.027567 2.611357
v -3.518422 -0.052553 2.683572
v -3.409659 0.149580 2.676046
v -3.409659 0.144938 2.782732
v -3.518422 0.149580 2.676046
v -3.518422 0.144938 2.782732
v -3.409659 0.335104 2.688576
v -3.409659 0.357934 2.792981
v -3.518422 0.335104 2.688576
v -3.518422 0.357934 2.792981
v -3.409659 3.391827 2.243681
v -3.409659 3.414657 2.348085
v -3.518422 3.391827 2.243681
v -3.518422 3.414657 2.348085
v -3.409659 3.639793 2.292174
v -3.409659 3.596461 2.390117
v -3.518422 3.639793 2.292174
v -3.518422 3.596461 2.390117
v -3.409659 3.781087 2.515934
v -3.409659 3.673460 2.531328
v -3.518422 3.781087 2.515934
v -3.518422 3.673460 2.531328
v -3.518422 -0.254770 -2.909687
v -3.518422 -0.250212 -3.018351
v -3.409659 -0.254770 -2.909687
v -3.409659 -0.250212 -3.018351
v -4.033420 -0.206460 -3.033642
v -3.988674 -0.206460 -3.079265
v -4.020314 -0.206460 -3.065902
v 4.105340 -0.206459 -3.033642
v 4.060594 -0.206459 -3.079265
v 4.092233 -0.206459 -3.065902
v -4.033420 -0.244312 -3.026113
v -3.988674 -0.261771 -3.068263
v -4.020314 -0.256657 -3.055917
v 4.105340 -0.244311 -3.026113
v 4.060594 -0.261770 -3.068263
v 4.092233 -0.256657 -3.055917
v -4.033420 -0.276402 -3.004671
v -3.988674 -0.308662 -3.036931
v -4.020314 -0.299213 -3.027483
v 4.105340 -0.276401 -3.004671
v 4.060594 -0.308661 -3.036931
v 4.092233 -0.299212 -3.027483
v -4.033420 -0.297844 -2.972581
v -3.988674 -0.339993 -2.990040
v -4.020314 -0.327648 -2.984927
v 4.105340 -0.297843 -2.972581
v 4.060594 -0.339993 -2.990040
v 4.092233 -0.327647 -2.984927
v -4.033420 -0.305373 -2.934729
v -3.988674 -0.350996 -2.934729
v -4.020314 -0.337633 -2.934729
v 4.105340 -0.305372 -2.934729
v 4.060594 -0.350995 -2.934729
v 4.092233 -0.337632 -2.934729
v -4.033420 -0.297844 -2.896876
v -3.988674 -0.339993 -2.879417
v -4.020314 -0.327648 -2.884531
v 4.105340 -0.297843 -2.896876
v 4.060594 -0.339993 -2.879417
v 4.092233 -0.327647 -2.884531
v -4.033420 -0.276402 -2.864786
v -3.988674 -0.308662 -2.832526
v -4.020314 -0.299213 -2.841975
v 4.105340 -0.276401 -2.864786
v 4.060594 -0.308661 -2.832526
v 4.092233 -0.299212 -2.841975
v -4.033420 -0.244312 -2.843344
v -3.988674 -0.261771 -2.801195
v -4.020314 -0.256657 -2.813540
v 4.105340 -0.244311 -2.843344
v 4.060594 -0.261770 -2.801195
v 4.092233 -0.256657 -2.813540
v -4.033420 -0.206460 -2.835815
v -3.988674 -0.206460 -2.790192
v -4.020314 -0.206460 -2.803555
v 4.105340 -0.206459 -2.835815
v 4.060594 -0.206459 -2.790192
v 4.092233 -0.206459 -2.803555
v -4.033420 -0.168607 -2.843344
v -3.988674 -0.151148 -2.801195
v -4.020314 -0.156261 -2.813540
v 4.105340 -0.168606 -2.843344
v 4.060594 -0.151147 -2.801195
v 4.092233 -0.156261 -2.813540
v -4.033420 -0.136517 -2.864786
v -3.988674 -0.104257 -2.832526
v -4.020314 -0.113706 -2.841975
v 4.105340 -0.136516 -2.864786
v 4.060594 -0.104256 -2.832526
v 4.092233 -0.113705 -2.841975
v -4.033420 -0.115075 -2.896876
v -3.988674 -0.072925 -2.879417
v -4.020314 -0.085271 -2.884531
v 4.105340 -0.115075 -2.896876
v 4.060594 -0.072925 -2.879417
v 4.092233 -0.085270 -2.884531
v -4.033420 -0.107546 -2.934729
v -3.988674 -0.061923 -2.934729
v -4.020314 -0.075285 -2.934729
v 4.105340 -0.107545 -2.934729
v 4.060594 -0.061923 -2.934729
v 4.092233 -0.075285 -2.934729
v -4.033420 -0.115075 -2.972581
v -3.988674 -0.072925 -2.990040
v -4.020314 -0.085271 -2.984927
v 4.105340 -0.115075 -2.972581
v 4.060594 -0.072925 -2.990040
v 4.092233 -0.085270 -2.984927
v -4.033420 -0.136517 -3.004671
v -3.988674 -0.104257 -3.036931
v -4.020314 -0.113706 -3.027483
v 4.105340 -0.136516 -3.004671
v 4.060594 -0.104256 -3.036931
v 4.092233 -0.113705 -3.027483
v -4.033420 -0.168607 -3.026113
v -3.988674 -0.151148 -3.068263
v -4.020314 -0.156261 -3.055917
v 4.105340 -0.168606 -3.026113
v 4.060594 -0.151147 -3.068263
v 4.092233 -0.156261 -3.055917
v -3.518422 -3.872775 -2.877917
v -3.518422 -3.764012 -2.877917
v -3.409659 -3.872775 -2.877917
v -3.409659 -3.764012 -2.877917
v -3.518422 -3.821149 -3.059775
v -3.518422 -3.898056 -2.954255
v -3.409659 -3.898056 -2.954255
v -3.409659 -3.821149 -3.059775
v -3.518422 -3.953953 -3.128974
v -3.518422 -3.953954 -2.979745
v -3.409659 -3.953954 -2.979745
v -3.409659 -3.953953 -3.128974
v -3.518422 -3.872775 2.887280
v -3.518422 -3.764012 2.887280
v -3.409659 -3.872775 2.887280
v -3.409659 -3.764012 2.887280
v -3.518422 -3.821149 3.069138
v -3.518422 -3.898056 2.963618
v -3.409659 -3.898056 2.963618
v -3.409659 -3.821149 3.069138
v -3.518422 -3.953953 3.138337
v -3.518422 -3.953954 2.989108
v -3.409659 -3.953954 2.989108
v -3.409659 -3.953953 3.138337
v 3.481578 -3.872775 -2.877917
v 3.481578 -3.764012 -2.877917
v 3.590341 -3.872775 -2.877917
v 3.590341 -3.764012 -2.877917
v 3.481578 -3.821149 -3.059775
v 3.481578 -3.898056 -2.954255
v 3.590341 -3.898056 -2.954255
v 3.590341 -3.821149 -3.059775
v 3.481578 -3.953953 -3.128974
v 3.481578 -3.953954 -2.979745
v 3.590341 -3.953954 -2.979745
v 3.590341 -3.953953 -3.128974
v 3.481578 -3.872775 2.887280
v 3.481578 -3.764012 2.887280
v 3.590341 -3.872775 2.887280
v 3.590341 -3.764012 2.887280
v 3.481578 -3.821149 3.069138
v 3.481578 -3.898056 2.963618
v 3.590341 -3.898056 2.963618
v 3.590341 -3.821149 3.069138
v 3.481578 -3.953953 3.138337
v 3.481578 -3.953954 2.989108
v 3.590341 -3.953954 2.989108
v 3.590341 -3.953953 3.138337
v -2.518422 -3.872775 -2.877917
v -2.518422 -3.764012 -2.877917
v -2.409659 -3.872775 -2.877917
v -2.409659 -3.764012 -2.877917
v -2.518422 -3.821149 -3.059775
v -2.518422 -3.898056 -2.954255
v -2.409659 -3.898056 -2.954255
v -2.409659 -3.821149 -3.059775
v -2.518422 -3.953953 -3.128974
v -2.518422 -3.953954 -2.979745
v -2.409659 -3.953954 -2.979745
v -2.409659 -3.953953 -3.128974
v -2.518422 -3.872775 2.887280
v -2.518422 -3.764012 2.887280
v -2.409659 -3.872775 2.887280
v -2.409659 -3.764012 2.887280
v -2.518422 -3.821149 3.069138
v -2.518422 -3.898056 2.963618
v -2.409659 -3.898056 2.963618
v -2.409659 -3.821149 3.069138
v -2.518422 -3.953953 3.138337
v -2.518422 -3.953954 2.989108
v -2.409659 -3.953954 2.989108
v -2.409659 -3.953953 3.138337
v -1.518422 -3.872775 -2.877917
v -1.518422 -3.764012 -2.877917
v -1.409659 -3.872775 -2.877917
v -1.409659 -3.764012 -2.877917
v -1.518422 -3.821149 -3.059775
v -1.518422 -3.898056 -2.954255
v -1.409659 -3.898056 -2.954255
v -1.409659 -3.821149 -3.059775
v -1.518422 -3.953953 -3.128974
v -1.518422 -3.953954 -2.979745
v -1.409659 -3.953954 -2.979745
v -1.409659 -3.953953 -3.128974
v -1.518422 -3.872775 2.887280
v -1.518422 -3.764012 2.887280
v -1.409659 -3.872775 2.887280
v -1.409659 -3.764012 2.887280
v -1.518422 -3.821149 3.069138
v -1.518422 -3.898056 2.963618
v -1.409659 -3.898056 2.963618
v -1.409659 -3.821149 3.069138
v -1.518422 -3.953953 3.138337
v -1.518422 -3.953954 2.989108
v -1.409659 -3.953954 2.989108
v -1.409659 -3.953953 3.138337
v -0.518422 -3.872775 -2.877917
v -0.518422 -3.764012 -2.877917
v -0.409659 -3.872775 -2.877917
v -0.409659 -3.764012 -2.877917
v -0.518422 -3.821149 -3.059775
v -0.518422 -3.898056 -2.954255
v -0.409659 -3.898056 -2.954255
v -0.409659 -3.821149 -3.059775
v -0.518422 -3.953953 -3.128974
v -0.518422 -3.953954 -2.979745
v -0.409659 -3.953954 -2.979745
v -0.409659 -3.953953 -3.128974
v -0.518422 -3.872775 2.887280
v -0.518422 -3.764012 2.887280
v -0.409659 -3.872775 2.887280
v -0.409659 -3.764012 2.887280
v -0.518422 -3.821149 3.069138
v -0.518422 -3.898056 2.963618
v -0.409659 -3.898056 2.963618
v -0.409659 -3.821149 3.069138
v -0.518422 -3.953953 3.138337
v -0.518422 -3.953954 2.989108
v -0.409659 -3.953954 2.989108
v -0.409659 -3.953953 3.138337
v 0.481578 -3.872775 -2.877917
v 0.481578 -3.764012 -2.877917
v 0.590341 -3.872775 -2.877917
v 0.590341 -3.764012 -2.877917
v 0.481578 -3.821149 -3.059775
v 0.481578 -3.898056 -2.954255
v 0.590341 -3.898056 -2.954255
v 0.590341 -3.821149 -3.059775
v 0.481578 -3.953953 -3.128974
v 0.481578 -3.953954 -2.979745
v 0.590341 -3.953954 -2.979745
v 0.590341 -3.953953 -3.128974
v 0.481578 -3.872775 2.887280
v 0.481578 -3.764012 2.887280
v 0.590341 -3.872775 2.887280
v 0.590341 -3.764012 2.887280
v 0.481578 -3.821149 3.069138
v 0.481578 -3.898056 2.963618
v 0.590341 -3.898056 2.963618
v 0.590341 -3.821149 3.069138
v 0.481578 -3.953953 3.138337
v 0.481578 -3.953954 2.989108
v 0.590341 -3.953954 2.989108
v 0.590341 -3.953953 3.138337
v 1.481578 -3.872775 -2.877917
v 1.481578 -3.764012 -2.877917
v 1.590341 -3.872775 -2.877917
v 1.590341 -3.764012 -2.877917
v 1.481578 -3.821149 -3.059775
v 1.481578 -3.898056 -2.954255
v 1.590341 -3.898056 -2.954255
v 1.590341 -3.821149 -3.059775
v 1.481578 -3.953953 -3.128974
v 1.481578 -3.953954 -2.979745
v 1.590341 -3.953954 -2.979745
v 1.590341 -3.953953 -3.128974
v 1.481578 -3.872775 2.887280
v 1.481578 -3.764012 2.887280
v 1.590341 -3.872775 2.887280
v 1.590341 -3.764012 2.887280
v 1.481578 -3.821149 3.069138
v 1.481578 -3.898056 2.963618
v 1.590341 -3.898056 2.963618
v 1.590341 -3.821149 3.069138
v 1.481578 -3.953953 3.138337
v 1.481578 -3.953954 2.989108
v 1.590341 -3.953954 2.989108
v 1.590341 -3.953953 3.138337
v 1.481578 -3.764012 0.004681
v 2.481578 -3.872775 -2.877917
v 2.481578 -3.764012 -2.877917
v 2.590341 -3.872775 -2.877917
v 2.590341 -3.764012 -2.877917
v 2.481578 -3.821149 -3.059775
v 2.481578 -3.898056 -2.954255
v 2.590341 -3.898056 -2.954255
v 2.590341 -3.821149 -3.059775
v 2.481578 -3.953953 -3.128974
v 2.481578 -3.953954 -2.979745
v 2.590341 -3.953954 -2.979745
v 2.590341 -3.953953 -3.128974
v 2.481578 -3.872775 2.887280
v 2.481578 -3.764012 2.887280
v 2.590341 -3.872775 2.887280
v 2.590341 -3.764012 2.887280
v 2.481578 -3.821149 3.069138
v 2.481578 -3.898056 2.963618
v 2.590341 -3.898056 2.963618
v 2.590341 -3.821149 3.069138
v 2.481578 -3.953953 3.138337
v 2.481578 -3.953954 2.989108
v 2.590341 -3.953954 2.989108
v 2.590341 -3.953953 3.138337
v 2.981578 -3.872775 -2.877917
v 2.981578 -3.764012 -2.877917
v 3.090341 -3.872775 -2.877917
v 3.090341 -3.764012 -2.877917
v 2.981578 -3.821149 -3.059775
v 2.981578 -3.898056 -2.954255
v 3.090341 -3.898056 -2.954255
v 3.090341 -3.821149 -3.059775
v 2.981578 -3.953953 -3.128974
v 2.981578 -3.953954 -2.979745
v 3.090341 -3.953954 -2.979745
v 3.090341 -3.953953 -3.128974
v 2.981578 -3.872775 2.887280
v 2.981578 -3.764012 2.887280
v 3.090341 -3.872775 2.887280
v 3.090341 -3.764012 2.887280
v 2.981578 -3.821149 3.069138
v 2.981578 -3.898056 2.963618
v 3.090341 -3.898056 2.963618
v 3.090341 -3.821149 3.069138
v 2.981578 -3.953953 3.138337
v 2.981578 -3.953954 2.989108
v 3.090341 -3.953954 2.989108
v 3.090341 -3.953953 3.138337
v 1.981578 -3.872775 -2.877917
v 1.981578 -3.764012 -2.877917
v 2.090341 -3.872775 -2.877917
v 2.090341 -3.764012 -2.877917
v 1.981578 -3.821149 -3.059775
v 1.981578 -3.898056 -2.954255
v 2.090341 -3.898056 -2.954255
v 2.090341 -3.821149 -3.059775
v 1.981578 -3.953953 -3.128974
v 1.981578 -3.953954 -2.979745
v 2.090341 -3.953954 -2.979745
v 2.090341 -3.953953 -3.128974
v 1.981578 -3.872775 2.887280
v 1.981578 -3.764012 2.887280
v 2.090341 -3.872775 2.887280
v 2.090341 -3.764012 2.887280
v 1.981578 -3.821149 3.069138
v 1.981578 -3.898056 2.963618
v 2.090341 -3.898056 2.963618
v 2.090341 -3.821149 3.069138
v 1.981578 -3.953953 3.138337
v 1.981578 -3.953954 2.989108
v 2.090341 -3.953954 2.989108
v 2.090341 -3.953953 3.138337
v 0.981578 -3.872775 -2.877917
v 0.981578 -3.764012 -2.877917
v 1.090341 -3.872775 -2.877917
v 1.090341 -3.764012 -2.877917
v 0.981578 -3.821149 -3.059775
v 0.981578 -3.898056 -2.954255
v 1.090341 -3.898056 -2.954255
v 1.090341 -3.821149 -3.059775
v 0.981578 -3.953953 -3.128974
v 0.981578 -3.953954 -2.979745
v 1.090341 -3.953954 -2.979745
v 1.090341 -3.953953 -3.128974
v 0.981578 -3.872775 2.887280
v 0.981578 -3.764012 2.887280
v 1.090341 -3.872775 2.887280
v 1.090341 -3.764012 2.887280
v 0.981578 -3.821149 3.069138
v 0.981578 -3.898056 2.963618
v 1.090341 -3.898056 2.963618
v 1.090341 -3.821149 3.069138
v 0.981578 -3.953953 3.138337
v 0.981578 -3.953954 2.989108
v 1.090341 -3.953954 2.989108
v 1.090341 -3.953953 3.138337
v -3.018422 -3.872775 -2.877917
v -3.018422 -3.764012 -2.877917
v -2.909659 -3.872775 -2.877917
v -2.909659 -3.764012 -2.877917
v -3.018422 -3.821149 -3.059775
v -3.018422 -3.898056 -2.954255
v -2.909659 -3.898056 -2.954255
v -2.909659 -3.821149 -3.059775
v -3.018422 -3.953953 -3.128974
v -3.018422 -3.953954 -2.979745
v -2.909659 -3.953954 -2.979745
v -2.909659 -3.953953 -3.128974
v -3.018422 -3.872775 2.887280
v -3.018422 -3.764012 2.887280
v -2.909659 -3.872775 2.887280
v -2.909659 -3.764012 2.887280
v -3.018422 -3.821149 3.069138
v -3.018422 -3.898056 2.963618
v -2.909659 -3.898056 2.963618
v -2.909659 -3.821149 3.069138
v -3.018422 -3.953953 3.138337
v -3.018422 -3.953954 2.989108
v -2.909659 -3.953954 2.989108
v -2.909659 -3.953953 3.138337
v -2.018422 -3.872775 -2.877917
v -2.018422 -3.764012 -2.877917
v -1.909659 -3.872775 -2.877917
v -1.909659 -3.764012 -2.877917
v -2.018422 -3.821149 -3.059775
v -2.018422 -3.898056 -2.954255
v -1.909659 -3.898056 -2.954255
v -1.909659 -3.821149 -3.059775
v -2.018422 -3.953953 -3.128974
v -2.018422 -3.953954 -2.979745
v -1.909659 -3.953954 -2.979745
v -1.909659 -3.953953 -3.128974
v -2.018422 -3.872775 2.887280
v -2.018422 -3.764012 2.887280
v -1.909659 -3.872775 2.887280
v -1.909659 -3.764012 2.887280
v -2.018422 -3.821149 3.069138
v -2.018422 -3.898056 2.963618
v -1.909659 -3.898056 2.963618
v -1.909659 -3.821149 3.069138
v -2.018422 -3.953953 3.138337
v -2.018422 -3.953954 2.989108
v -1.909659 -3.953954 2.989108
v -1.909659 -3.953953 3.138337
v -1.018422 -3.872775 -2.877917
v -1.018422 -3.764012 -2.877917
v -0.909659 -3.872775 -2.877917
v -0.909659 -3.764012 -2.877917
v -1.018422 -3.821149 -3.059775
v -1.018422 -3.898056 -2.954255
v -0.909659 -3.898056 -2.954255
v -0.909659 -3.821149 -3.059775
v -1.018422 -3.953953 -3.128974
v -1.018422 -3.953954 -2.979745
v -0.909659 -3.953954 -2.979745
v -0.909659 -3.953953 -3.128974
v -1.018422 -3.872775 2.887280
v -1.018422 -3.764012 2.887280
v -0.909659 -3.872775 2.887280
v -0.909659 -3.764012 2.887280
v -1.018422 -3.821149 3.069138
v -1.018422 -3.898056 2.963618
v -0.909659 -3.898056 2.963618
v -0.909659 -3.821149 3.069138
v -1.018422 -3.953953 3.138337
v -1.018422 -3.953954 2.989108
v -0.909659 -3.953954 2.989108
v -0.909659 -3.953953 3.138337
v -0.018422 -3.872775 -2.877917
v -0.018422 -3.764012 -2.877917
v 0.090341 -3.872775 -2.877917
v 0.090341 -3.764012 -2.877917
v -0.018422 -3.821149 -3.059775
v -0.018422 -3.898056 -2.954255
v 0.090341 -3.898056 -2.954255
v 0.090341 -3.821149 -3.059775
v -0.018422 -3.953953 -3.128974
v -0.018422 -3.953954 -2.979745
v 0.090341 -3.953954 -2.979745
v 0.090341 -3.953953 -3.128974
v -0.018422 -3.872775 2.887280
v -0.018422 -3.764012 2.887280
v 0.090341 -3.872775 2.887280
v 0.090341 -3.764012 2.887280
v -0.018422 -3.821149 3.069138
v -0.018422 -3.898056 2.963618
v 0.090341 -3.898056 2.963618
v 0.090341 -3.821149 3.069138
v -0.018422 -3.953953 3.138337
v -0.018422 -3.953954 2.989108
v 0.090341 -3.953954 2.989108
v 0.090341 -3.953953 3.138337
v -3.924997 -3.989841 3.145832
v -3.924997 3.354994 3.145832
v -3.924997 -3.989841 2.515241
v -3.924997 3.354994 2.515241
v -3.728591 -3.989841 3.145832
v -3.728591 3.354994 3.145832
v -3.728591 -3.989841 2.515241
v -3.728591 3.354994 2.515241
v -3.924997 4.053897 2.820240
v -3.924997 3.608002 2.374345
v -3.728591 3.608002 2.374345
v -3.728591 4.053897 2.820240
v -3.924997 4.488437 1.856995
v -3.924997 3.857847 1.856995
v -3.728591 3.857847 1.856995
v -3.728591 4.488437 1.856995
v -3.924997 4.225134 0.949643
v -3.924997 3.625522 1.144860
v -3.728591 3.625522 1.144860
v -3.728591 4.225134 0.949643
v -3.924997 3.078554 -2.188191
v -3.924997 2.478942 -1.992975
v -3.728591 2.478942 -1.992975
v -3.728591 3.078554 -2.188191
v -3.924997 2.498245 -2.798666
v -3.924997 2.212293 -2.236638
v -3.728591 2.212293 -2.236638
v -3.728591 2.498245 -2.798666
v -3.924997 1.724555 -3.152759
v -3.924997 1.728795 -2.522183
v -3.728591 1.728795 -2.522183
v -3.728591 1.724555 -3.152759
v -3.924997 -3.971381 -3.127237
v -3.924997 -3.967142 -2.496661
v -3.728591 -3.967142 -2.496661
v -3.728591 -3.971381 -3.127237
v 3.996917 -3.989841 3.145832
v 3.996917 3.354994 3.145832
v 3.996917 -3.989841 2.515241
v 3.996917 3.354994 2.515241
v 3.800511 -3.989841 3.145832
v 3.800511 3.354994 3.145832
v 3.800511 -3.989841 2.515241
v 3.800511 3.354994 2.515241
v 3.996917 4.053897 2.820240
v 3.996917 3.608002 2.374345
v 3.800511 3.608002 2.374345
v 3.800511 4.053897 2.820240
v 3.996917 4.488437 1.856995
v 3.996917 3.857847 1.856995
v 3.800511 3.857847 1.856995
v 3.800511 4.488437 1.856995
v 3.996917 4.225134 0.949643
v 3.996917 3.625522 1.144860
v 3.800511 3.625522 1.144860
v 3.800511 4.225134 0.949643
v 3.996917 3.078554 -2.188191
v 3.996917 2.478942 -1.992975
v 3.800511 2.478942 -1.992975
v 3.800511 3.078554 -2.188191
v 3.996917 2.498245 -2.798666
v 3.996917 2.212293 -2.236638
v 3.800511 2.212293 -2.236638
v 3.800511 2.498245 -2.798666
v 3.996917 1.724555 -3.152759
v 3.996917 1.728795 -2.522183
v 3.800511 1.728795 -2.522183
v 3.800511 1.724555 -3.152759
v 3.996917 -3.971381 -3.127237
v 3.996917 -3.967142 -2.496661
v 3.800511 -3.967142 -2.496661
v 3.800511 -3.971381 -3.127237
v 0.974824 3.254447 -0.719853
v 0.960769 3.664058 -0.106467
v 1.080573 0.172562 -0.106467
v 1.066518 0.582172 -0.719853
v 1.020670 1.918309 2.507768
v 1.045482 1.195198 2.363847
v 0.955833 3.807893 0.617072
v 0.960769 3.664057 1.340610
v 1.045483 1.195198 -1.129704
v 1.020671 1.918310 -1.273624
v 1.066517 0.582172 1.953996
v 1.080572 0.172562 1.340610
v 0.974823 3.254447 1.953996
v 0.995858 2.641422 2.363847
v 0.995859 2.641422 -1.129704
v 1.085508 0.028726 0.617071
v 1.134972 1.922231 3.055337
v 1.222148 1.925222 3.127327
v 1.166730 1.923321 3.106242
v 1.247805 1.926103 3.127327
v 1.321016 1.928615 3.053731
v 1.299133 1.927864 3.105772
v 1.189205 2.885291 2.936245
v 1.102974 2.854766 2.869735
v 1.134064 2.875325 2.916765
v 1.289039 2.860536 2.868251
v 1.214862 2.886171 2.936245
v 1.266473 2.879688 2.916330
v 1.161277 3.699197 2.392091
v 1.075848 3.645331 2.341186
v 1.106371 3.682395 2.377181
v 1.261930 3.650580 2.340050
v 1.186935 3.700078 2.392091
v 1.238785 3.686606 2.376848
v 1.142617 4.243032 1.577705
v 1.057722 4.173570 1.550156
v 1.087867 4.221662 1.569636
v 1.243817 4.178470 1.549541
v 1.168275 4.243913 1.577705
v 1.220285 4.225770 1.569456
v 1.136064 4.434002 0.617072
v 1.051358 4.359064 0.617072
v 1.081370 4.411027 0.617072
v 1.237456 4.363842 0.617072
v 1.161722 4.434883 0.617072
v 1.213789 4.415101 0.617072
v 1.142617 4.243033 -0.343562
v 1.057723 4.173570 -0.316012
v 1.087868 4.221662 -0.335493
v 1.243817 4.178470 -0.315398
v 1.168275 4.243913 -0.343562
v 1.220285 4.225770 -0.335313
v 1.161278 3.699198 -1.157947
v 1.075848 3.645332 -1.107043
v 1.106372 3.682395 -1.143038
v 1.261931 3.650580 -1.105907
v 1.186936 3.700078 -1.157947
v 1.238786 3.686606 -1.142705
v 1.189206 2.885292 -1.702102
v 1.102975 2.854767 -1.635592
v 1.134065 2.875326 -1.682622
v 1.289040 2.860536 -1.634108
v 1.214863 2.886172 -1.702102
v 1.266474 2.879689 -1.682187
v 1.222149 1.925223 -1.893184
v 1.134973 1.922232 -1.821194
v 1.166731 1.923322 -1.872099
v 1.321017 1.928616 -1.819588
v 1.247806 1.926104 -1.893184
v 1.299134 1.927865 -1.871629
v 1.255091 0.965155 -1.702103
v 1.166971 0.989697 -1.635592
v 1.199397 0.971318 -1.682622
v 1.352994 0.996695 -1.634108
v 1.280749 0.966035 -1.702103
v 1.331794 0.976041 -1.682188
v 1.283019 0.151248 -1.157948
v 1.194098 0.199132 -1.107043
v 1.227090 0.164248 -1.143039
v 1.380102 0.206651 -1.105907
v 1.308676 0.152129 -1.157948
v 1.359481 0.169124 -1.142706
v 1.301679 -0.392587 -0.343562
v 1.212223 -0.329107 -0.316013
v 1.245594 -0.375020 -0.335493
v 1.398216 -0.321240 -0.315398
v 1.327337 -0.391706 -0.343562
v 1.377981 -0.370042 -0.335313
v 1.308232 -0.583557 0.617071
v 1.218588 -0.514600 0.617071
v 1.252091 -0.564385 0.617071
v 1.404576 -0.506611 0.617071
v 1.333889 -0.582676 0.617071
v 1.384478 -0.559372 0.617071
v 1.301679 -0.392587 1.577705
v 1.212223 -0.329107 1.550156
v 1.245593 -0.375020 1.569636
v 1.398215 -0.321240 1.549541
v 1.327337 -0.391706 1.577705
v 1.377981 -0.370042 1.569456
v 1.283018 0.151248 2.392091
v 1.194097 0.199132 2.341186
v 1.227089 0.164247 2.377181
v 1.380102 0.206651 2.340050
v 1.308676 0.152129 2.392091
v 1.359481 0.169123 2.376848
v 1.255090 0.965155 2.936246
v 1.166970 0.989697 2.869736
v 1.199396 0.971318 2.916766
v 1.352993 0.996695 2.868251
v 1.280748 0.966036 2.936246
v 1.331793 0.976041 2.916331
v 1.296737 2.640270 2.336158
v 1.305682 2.651790 2.363213
v 1.303244 2.645811 2.348987
v 1.330485 1.928940 2.507081
v 1.321156 1.928620 2.477798
v 1.327845 1.928850 2.491683
v 1.276036 3.243578 1.932804
v 1.284655 3.264593 1.953510
v 1.282389 3.253621 1.942622
v 1.262204 3.646696 1.329141
v 1.270605 3.674054 1.340347
v 1.268453 3.659746 1.334455
v 1.257347 3.788251 0.617072
v 1.265671 3.817838 0.617072
v 1.263560 3.802359 0.617072
v 1.262204 3.646696 -0.094998
v 1.270605 3.674055 -0.106204
v 1.268454 3.659747 -0.100311
v 1.276037 3.243578 -0.698660
v 1.284655 3.264593 -0.719367
v 1.282389 3.253621 -0.708479
v 1.296738 2.640271 -1.102015
v 1.305682 2.651791 -1.129070
v 1.303245 2.645811 -1.114844
v 1.321157 1.928620 -1.243654
v 1.330486 1.928941 -1.272938
v 1.327846 1.928850 -1.257540
v 1.345576 1.216970 -1.102015
v 1.355289 1.206091 -1.129070
v 1.352447 1.211889 -1.114844
v 1.366277 0.613663 -0.698661
v 1.376316 0.593288 -0.719368
v 1.373303 0.604079 -0.708480
v 1.380109 0.210545 -0.094998
v 1.390365 0.183826 -0.106204
v 1.387238 0.197953 -0.100312
v 1.384966 0.068989 0.617071
v 1.395299 0.040042 0.617071
v 1.392131 0.055341 0.617071
v 1.380109 0.210545 1.329141
v 1.390365 0.183826 1.340347
v 1.387238 0.197953 1.334455
v 1.366277 0.613663 1.932804
v 1.376315 0.593288 1.953511
v 1.373302 0.604079 1.942622
v 1.345575 1.216971 2.336159
v 1.355288 1.206091 2.363213
v 1.352446 1.211889 2.348987
v 1.123805 2.538657 2.105304
v 1.131298 2.548079 2.127415
v 1.125926 2.543549 2.116930
v 1.152752 1.922842 2.251855
v 1.144945 1.922574 2.227923
v 1.147231 1.922652 2.240508
v 1.105884 3.060947 1.756115
v 1.113110 3.078128 1.773038
v 1.107865 3.069919 1.765014
v 1.093909 3.409931 1.233518
v 1.100958 3.432296 1.242676
v 1.095797 3.421629 1.238333
v 1.089705 3.532477 0.617072
v 1.096690 3.556664 0.617072
v 1.091559 3.545133 0.617072
v 1.093910 3.409931 0.000625
v 1.100958 3.432297 -0.008533
v 1.095797 3.421629 -0.004190
v 1.105884 3.060947 -0.521972
v 1.113111 3.078128 -0.538895
v 1.107866 3.069920 -0.530871
v 1.123806 2.538658 -0.871161
v 1.131298 2.548079 -0.893272
v 1.125927 2.543549 -0.882787
v 1.144945 1.922574 -0.993780
v 1.152752 1.922842 -1.017712
v 1.147232 1.922653 -1.006364
v 1.166085 1.306491 -0.871161
v 1.174206 1.297606 -0.893272
v 1.168537 1.301756 -0.882788
v 1.184006 0.784200 -0.521973
v 1.192393 0.767555 -0.538896
v 1.186598 0.775385 -0.530871
v 1.195981 0.435217 0.000625
v 1.204546 0.413387 -0.008534
v 1.198666 0.423676 -0.004191
v 1.200186 0.312670 0.617071
v 1.208813 0.289020 0.617071
v 1.202904 0.300171 0.617071
v 1.195981 0.435217 1.233518
v 1.204546 0.413387 1.242676
v 1.198666 0.423676 1.238334
v 1.184006 0.784200 1.756115
v 1.192393 0.767555 1.773039
v 1.186598 0.775385 1.765014
v 1.166084 1.306491 2.105304
v 1.174205 1.297606 2.127415
v 1.168536 1.301756 2.116931
v 0.886863 1.913718 1.888208
v 0.948828 1.915844 1.943742
v 0.927749 1.915121 1.904473
v 0.931418 2.423241 1.842755
v 0.870181 2.399875 1.791448
v 0.910854 2.407499 1.806476
v 0.916659 2.853390 1.555169
v 0.856039 2.812018 1.515901
v 0.896531 2.824916 1.527402
v 0.906796 3.140807 1.124766
v 0.846590 3.087404 1.103514
v 0.886961 3.103826 1.109739
v 0.903333 3.241734 0.617072
v 0.843272 3.184106 0.617072
v 0.883601 3.201766 0.617072
v 0.906797 3.140807 0.109377
v 0.846590 3.087404 0.130629
v 0.886961 3.103826 0.124404
v 0.916659 2.853390 -0.321026
v 0.856040 2.812019 -0.281758
v 0.896532 2.824916 -0.293259
v 0.931419 2.423241 -0.608612
v 0.870181 2.399875 -0.557305
v 0.910855 2.407499 -0.572333
v 0.948829 1.915845 -0.709599
v 0.886863 1.913719 -0.654065
v 0.927750 1.915122 -0.670330
v 0.966239 1.408449 -0.608612
v 0.903544 1.427562 -0.557305
v 0.944644 1.422744 -0.572333
v 0.980999 0.978299 -0.321026
v 0.917686 1.015418 -0.281758
v 0.958967 1.005326 -0.293259
v 0.990861 0.690882 0.109377
v 0.927136 0.740032 0.130628
v 0.968537 0.726417 0.124404
v 0.994324 0.589955 0.617071
v 0.930454 0.643330 0.617071
v 0.971898 0.628477 0.617071
v 0.990861 0.690882 1.124766
v 0.927135 0.740032 1.103514
v 0.968537 0.726417 1.109739
v 0.980999 0.978299 1.555169
v 0.917686 1.015418 1.515901
v 0.958967 1.005326 1.527402
v 0.966239 1.408449 1.842755
v 0.903544 1.427562 1.791448
v 0.944644 1.422744 1.806476
v 0.832390 1.911849 1.849873
v 0.869966 1.913138 1.888208
v 0.843396 1.912227 1.876980
v 0.853285 2.399295 1.791448
v 0.816211 2.383344 1.756031
v 0.826862 2.394089 1.781075
v 0.839143 2.811439 1.515901
v 0.802496 2.783059 1.488794
v 0.812845 2.802592 1.507961
v 0.829693 3.086824 1.103514
v 0.793332 3.050139 1.088844
v 0.803479 3.075545 1.099217
v 0.826375 3.183527 0.617072
v 0.790114 3.143925 0.617072
v 0.800190 3.171393 0.617072
v 0.829694 3.086824 0.130629
v 0.793332 3.050139 0.145299
v 0.803479 3.075545 0.134925
v 0.839143 2.811439 -0.281758
v 0.802496 2.783059 -0.254651
v 0.812845 2.802592 -0.273818
v 0.853285 2.399295 -0.557305
v 0.816212 2.383344 -0.521888
v 0.826862 2.394089 -0.546932
v 0.869967 1.913139 -0.654065
v 0.832390 1.911849 -0.615730
v 0.843396 1.912227 -0.642837
v 0.886648 1.426982 -0.557305
v 0.848569 1.440354 -0.521888
v 0.859930 1.430365 -0.546932
v 0.900790 1.014838 -0.281758
v 0.862284 1.040640 -0.254651
v 0.873947 1.021862 -0.273819
v 0.910239 0.739452 0.130628
v 0.871448 0.773559 0.145299
v 0.883313 0.748908 0.134925
v 0.913557 0.642750 0.617071
v 0.874666 0.679773 0.617071
v 0.886602 0.653059 0.617071
v 0.910239 0.739452 1.103514
v 0.871448 0.773559 1.088844
v 0.883313 0.748908 1.099218
v 0.900789 1.014838 1.515901
v 0.862284 1.040640 1.488794
v 0.873947 1.021862 1.507961
v 0.886648 1.426982 1.791448
v 0.848568 1.440354 1.756032
v 0.859930 1.430365 1.781075
v 0.869966 1.913138 1.724628
v 0.832390 1.911849 1.762963
v 0.843396 1.912227 1.735856
v 0.817352 2.350105 1.675737
v 0.855431 2.336733 1.640320
v 0.828714 2.340115 1.650694
v 0.804604 2.721640 1.427339
v 0.843109 2.695838 1.400232
v 0.816267 2.702861 1.408172
v 0.796085 2.969892 1.055585
v 0.834876 2.935785 1.040915
v 0.807950 2.945241 1.045212
v 0.793094 3.057066 0.617072
v 0.831985 3.020044 0.617072
v 0.805030 3.030353 0.617072
v 0.796086 2.969892 0.178558
v 0.834876 2.935786 0.193228
v 0.807950 2.945241 0.188931
v 0.804604 2.721640 -0.193196
v 0.843110 2.695838 -0.166089
v 0.816267 2.702862 -0.174029
v 0.817352 2.350105 -0.441594
v 0.855432 2.336733 -0.406177
v 0.828714 2.340116 -0.416551
v 0.832390 1.911849 -0.528820
v 0.869967 1.913139 -0.490485
v 0.843396 1.912227 -0.501713
v 0.847428 1.473594 -0.441594
v 0.884501 1.489544 -0.406178
v 0.858078 1.484339 -0.416551
v 0.860177 1.102058 -0.193197
v 0.896823 1.130438 -0.166090
v 0.870525 1.121592 -0.174029
v 0.868695 0.853806 0.178558
v 0.905057 0.890491 0.193228
v 0.878842 0.879212 0.188931
v 0.871686 0.766632 0.617071
v 0.907948 0.806233 0.617071
v 0.881762 0.794100 0.617071
v 0.868695 0.853806 1.055585
v 0.905056 0.890491 1.040915
v 0.878842 0.879212 1.045212
v 0.860176 1.102058 1.427339
v 0.896823 1.130438 1.400232
v 0.870525 1.121592 1.408172
v 0.847428 1.473594 1.675737
v 0.884501 1.489545 1.640321
v 0.858078 1.484339 1.650694
v 1.047121 1.919217 1.604512
v 0.919814 1.914849 1.724628
v 1.003067 1.917706 1.689447
v 0.905279 2.338443 1.640320
v 1.034163 2.296872 1.529348
v 0.988994 2.327845 1.607817
v 0.892957 2.697549 1.400232
v 1.023177 2.617033 1.315298
v 0.977063 2.675543 1.375356
v 0.884724 2.937496 1.040915
v 1.015837 2.830957 0.994949
v 0.969092 2.907868 1.027452
v 0.881832 3.021754 0.617072
v 1.013259 2.906077 0.617071
v 0.966292 2.989450 0.617072
v 0.884724 2.937496 0.193228
v 1.015837 2.830957 0.239194
v 0.969092 2.907868 0.206691
v 0.892957 2.697549 -0.166089
v 1.023177 2.617033 -0.081155
v 0.977064 2.675543 -0.141213
v 0.905279 2.338443 -0.406177
v 1.034163 2.296872 -0.295205
v 0.988994 2.327845 -0.373674
v 0.919814 1.914849 -0.490485
v 1.047122 1.919218 -0.370370
v 1.003067 1.917706 -0.455304
v 0.934349 1.491255 -0.406178
v 1.060080 1.541563 -0.295205
v 1.017140 1.507567 -0.373675
v 0.946671 1.132149 -0.166090
v 1.071066 1.221402 -0.081155
v 1.029071 1.159868 -0.141213
v 0.954904 0.892202 0.193228
v 1.078406 1.007477 0.239194
v 1.037043 0.927543 0.206691
v 0.957795 0.807944 0.617071
v 1.080984 0.932357 0.617071
v 1.039842 0.845961 0.617071
v 0.954904 0.892202 1.040915
v 1.078406 1.007477 0.994949
v 1.037042 0.927542 1.027452
v 0.946670 1.132149 1.400232
v 1.071065 1.221402 1.315298
v 1.029071 1.159868 1.375356
v 0.934348 1.491255 1.640321
v 1.060080 1.541563 1.529348
v 1.017140 1.507567 1.607817
vt 0.111877 0.663357
vt 0.101202 0.663356
vt 0.101206 0.660723
vt 0.111882 0.660724
vt 0.734962 0.189146
vt 0.726345 0.189146
vt 0.726344 0.185568
vt 0.734960 0.185569
vt 0.703686 0.696217
vt 0.712295 0.696145
vt 0.712334 0.699844
vt 0.703724 0.699917
vt 0.568056 0.258957
vt 0.569588 0.259367
vt 0.569027 0.261192
vt 0.571120 0.492015
vt 0.570710 0.493546
vt 0.569027 0.492841
vt 0.564751 0.488274
vt 0.559831 0.475824
vt 0.559831 0.278216
vt 0.564751 0.265763
vt 0.571120 0.262017
vt 0.703772 0.473711
vt 0.712382 0.473639
vt 0.728035 0.640070
vt 0.719427 0.640066
vt 0.719386 0.636491
vt 0.727994 0.636495
vt 0.750585 0.185958
vt 0.741968 0.185958
vt 0.741968 0.182317
vt 0.750584 0.182317
vt 0.552627 0.271023
vt 0.402487 0.271075
vt 0.390362 0.265823
vt 0.386086 0.261256
vt 0.387057 0.259020
vt 0.734312 0.400097
vt 0.723648 0.400091
vt 0.723607 0.396495
vt 0.734271 0.396501
vt 0.395282 0.278273
vt 0.395282 0.475881
vt 0.390362 0.488334
vt 0.386086 0.492904
vt 0.383993 0.492080
vt 0.383993 0.262081
vt 0.741968 0.004686
vt 0.750585 0.004686
vt 0.712440 0.702963
vt 0.703831 0.703035
vt 0.402487 0.483074
vt 0.552627 0.483022
vt 0.568056 0.495077
vt 0.387058 0.495139
vt 0.719479 0.408694
vt 0.728088 0.408698
vt 0.750585 0.188774
vt 0.741969 0.188774
vt 0.569588 0.494666
vt 0.726347 0.007390
vt 0.734964 0.007390
vt 0.384404 0.260551
vt 0.734966 0.003813
vt 0.726349 0.003813
vt 0.726353 0.001195
vt 0.734970 0.001195
vt 0.703813 0.470422
vt 0.712423 0.470350
vt 0.734966 0.191766
vt 0.726350 0.191765
vt 0.385525 0.494730
vt 0.384404 0.493610
vt 0.741968 0.001195
vt 0.750585 0.001195
vt 0.719523 0.405114
vt 0.728132 0.405119
vt 0.385525 0.259430
vt 0.101196 0.816909
vt 0.111872 0.816909
vt 0.111873 0.820507
vt 0.101198 0.820507
vt 0.570710 0.260486
vt 0.743236 0.605165
vt 0.732570 0.605254
vt 0.732531 0.601533
vt 0.743198 0.601444
vt 0.387071 0.005949
vt 0.386593 0.007730
vt 0.383214 0.007271
vt 0.384033 0.004220
vt 0.701148 0.699511
vt 0.701116 0.696356
vt 0.387928 0.005092
vt 0.386139 0.002116
vt 0.701234 0.702015
vt 0.389713 0.004614
vt 0.389195 0.001297
vt 0.739340 0.004972
vt 0.739340 0.001994
vt 0.570068 0.007625
vt 0.569590 0.005844
vt 0.572459 0.004112
vt 0.573278 0.007162
vt 0.716914 0.408869
vt 0.716951 0.405816
vt 0.568732 0.004989
vt 0.570354 0.002011
vt 0.739340 0.187612
vt 0.739340 0.185351
vt 0.566948 0.004513
vt 0.567297 0.001195
vt 0.739339 0.182245
vt 0.566948 0.237293
vt 0.568732 0.236814
vt 0.570354 0.239734
vt 0.567297 0.240554
vt 0.723721 0.007570
vt 0.723722 0.004518
vt 0.569589 0.235958
vt 0.572459 0.237631
vt 0.723726 0.002417
vt 0.570068 0.234176
vt 0.573278 0.234579
vt 0.716856 0.639357
vt 0.716821 0.636307
vt 0.386593 0.234282
vt 0.387071 0.236063
vt 0.384033 0.237739
vt 0.383214 0.234688
vt 0.701202 0.474200
vt 0.701237 0.471395
vt 0.387928 0.236918
vt 0.386139 0.239840
vt 0.723722 0.190544
vt 0.723719 0.188441
vt 0.389713 0.237394
vt 0.389195 0.240656
vt 0.723717 0.185389
vt 0.752562 0.001470
vt 0.752562 0.004376
vt 0.388017 0.497259
vt 0.385035 0.496463
vt 0.714336 0.699698
vt 0.714425 0.702294
vt 0.382853 0.494284
vt 0.714304 0.696619
vt 0.382054 0.491306
vt 0.730136 0.405395
vt 0.730099 0.408374
vt 0.573140 0.491240
vt 0.572341 0.494218
vt 0.752562 0.185795
vt 0.752562 0.188139
vt 0.570158 0.496399
vt 0.752562 0.182764
vt 0.567177 0.497198
vt 0.736944 0.004033
vt 0.736942 0.007010
vt 0.567177 0.256848
vt 0.570158 0.257645
vt 0.728151 0.642684
vt 0.730040 0.639794
vt 0.730136 0.641969
vt 0.572341 0.259824
vt 0.730006 0.636818
vt 0.573140 0.262802
vt 0.714425 0.470744
vt 0.714391 0.473482
vt 0.382054 0.262868
vt 0.382853 0.259890
vt 0.736940 0.188927
vt 0.736944 0.191108
vt 0.385035 0.257709
vt 0.736939 0.185949
vt 0.388017 0.256910
vt 0.396247 0.479478
vt 0.398884 0.482111
vt 0.556229 0.482056
vt 0.558866 0.479422
vt 0.398884 0.272040
vt 0.396247 0.274675
vt 0.558866 0.274618
vt 0.556229 0.271986
vt 0.117246 0.817391
vt 0.127922 0.817390
vt 0.127922 0.820222
vt 0.117247 0.820223
vt 0.117246 0.813728
vt 0.127921 0.813728
vt 0.101200 0.666954
vt 0.111875 0.666954
vt 0.732659 0.405204
vt 0.743325 0.405114
vt 0.743283 0.408422
vt 0.732617 0.408511
vt 0.723699 0.198882
vt 0.734364 0.198888
vt 0.111878 0.823141
vt 0.101203 0.823141
vt 0.127922 0.664234
vt 0.117247 0.664235
vt 0.117247 0.660724
vt 0.127922 0.660723
vt 0.723744 0.195283
vt 0.734408 0.195289
vt 0.743343 0.608301
vt 0.732677 0.608391
vt 0.388521 0.706271
vt 0.386539 0.705741
vt 0.385493 0.704696
vt 0.384962 0.702717
vt 0.384962 0.506213
vt 0.385493 0.504233
vt 0.386539 0.503188
vt 0.388521 0.502657
vt 0.537556 0.502605
vt 0.539538 0.503135
vt 0.540584 0.504180
vt 0.541115 0.506159
vt 0.541115 0.702663
vt 0.540584 0.704643
vt 0.539538 0.705688
vt 0.537556 0.706219
vt 0.541135 0.708354
vt 0.538007 0.709192
vt 0.130893 0.813663
vt 0.130894 0.816843
vt 0.543306 0.706185
vt 0.130894 0.819175
vt 0.544144 0.703061
vt 0.737426 0.195924
vt 0.737387 0.199049
vt 0.538007 0.499649
vt 0.541135 0.500485
vt 0.114851 0.663993
vt 0.114849 0.667116
vt 0.543306 0.502653
vt 0.737331 0.399460
vt 0.737426 0.401624
vt 0.734428 0.402725
vt 0.544144 0.505776
vt 0.737295 0.396338
vt 0.385063 0.500539
vt 0.388191 0.499701
vt 0.114845 0.816748
vt 0.114847 0.819872
vt 0.382892 0.502708
vt 0.114851 0.822041
vt 0.382054 0.505832
vt 0.746339 0.405946
vt 0.746303 0.408818
vt 0.388191 0.709244
vt 0.385063 0.708408
vt 0.130894 0.661443
vt 0.130894 0.664492
vt 0.382892 0.706240
vt 0.746251 0.604755
vt 0.746339 0.607337
vt 0.382054 0.703117
vt 0.746217 0.601524
vt 0.149704 0.771097
vt 0.149704 0.713508
vt 0.156887 0.713789
vt 0.156887 0.771377
vt 0.160923 0.705759
vt 0.154189 0.699034
vt 0.155332 0.698271
vt 0.161687 0.704618
vt 0.169721 0.709399
vt 0.169989 0.708053
vt 0.179244 0.709399
vt 0.178976 0.708053
vt 0.188043 0.705759
vt 0.187279 0.704618
vt 0.194776 0.699034
vt 0.193633 0.698271
vt 0.198420 0.690246
vt 0.197072 0.689978
vt 0.198420 0.680734
vt 0.197071 0.681002
vt 0.194775 0.671947
vt 0.193632 0.672710
vt 0.188041 0.665221
vt 0.187277 0.666363
vt 0.179242 0.661581
vt 0.178974 0.662928
vt 0.169719 0.661581
vt 0.169987 0.662928
vt 0.160921 0.665221
vt 0.161685 0.666363
vt 0.382299 0.775957
vt 0.389582 0.775956
vt 0.389583 0.824663
vt 0.382299 0.824664
vt 0.390177 0.714005
vt 0.390177 0.771584
vt 0.382054 0.771843
vt 0.382054 0.714265
vt 0.150544 0.690246
vt 0.151892 0.689978
vt 0.154187 0.671947
vt 0.155330 0.672710
vt 0.483315 0.775705
vt 0.490550 0.775713
vt 0.490547 0.824420
vt 0.483312 0.824412
vt 0.498125 0.770125
vt 0.498125 0.712490
vt 0.506198 0.712491
vt 0.506198 0.770127
vt 0.409815 0.713974
vt 0.409815 0.771553
vt 0.399925 0.771482
vt 0.399925 0.713903
vt 0.477837 0.770139
vt 0.477837 0.712504
vt 0.487591 0.712500
vt 0.487591 0.770136
vt 0.166195 0.771526
vt 0.166195 0.713937
vt 0.176212 0.713931
vt 0.176212 0.771520
vt 0.525829 0.770127
vt 0.525829 0.712491
vt 0.534398 0.712490
vt 0.534398 0.770126
vt 0.495729 0.712490
vt 0.495729 0.770125
vt 0.459440 0.770128
vt 0.459440 0.712492
vt 0.467952 0.712501
vt 0.467952 0.770137
vt 0.515926 0.712492
vt 0.515926 0.770127
vt 0.150543 0.680734
vt 0.151892 0.681002
vt 0.185412 0.713772
vt 0.185412 0.771361
vt 0.418340 0.714207
vt 0.418340 0.771785
vt 0.513580 0.775706
vt 0.521985 0.775779
vt 0.521907 0.824438
vt 0.513501 0.824365
vt 0.406269 0.775956
vt 0.413131 0.775957
vt 0.413131 0.824664
vt 0.406269 0.824663
vt 0.474913 0.775702
vt 0.474910 0.824409
vt 0.397999 0.775955
vt 0.398000 0.824662
vt 0.466622 0.775705
vt 0.466619 0.824412
vt 0.459705 0.775713
vt 0.459702 0.824420
vt 0.174161 0.777139
vt 0.180267 0.777341
vt 0.180560 0.826008
vt 0.174454 0.825806
vt 0.166248 0.777061
vt 0.166541 0.825727
vt 0.529231 0.775989
vt 0.529153 0.824648
vt 0.498388 0.775989
vt 0.505293 0.775779
vt 0.505215 0.824438
vt 0.498310 0.824648
vt 0.157734 0.777116
vt 0.158027 0.825783
vt 0.149915 0.777298
vt 0.150208 0.825965
vt 0.157453 0.773658
vt 0.150562 0.773389
vt 0.212155 0.755853
vt 0.205365 0.749074
vt 0.207504 0.747685
vt 0.213601 0.753772
vt 0.166384 0.773801
vt 0.201690 0.740217
vt 0.204205 0.739732
vt 0.175994 0.773795
vt 0.201690 0.730629
vt 0.204205 0.731123
vt 0.184821 0.773643
vt 0.205365 0.721771
vt 0.207504 0.723168
vt 0.506639 0.772444
vt 0.498893 0.772443
vt 0.212155 0.714990
vt 0.213601 0.717080
vt 0.515973 0.772445
vt 0.221026 0.711319
vt 0.221567 0.713784
vt 0.525473 0.772444
vt 0.230628 0.711317
vt 0.230189 0.713782
vt 0.533695 0.772443
vt 0.239500 0.714985
vt 0.238155 0.717076
vt 0.409451 0.711702
vt 0.417630 0.711925
vt 0.246290 0.721763
vt 0.244251 0.723162
vt 0.399963 0.711634
vt 0.249964 0.730621
vt 0.247551 0.731115
vt 0.390610 0.711732
vt 0.249964 0.740209
vt 0.247551 0.739724
vt 0.382817 0.711980
vt 0.246290 0.749067
vt 0.244251 0.747679
vt 0.468318 0.772453
vt 0.460151 0.772444
vt 0.239500 0.755848
vt 0.238155 0.753767
vt 0.477802 0.772455
vt 0.230628 0.759519
vt 0.230189 0.757063
vt 0.487161 0.772452
vt 0.221026 0.759520
vt 0.221567 0.757065
vt 0.494968 0.772442
vt 0.236613 0.751578
vt 0.229595 0.754482
vt 0.227910 0.746446
vt 0.231973 0.744765
vt 0.236613 0.719250
vt 0.241985 0.724613
vt 0.235083 0.729153
vt 0.231973 0.726048
vt 0.206701 0.731627
vt 0.209608 0.724618
vt 0.216338 0.729156
vt 0.214655 0.733214
vt 0.221998 0.716350
vt 0.229595 0.716349
vt 0.227910 0.724369
vt 0.223511 0.724369
vt 0.244892 0.731620
vt 0.236766 0.733210
vt 0.241985 0.746214
vt 0.235083 0.741659
vt 0.221998 0.754483
vt 0.214980 0.751582
vt 0.219448 0.744767
vt 0.223511 0.746447
vt 0.214980 0.719254
vt 0.219448 0.726051
vt 0.244892 0.739205
vt 0.236766 0.737602
vt 0.206701 0.739212
vt 0.214655 0.737606
vt 0.209608 0.746219
vt 0.216338 0.741663
vt 0.237007 0.718685
vt 0.229743 0.715681
vt 0.209055 0.746599
vt 0.214615 0.752150
vt 0.221880 0.755153
vt 0.242567 0.724235
vt 0.206046 0.739346
vt 0.245576 0.731488
vt 0.206046 0.731495
vt 0.245576 0.739339
vt 0.209055 0.724241
vt 0.242567 0.746593
vt 0.214615 0.718689
vt 0.237007 0.752146
vt 0.221880 0.715683
vt 0.229743 0.755152
vt 0.150002 0.712645
vt 0.157084 0.712921
vt 0.149704 0.680564
vt 0.153478 0.671461
vt 0.166261 0.713068
vt 0.149704 0.690416
vt 0.176136 0.713062
vt 0.153480 0.699518
vt 0.185206 0.712905
vt 0.160455 0.706485
vt 0.498392 0.711634
vt 0.506351 0.711635
vt 0.169569 0.710255
vt 0.515942 0.711636
vt 0.179433 0.710255
vt 0.525705 0.711635
vt 0.188546 0.706485
vt 0.534153 0.711634
vt 0.195520 0.699518
vt 0.418093 0.772652
vt 0.409688 0.772423
vt 0.199295 0.690416
vt 0.399939 0.772353
vt 0.199294 0.680564
vt 0.390328 0.772454
vt 0.195519 0.671461
vt 0.382319 0.772709
vt 0.188544 0.664495
vt 0.459688 0.711636
vt 0.468079 0.711645
vt 0.179430 0.660725
vt 0.477825 0.711648
vt 0.169566 0.660725
vt 0.487441 0.711644
vt 0.160453 0.664495
vt 0.495464 0.711634
vt 0.156075 0.673194
vt 0.152766 0.681172
vt 0.522113 0.774909
vt 0.529480 0.775122
vt 0.152767 0.689807
vt 0.513568 0.774835
vt 0.156076 0.697785
vt 0.505144 0.774909
vt 0.162190 0.703892
vt 0.498125 0.775122
vt 0.170178 0.707196
vt 0.483443 0.774848
vt 0.490798 0.774857
vt 0.178823 0.707196
vt 0.474901 0.774845
vt 0.186811 0.703892
vt 0.466472 0.774848
vt 0.192924 0.697785
vt 0.459440 0.774857
vt 0.196232 0.689808
vt 0.174352 0.776271
vt 0.180560 0.776476
vt 0.196232 0.681172
vt 0.166308 0.776191
vt 0.192923 0.673194
vt 0.157653 0.776247
vt 0.186809 0.667088
vt 0.149704 0.776432
vt 0.178821 0.663784
vt 0.406422 0.775100
vt 0.413398 0.775101
vt 0.170175 0.663784
vt 0.398016 0.775099
vt 0.162188 0.667088
vt 0.389459 0.775100
vt 0.382054 0.775101
vt 0.528611 0.826542
vt 0.521628 0.826340
vt 0.242894 0.786580
vt 0.239758 0.794143
vt 0.238125 0.793084
vt 0.240976 0.786208
vt 0.513527 0.826269
vt 0.242894 0.778394
vt 0.240975 0.778767
vt 0.505542 0.826340
vt 0.239757 0.770831
vt 0.238124 0.771892
vt 0.498887 0.826542
vt 0.233961 0.765043
vt 0.232855 0.766630
vt 0.490006 0.826292
vt 0.483034 0.826284
vt 0.226389 0.761910
vt 0.225972 0.763782
vt 0.474936 0.826281
vt 0.218193 0.761910
vt 0.218521 0.763782
vt 0.466946 0.826284
vt 0.210621 0.765043
vt 0.211638 0.766630
vt 0.460281 0.826292
vt 0.204826 0.770831
vt 0.206370 0.771892
vt 0.179919 0.827899
vt 0.174034 0.827705
vt 0.201690 0.778394
vt 0.203519 0.778767
vt 0.166409 0.827629
vt 0.201691 0.786580
vt 0.203519 0.786208
vt 0.158204 0.827683
vt 0.204828 0.794142
vt 0.206371 0.793083
vt 0.150669 0.827858
vt 0.210623 0.799931
vt 0.211639 0.798346
vt 0.412547 0.826535
vt 0.405934 0.826534
vt 0.218195 0.803063
vt 0.218523 0.801193
vt 0.397965 0.826534
vt 0.226391 0.803063
vt 0.225974 0.801193
vt 0.389853 0.826534
vt 0.233963 0.799931
vt 0.232857 0.798346
vt 0.382834 0.826535
vt 0.214788 0.751879
vt 0.209317 0.746418
vt 0.206357 0.739282
vt 0.206357 0.731558
vt 0.209318 0.724421
vt 0.214788 0.718958
vt 0.221935 0.716001
vt 0.229671 0.716000
vt 0.236818 0.718954
vt 0.242288 0.724415
vt 0.245248 0.731551
vt 0.245248 0.739275
vt 0.242288 0.746412
vt 0.236818 0.751875
vt 0.229670 0.754832
vt 0.221935 0.754833
vt 0.300012 0.853841
vt 0.300004 0.849397
vt 0.301382 0.849394
vt 0.301390 0.853838
vt 0.057834 0.852758
vt 0.056559 0.852753
vt 0.057053 0.844863
vt 0.058328 0.844868
vt 0.252360 0.868479
vt 0.253902 0.868490
vt 0.254438 0.873968
vt 0.252896 0.873958
vt 0.301892 0.861728
vt 0.300514 0.861731
vt 0.059636 0.857212
vt 0.061003 0.857222
vt 0.061719 0.861354
vt 0.060352 0.861344
vt 0.254054 0.864052
vt 0.252512 0.864042
vt 0.253155 0.856196
vt 0.254697 0.856206
vt 0.628578 0.239224
vt 0.626707 0.239224
vt 0.626743 0.234750
vt 0.628614 0.234750
vt 0.062438 0.864965
vt 0.061071 0.864955
vt 0.300872 0.844341
vt 0.302243 0.844900
vt 0.057809 0.857202
vt 0.056534 0.857197
vt 0.303071 0.841119
vt 0.301818 0.840333
vt 0.303203 0.836796
vt 0.304387 0.837835
vt 0.306393 0.832370
vt 0.307041 0.833973
vt 0.059446 0.869802
vt 0.060546 0.868765
vt 0.062987 0.872630
vt 0.062382 0.874232
vt 0.581647 0.247251
vt 0.579777 0.247251
vt 0.579573 0.242625
vt 0.581443 0.242625
vt 0.255057 0.878210
vt 0.253515 0.878200
vt 0.057318 0.862254
vt 0.058588 0.861697
vt 0.059341 0.865479
vt 0.058177 0.866263
vt 0.628505 0.242256
vt 0.626634 0.242256
vt 0.626741 0.230957
vt 0.628612 0.230957
vt 0.256046 0.882001
vt 0.254504 0.881991
vt 0.063585 0.868093
vt 0.062218 0.868084
vt 0.066361 0.876154
vt 0.066452 0.874381
vt 0.069244 0.874159
vt 0.069418 0.875924
vt 0.310701 0.830454
vt 0.310791 0.832227
vt 0.579481 0.236322
vt 0.581351 0.236322
vt 0.629240 0.228803
vt 0.626057 0.228803
vt 0.625015 0.227676
vt 0.630234 0.227676
vt 0.579486 0.231569
vt 0.581356 0.231569
vt 0.314002 0.830688
vt 0.313807 0.832453
vt 0.315806 0.833892
vt 0.316145 0.830832
vt 0.317857 0.830013
vt 0.317296 0.835082
vt 0.455824 0.249157
vt 0.455824 0.247378
vt 0.457672 0.246144
vt 0.457672 0.249228
vt 0.578833 0.229268
vt 0.582015 0.229268
vt 0.459221 0.250202
vt 0.459221 0.245094
vt 0.461372 0.244006
vt 0.461372 0.251435
vt 0.577781 0.227905
vt 0.582997 0.227905
vt 0.623822 0.225715
vt 0.631377 0.225715
vt 0.576571 0.225671
vt 0.584121 0.225671
vt 0.061522 0.844888
vt 0.060155 0.844878
vt 0.061076 0.840956
vt 0.062443 0.840966
vt 0.320317 0.829010
vt 0.319502 0.836383
vt 0.058176 0.839544
vt 0.059375 0.840405
vt 0.061028 0.852778
vt 0.059661 0.852768
vt 0.255897 0.850434
vt 0.254355 0.850424
vt 0.256471 0.845378
vt 0.258013 0.845388
vt 0.062898 0.836858
vt 0.064265 0.836868
vt 0.303004 0.866193
vt 0.301705 0.867052
vt 0.655047 0.481343
vt 0.657486 0.481359
vt 0.658727 0.484121
vt 0.653978 0.484089
vt 0.655497 0.470613
vt 0.657367 0.470625
vt 0.657277 0.472840
vt 0.655407 0.472827
vt 0.305110 0.870617
vt 0.304083 0.871953
vt 0.060396 0.834646
vt 0.061342 0.835984
vt 0.065058 0.832582
vt 0.064741 0.830753
vt 0.069422 0.830555
vt 0.069177 0.833072
vt 0.308761 0.875853
vt 0.309112 0.874024
vt 0.313981 0.873539
vt 0.314235 0.876057
vt 0.657215 0.475531
vt 0.655345 0.475518
vt 0.591232 0.232732
vt 0.593103 0.232732
vt 0.593386 0.240369
vt 0.590946 0.240369
vt 0.591149 0.225671
vt 0.593020 0.225671
vt 0.593069 0.228967
vt 0.591198 0.228967
vt 0.062414 0.832357
vt 0.063011 0.833864
vt 0.306905 0.872739
vt 0.306254 0.874245
vt 0.660221 0.486419
vt 0.652593 0.486369
vt 0.389945 0.250042
vt 0.389945 0.245250
vt 0.392582 0.243898
vt 0.392582 0.251534
vt 0.316846 0.871045
vt 0.317332 0.875848
vt 0.387199 0.247690
vt 0.387199 0.245178
vt 0.594535 0.243491
vt 0.589783 0.243491
vt 0.595999 0.246253
vt 0.588365 0.246253
vt 0.319544 0.869395
vt 0.320317 0.877047
vt 0.881532 0.616268
vt 0.881352 0.611832
vt 0.882279 0.611810
vt 0.882460 0.616246
vt 0.883177 0.611756
vt 0.883358 0.616191
vt 0.058735 0.852762
vt 0.058710 0.857206
vt 0.255021 0.864077
vt 0.254869 0.868514
vt 0.255850 0.864127
vt 0.255698 0.868564
vt 0.299082 0.853843
vt 0.299074 0.849399
vt 0.298186 0.853844
vt 0.298178 0.849401
vt 0.059445 0.861444
vt 0.255394 0.873885
vt 0.256198 0.873673
vt 0.299986 0.844085
vt 0.299108 0.843979
vt 0.882032 0.607349
vt 0.882921 0.607583
vt 0.883803 0.607634
vt 0.256792 0.877742
vt 0.257738 0.881370
vt 0.256982 0.881819
vt 0.256006 0.878076
vt 0.300960 0.839955
vt 0.300094 0.839800
vt 0.882709 0.603577
vt 0.883888 0.600302
vt 0.884715 0.600767
vt 0.883576 0.603931
vt 0.885571 0.600915
vt 0.884449 0.604033
vt 0.060173 0.865106
vt 0.302389 0.836306
vt 0.301542 0.836104
vt 0.061338 0.868280
vt 0.305059 0.831226
vt 0.305811 0.831560
vt 0.887758 0.597530
vt 0.886990 0.597247
vt 0.886374 0.596455
vt 0.064366 0.871484
vt 0.063571 0.871817
vt 0.258583 0.887115
vt 0.259450 0.886794
vt 0.260039 0.886009
vt 0.263280 0.888220
vt 0.262901 0.889149
vt 0.578674 0.242433
vt 0.578584 0.236286
vt 0.310398 0.829519
vt 0.582279 0.236286
vt 0.582369 0.242433
vt 0.890031 0.594722
vt 0.890373 0.595644
vt 0.625801 0.239420
vt 0.625838 0.234791
vt 0.066776 0.873437
vt 0.629535 0.234791
vt 0.629498 0.239420
vt 0.582284 0.231616
vt 0.571607 0.252224
vt 0.571607 0.248787
vt 0.572575 0.249038
vt 0.572575 0.252326
vt 0.625836 0.230913
vt 0.313448 0.833389
vt 0.310584 0.833174
vt 0.629534 0.230913
vt 0.069428 0.873226
vt 0.578589 0.231616
vt 0.069785 0.876850
vt 0.066590 0.877091
vt 0.457361 0.250141
vt 0.455513 0.250070
vt 0.577936 0.229316
vt 0.313849 0.829765
vt 0.315992 0.829908
vt 0.582943 0.229316
vt 0.315448 0.834828
vt 0.625152 0.228759
vt 0.455513 0.246418
vt 0.457361 0.245184
vt 0.630162 0.228759
vt 0.316938 0.836017
vt 0.316279 0.836405
vt 0.314789 0.835216
vt 0.458910 0.244134
vt 0.456610 0.244750
vt 0.458159 0.243700
vt 0.583925 0.227952
vt 0.317704 0.829089
vt 0.576884 0.227952
vt 0.458910 0.251115
vt 0.585049 0.225718
vt 0.320164 0.828086
vt 0.624110 0.227632
vt 0.622917 0.225671
vt 0.319143 0.837319
vt 0.632298 0.225671
vt 0.631156 0.227632
vt 0.461061 0.243046
vt 0.575674 0.225718
vt 0.461061 0.252349
vt 0.884162 0.624069
vt 0.883264 0.624124
vt 0.882336 0.624146
vt 0.298688 0.861735
vt 0.299584 0.861733
vt 0.255664 0.856231
vt 0.256493 0.856280
vt 0.059230 0.844872
vt 0.885285 0.627988
vt 0.884432 0.628201
vt 0.883614 0.628605
vt 0.300001 0.867604
vt 0.300861 0.867442
vt 0.256831 0.850617
vt 0.257581 0.851048
vt 0.060187 0.840792
vt 0.258908 0.845663
vt 0.259565 0.846317
vt 0.062051 0.836600
vt 0.303351 0.872574
vt 0.302537 0.872831
vt 0.885877 0.633027
vt 0.886578 0.632394
vt 0.887382 0.632086
vt 0.308337 0.876730
vt 0.305665 0.875017
vt 0.593975 0.229142
vt 0.594008 0.232814
vt 0.261305 0.844177
vt 0.260763 0.843383
vt 0.590278 0.229142
vt 0.590230 0.225929
vt 0.065486 0.833455
vt 0.063594 0.834640
vt 0.658177 0.472666
vt 0.658113 0.475452
vt 0.887742 0.635151
vt 0.888302 0.634357
vt 0.654483 0.472642
vt 0.654576 0.470350
vt 0.593927 0.225929
vt 0.263280 0.842745
vt 0.262868 0.841855
vt 0.590311 0.232814
vt 0.064389 0.834965
vt 0.889984 0.636439
vt 0.890373 0.635548
vt 0.654419 0.475428
vt 0.654120 0.481393
vt 0.309024 0.873154
vt 0.313640 0.872694
vt 0.594292 0.240306
vt 0.314069 0.876944
vt 0.590025 0.240306
vt 0.064865 0.829878
vt 0.069785 0.829670
vt 0.658384 0.481422
vt 0.386889 0.248566
vt 0.383214 0.248203
vt 0.383328 0.247305
vt 0.317166 0.876735
vt 0.595441 0.243428
vt 0.386889 0.244326
vt 0.389635 0.244397
vt 0.588863 0.243428
vt 0.389635 0.250918
vt 0.388887 0.251345
vt 0.386140 0.248993
vt 0.316506 0.870200
vt 0.312989 0.872345
vt 0.315854 0.869851
vt 0.651666 0.486419
vt 0.653051 0.484140
vt 0.319203 0.868551
vt 0.596904 0.246190
vt 0.320151 0.877935
vt 0.587445 0.246190
vt 0.392272 0.243046
vt 0.391524 0.252836
vt 0.392272 0.252409
vt 0.270498 0.662994
vt 0.270498 0.720573
vt 0.260677 0.720660
vt 0.260677 0.663081
vt 0.078787 0.709397
vt 0.069264 0.709397
vt 0.069532 0.708050
vt 0.078519 0.708050
vt 0.087585 0.705757
vt 0.086821 0.704615
vt 0.094318 0.699031
vt 0.093175 0.698268
vt 0.097961 0.690243
vt 0.096613 0.689975
vt 0.097960 0.680732
vt 0.096612 0.681000
vt 0.094315 0.671944
vt 0.093171 0.672707
vt 0.087580 0.665218
vt 0.086816 0.666360
vt 0.078781 0.661578
vt 0.078513 0.662925
vt 0.069258 0.661578
vt 0.069526 0.662925
vt 0.060460 0.665218
vt 0.061224 0.666360
vt 0.053727 0.671944
vt 0.054870 0.672707
vt 0.050084 0.680732
vt 0.051432 0.681000
vt 0.269003 0.788609
vt 0.276805 0.788698
vt 0.277104 0.837365
vt 0.269303 0.837276
vt 0.077539 0.714962
vt 0.077539 0.772597
vt 0.067897 0.772596
vt 0.067897 0.714961
vt 0.060465 0.705757
vt 0.061229 0.704615
vt 0.050085 0.690243
vt 0.051433 0.689975
vt 0.056873 0.776701
vt 0.065329 0.776700
vt 0.065330 0.825408
vt 0.056874 0.825408
vt 0.438892 0.713950
vt 0.438892 0.771585
vt 0.429066 0.771588
vt 0.429066 0.713953
vt 0.261689 0.726438
vt 0.261689 0.784027
vt 0.252360 0.784173
vt 0.252360 0.726585
vt 0.288669 0.663325
vt 0.288669 0.720904
vt 0.280328 0.720658
vt 0.280328 0.663080
vt 0.457045 0.713963
vt 0.457045 0.771598
vt 0.448717 0.771588
vt 0.448717 0.713953
vt 0.280883 0.726607
vt 0.280883 0.784196
vt 0.271705 0.784035
vt 0.271705 0.726446
vt 0.057949 0.772597
vt 0.057949 0.714961
vt 0.420735 0.771598
vt 0.420735 0.713963
vt 0.085407 0.714963
vt 0.085407 0.772599
vt 0.053730 0.699031
vt 0.054874 0.698268
vt 0.049209 0.772598
vt 0.049209 0.714962
vt 0.252360 0.720907
vt 0.252360 0.663328
vt 0.287825 0.726897
vt 0.287825 0.784486
vt 0.252561 0.788827
vt 0.260490 0.788654
vt 0.260790 0.837321
vt 0.252861 0.837494
vt 0.428073 0.775704
vt 0.436425 0.775701
vt 0.436425 0.824408
vt 0.428073 0.824411
vt 0.049444 0.776702
vt 0.049445 0.825409
vt 0.420991 0.775712
vt 0.420991 0.824419
vt 0.816363 0.755364
vt 0.823453 0.755574
vt 0.823448 0.804233
vt 0.816358 0.804024
vt 0.282707 0.788908
vt 0.283007 0.837575
vt 0.808008 0.755291
vt 0.808003 0.803950
vt 0.799660 0.755364
vt 0.799655 0.804024
vt 0.792590 0.755574
vt 0.792586 0.804233
vt 0.073525 0.776701
vt 0.073526 0.825408
vt 0.444776 0.775704
vt 0.451854 0.775712
vt 0.451854 0.824419
vt 0.444776 0.824411
vt 0.080212 0.776702
vt 0.080213 0.825409
vt 0.261078 0.660809
vt 0.270501 0.660725
vt 0.201690 0.689626
vt 0.201690 0.680038
vt 0.204104 0.680520
vt 0.204104 0.689129
vt 0.253098 0.661045
vt 0.205365 0.671179
vt 0.207403 0.672566
vt 0.448318 0.711637
vt 0.456308 0.711646
vt 0.212155 0.664398
vt 0.213500 0.666477
vt 0.438892 0.711634
vt 0.221026 0.660727
vt 0.221466 0.663180
vt 0.429465 0.711637
vt 0.230629 0.660725
vt 0.230088 0.663178
vt 0.421472 0.711646
vt 0.239500 0.664392
vt 0.238054 0.666471
vt 0.280287 0.724326
vt 0.286947 0.724604
vt 0.246290 0.671170
vt 0.244151 0.672557
vt 0.271482 0.724171
vt 0.249965 0.680027
vt 0.247450 0.680510
vt 0.261872 0.724163
vt 0.249965 0.689614
vt 0.247450 0.689119
vt 0.252922 0.724304
vt 0.246290 0.698473
vt 0.244151 0.697074
vt 0.077066 0.712644
vt 0.084615 0.712645
vt 0.239500 0.705254
vt 0.238054 0.703163
vt 0.067815 0.712643
vt 0.230629 0.708925
vt 0.230088 0.706459
vt 0.058271 0.712644
vt 0.221026 0.708928
vt 0.221466 0.706461
vt 0.049885 0.712645
vt 0.212155 0.705261
vt 0.213500 0.703168
vt 0.279931 0.660807
vt 0.287935 0.661042
vt 0.205365 0.698483
vt 0.207403 0.697082
vt 0.222060 0.703898
vt 0.215041 0.700997
vt 0.219681 0.694201
vt 0.223745 0.695880
vt 0.244954 0.681033
vt 0.244954 0.688618
vt 0.237000 0.687034
vt 0.237000 0.682643
vt 0.215041 0.668669
vt 0.222060 0.665764
vt 0.223745 0.673803
vt 0.219681 0.675484
vt 0.236675 0.668664
vt 0.242047 0.674026
vt 0.235316 0.678586
vt 0.232206 0.675481
vt 0.242047 0.695627
vt 0.235316 0.691092
vt 0.229656 0.703896
vt 0.228143 0.695879
vt 0.209669 0.695634
vt 0.206762 0.688627
vt 0.214888 0.687039
vt 0.216571 0.691096
vt 0.229656 0.665763
vt 0.228143 0.673802
vt 0.236675 0.700991
vt 0.232206 0.694198
vt 0.209669 0.674034
vt 0.216571 0.678590
vt 0.206762 0.681042
vt 0.214888 0.682648
vt 0.245609 0.680898
vt 0.242600 0.673645
vt 0.206078 0.680907
vt 0.206078 0.688759
vt 0.209088 0.696011
vt 0.245609 0.688749
vt 0.209088 0.673653
vt 0.242600 0.696003
vt 0.214648 0.668100
vt 0.237040 0.701556
vt 0.221912 0.665094
vt 0.229775 0.704562
vt 0.229775 0.665092
vt 0.221912 0.704564
vt 0.237040 0.668095
vt 0.214648 0.701562
vt 0.270499 0.721444
vt 0.260817 0.721530
vt 0.052986 0.699517
vt 0.049210 0.690415
vt 0.252617 0.721774
vt 0.059962 0.706483
vt 0.456788 0.772454
vt 0.448578 0.772445
vt 0.069076 0.710254
vt 0.438892 0.772442
vt 0.078940 0.710254
vt 0.429205 0.772445
vt 0.088053 0.706483
vt 0.420991 0.772454
vt 0.095027 0.699517
vt 0.287519 0.785349
vt 0.280675 0.785063
vt 0.098801 0.690415
vt 0.271627 0.784904
vt 0.098799 0.680562
vt 0.261753 0.784897
vt 0.095023 0.671460
vt 0.252555 0.785041
vt 0.088047 0.664494
vt 0.085131 0.773455
vt 0.077374 0.773453
vt 0.078934 0.660723
vt 0.067869 0.773452
vt 0.069069 0.660723
vt 0.058061 0.773453
vt 0.059957 0.664494
vt 0.049444 0.773454
vt 0.052983 0.671460
vt 0.288414 0.721770
vt 0.280190 0.721528
vt 0.049209 0.680562
vt 0.052273 0.689806
vt 0.055582 0.697784
vt 0.260421 0.787785
vt 0.269075 0.787739
vt 0.061697 0.703890
vt 0.252360 0.787961
vt 0.069685 0.707195
vt 0.073689 0.775845
vt 0.080488 0.775846
vt 0.078331 0.707195
vt 0.065358 0.775844
vt 0.086318 0.703890
vt 0.056761 0.775845
vt 0.092431 0.697784
vt 0.049209 0.775846
vt 0.095738 0.689806
vt 0.816501 0.754494
vt 0.823709 0.754707
vt 0.095737 0.681171
vt 0.808007 0.754420
vt 0.092427 0.673193
vt 0.799521 0.754494
vt 0.086313 0.667087
vt 0.792334 0.754707
vt 0.078325 0.663782
vt 0.444914 0.774847
vt 0.452111 0.774855
vt 0.069679 0.663782
vt 0.436425 0.774844
vt 0.061692 0.667087
vt 0.427934 0.774847
vt 0.055579 0.673193
vt 0.420735 0.774855
vt 0.052272 0.681171
vt 0.277006 0.787829
vt 0.283007 0.788043
vt 0.269145 0.839177
vt 0.260941 0.839221
vt 0.751871 0.786650
vt 0.748735 0.779087
vt 0.750563 0.778718
vt 0.753414 0.785593
vt 0.253299 0.839388
vt 0.757666 0.792439
vt 0.758683 0.790856
vt 0.079611 0.827280
vt 0.073166 0.827279
vt 0.765238 0.795573
vt 0.765566 0.793704
vt 0.065268 0.827279
vt 0.773434 0.795574
vt 0.773017 0.793705
vt 0.057119 0.827279
vt 0.781006 0.792442
vt 0.779900 0.790858
vt 0.049960 0.827280
vt 0.786802 0.786655
vt 0.785169 0.785597
vt 0.822889 0.806127
vt 0.816056 0.805925
vt 0.789938 0.779093
vt 0.788020 0.778723
vt 0.808005 0.805854
vt 0.789938 0.770907
vt 0.788020 0.771281
vt 0.799960 0.805925
vt 0.786802 0.763343
vt 0.785169 0.764406
vt 0.793147 0.806127
vt 0.781006 0.757554
vt 0.779900 0.759143
vt 0.451294 0.826291
vt 0.444472 0.826283
vt 0.773434 0.754421
vt 0.773017 0.756294
vt 0.436425 0.826280
vt 0.765238 0.754420
vt 0.765566 0.756293
vt 0.428376 0.826283
vt 0.757666 0.757551
vt 0.758683 0.759140
vt 0.421551 0.826291
vt 0.751871 0.763339
vt 0.753414 0.764401
vt 0.282351 0.839466
vt 0.276663 0.839263
vt 0.748735 0.770901
vt 0.750563 0.771276
vt 0.206407 0.688696
vt 0.206407 0.680972
vt 0.209367 0.673835
vt 0.214837 0.668372
vt 0.221984 0.665414
vt 0.229720 0.665412
vt 0.236867 0.668367
vt 0.242337 0.673827
vt 0.245298 0.680963
vt 0.245298 0.688687
vt 0.242337 0.695824
vt 0.236867 0.701287
vt 0.229720 0.704244
vt 0.221984 0.704246
vt 0.214837 0.701292
vt 0.209367 0.695832
vt 0.575717 0.821622
vt 0.575701 0.817182
vt 0.577524 0.817192
vt 0.577541 0.821632
vt 0.549337 0.820295
vt 0.547470 0.820289
vt 0.548158 0.812407
vt 0.550025 0.812414
vt 0.719718 0.223152
vt 0.717846 0.223152
vt 0.717846 0.217731
vt 0.719718 0.217731
vt 0.578214 0.829520
vt 0.576391 0.829511
vt 0.652739 0.235307
vt 0.654604 0.235304
vt 0.654697 0.239433
vt 0.652832 0.239437
vt 0.717846 0.227596
vt 0.719718 0.227596
vt 0.719718 0.235487
vt 0.717847 0.235487
vt 0.577688 0.484705
vt 0.579554 0.484810
vt 0.579359 0.489364
vt 0.577492 0.489259
vt 0.654789 0.243041
vt 0.652923 0.243045
vt 0.576843 0.812138
vt 0.578658 0.812709
vt 0.549321 0.824735
vt 0.547454 0.824728
vt 0.579751 0.808938
vt 0.578090 0.808142
vt 0.579920 0.804620
vt 0.581488 0.805669
vt 0.584137 0.800226
vt 0.584996 0.801833
vt 0.551776 0.837326
vt 0.553381 0.836291
vt 0.556973 0.840156
vt 0.556094 0.841755
vt 0.719719 0.209855
vt 0.717847 0.209855
vt 0.717849 0.204976
vt 0.719720 0.204976
vt 0.717847 0.213551
vt 0.719718 0.213551
vt 0.548624 0.829781
vt 0.550483 0.829227
vt 0.551602 0.833006
vt 0.549902 0.833788
vt 0.653063 0.246168
vt 0.654929 0.246165
vt 0.655184 0.249556
vt 0.653318 0.249560
vt 0.579134 0.493141
vt 0.577267 0.493036
vt 0.561930 0.843682
vt 0.562055 0.841910
vt 0.566142 0.841692
vt 0.566404 0.843456
vt 0.589838 0.798349
vt 0.589959 0.800122
vt 0.615060 0.225671
vt 0.616929 0.225671
vt 0.616824 0.232021
vt 0.614955 0.232021
vt 0.465151 0.249632
vt 0.465297 0.246458
vt 0.466535 0.245498
vt 0.466296 0.250700
vt 0.616835 0.236771
vt 0.614966 0.236771
vt 0.579611 0.495251
vt 0.576434 0.495072
vt 0.594208 0.798613
vt 0.593951 0.800375
vt 0.595872 0.801854
vt 0.596317 0.798799
vt 0.597454 0.798031
vt 0.596718 0.803091
vt 0.568251 0.840229
vt 0.568706 0.843287
vt 0.617497 0.239069
vt 0.614317 0.239069
vt 0.570092 0.844062
vt 0.569338 0.838997
vt 0.571257 0.837647
vt 0.572354 0.845015
vt 0.618473 0.240451
vt 0.613259 0.240451
vt 0.674803 0.221935
vt 0.674764 0.216732
vt 0.676654 0.215608
vt 0.676711 0.223140
vt 0.619590 0.242706
vt 0.612043 0.242706
vt 0.654632 0.222968
vt 0.652767 0.222972
vt 0.652862 0.219045
vt 0.654728 0.219042
vt 0.599416 0.797092
vt 0.598345 0.804452
vt 0.549777 0.807095
vt 0.551537 0.807957
vt 0.654596 0.230860
vt 0.652730 0.230864
vt 0.717847 0.241356
vt 0.719719 0.241356
vt 0.719720 0.246582
vt 0.717849 0.246582
vt 0.653060 0.214940
vt 0.654926 0.214937
vt 0.579692 0.833991
vt 0.577973 0.834838
vt 0.637463 0.236631
vt 0.639901 0.236617
vt 0.640948 0.239419
vt 0.636201 0.239446
vt 0.637560 0.225950
vt 0.639430 0.225939
vt 0.639535 0.228113
vt 0.637666 0.228124
vt 0.582485 0.838429
vt 0.581127 0.839756
vt 0.553005 0.802205
vt 0.554396 0.803543
vt 0.559823 0.800149
vt 0.559349 0.798322
vt 0.566507 0.798119
vt 0.566160 0.800634
vt 0.587324 0.843694
vt 0.587786 0.841870
vt 0.593916 0.841438
vt 0.594255 0.843956
vt 0.639606 0.230781
vt 0.637737 0.230791
vt 0.604918 0.239136
vt 0.603048 0.239136
vt 0.602778 0.231506
vt 0.605217 0.231506
vt 0.604737 0.245978
vt 0.602867 0.245978
vt 0.602973 0.242811
vt 0.604843 0.242811
vt 0.555950 0.799921
vt 0.556831 0.801427
vt 0.584864 0.840566
vt 0.584004 0.842065
vt 0.642319 0.241736
vt 0.634693 0.241780
vt 0.568981 0.803079
vt 0.569644 0.798282
vt 0.572369 0.797023
vt 0.571314 0.804666
vt 0.596426 0.839012
vt 0.597073 0.843815
vt 0.601616 0.228372
vt 0.606365 0.228372
vt 0.600228 0.225671
vt 0.607857 0.225671
vt 0.598398 0.837438
vt 0.599430 0.845091
vt 0.578499 0.817181
vt 0.578515 0.821621
vt 0.655477 0.230859
vt 0.655485 0.235302
vt 0.550253 0.820315
vt 0.550236 0.824755
vt 0.651799 0.235309
vt 0.651790 0.230866
vt 0.716933 0.227596
vt 0.716933 0.223152
vt 0.546540 0.824742
vt 0.546556 0.820302
vt 0.574905 0.821603
vt 0.574888 0.817163
vt 0.720631 0.223152
vt 0.720631 0.227595
vt 0.651894 0.239545
vt 0.551332 0.828990
vt 0.716933 0.217837
vt 0.547770 0.830053
vt 0.576089 0.811861
vt 0.720631 0.217837
vt 0.579568 0.812954
vt 0.655581 0.239538
vt 0.551019 0.837830
vt 0.549086 0.834181
vt 0.716934 0.213708
vt 0.716934 0.210058
vt 0.577374 0.807744
vt 0.720632 0.213708
vt 0.582304 0.806145
vt 0.580626 0.809304
vt 0.655674 0.243196
vt 0.655815 0.246365
vt 0.552415 0.832649
vt 0.651987 0.243203
vt 0.579261 0.804110
vt 0.720632 0.210058
vt 0.554134 0.835822
vt 0.652129 0.246372
vt 0.720633 0.205312
vt 0.583784 0.799399
vt 0.579597 0.481595
vt 0.580534 0.481340
vt 0.580490 0.484683
vt 0.585514 0.802636
vt 0.652394 0.249899
vt 0.557421 0.839359
vt 0.716935 0.205312
vt 0.555650 0.842581
vt 0.561866 0.844632
vt 0.617858 0.225856
vt 0.617755 0.232049
vt 0.589855 0.797400
vt 0.614062 0.232049
vt 0.614164 0.225856
vt 0.590105 0.801053
vt 0.580287 0.489396
vt 0.562121 0.840982
vt 0.576598 0.489188
vt 0.576801 0.484476
vt 0.614073 0.236715
vt 0.594423 0.797676
vt 0.580058 0.493257
vt 0.593897 0.801293
vt 0.576369 0.493050
vt 0.566003 0.840775
vt 0.617766 0.236715
vt 0.566543 0.844396
vt 0.568844 0.844227
vt 0.618428 0.239013
vt 0.596532 0.797861
vt 0.613423 0.239013
vt 0.595818 0.802772
vt 0.580534 0.495367
vt 0.568112 0.839311
vt 0.575535 0.495086
vt 0.464032 0.245111
vt 0.465270 0.244150
vt 0.466189 0.244570
vt 0.464951 0.245530
vt 0.464913 0.251927
vt 0.463768 0.250858
vt 0.464721 0.250524
vt 0.465866 0.251593
vt 0.612366 0.240395
vt 0.560302 0.253637
vt 0.560302 0.252332
vt 0.561261 0.252618
vt 0.561261 0.253923
vt 0.619404 0.240395
vt 0.563656 0.253922
vt 0.563656 0.252618
vt 0.564615 0.252332
vt 0.564615 0.253636
vt 0.611149 0.242651
vt 0.597669 0.797093
vt 0.599631 0.796155
vt 0.674821 0.215805
vt 0.676711 0.214682
vt 0.467547 0.243465
vt 0.466628 0.243046
vt 0.467547 0.251923
vt 0.467117 0.252816
vt 0.569200 0.838079
vt 0.571119 0.836730
vt 0.620521 0.242651
vt 0.572493 0.845955
vt 0.570230 0.845003
vt 0.655513 0.222967
vt 0.579189 0.829510
vt 0.720632 0.235486
vt 0.575578 0.829491
vt 0.716934 0.235486
vt 0.547244 0.812421
vt 0.651826 0.222974
vt 0.550941 0.812434
vt 0.655612 0.218882
vt 0.580540 0.833597
vt 0.720632 0.241195
vt 0.577276 0.835207
vt 0.716934 0.241195
vt 0.548981 0.806721
vt 0.651926 0.218889
vt 0.552323 0.808358
vt 0.716935 0.246326
vt 0.552361 0.801601
vt 0.652129 0.214689
vt 0.555035 0.804173
vt 0.580578 0.840356
vt 0.720633 0.246326
vt 0.583189 0.837806
vt 0.655815 0.214682
vt 0.587183 0.844553
vt 0.583644 0.842817
vt 0.602048 0.242619
vt 0.602121 0.239036
vt 0.555500 0.799167
vt 0.605742 0.242619
vt 0.605639 0.245707
vt 0.560049 0.801037
vt 0.557285 0.802218
vt 0.640462 0.227922
vt 0.640536 0.230683
vt 0.585387 0.839781
vt 0.636768 0.227943
vt 0.636659 0.225692
vt 0.601944 0.245707
vt 0.559123 0.797462
vt 0.605816 0.239036
vt 0.640353 0.225671
vt 0.588088 0.840986
vt 0.636842 0.230705
vt 0.636568 0.236685
vt 0.593883 0.840578
vt 0.601850 0.231550
vt 0.594456 0.844827
vt 0.606114 0.231550
vt 0.566630 0.797251
vt 0.640830 0.236661
vt 0.566044 0.801495
vt 0.597274 0.844686
vt 0.600689 0.228416
vt 0.569767 0.797413
vt 0.607262 0.228416
vt 0.568865 0.803940
vt 0.375293 0.583169
vt 0.375293 0.585916
vt 0.374316 0.585851
vt 0.374316 0.583105
vt 0.596393 0.838152
vt 0.658237 0.490997
vt 0.659009 0.493634
vt 0.658090 0.493969
vt 0.657318 0.491332
vt 0.657318 0.489144
vt 0.658237 0.488809
vt 0.659079 0.489198
vt 0.659079 0.491385
vt 0.599300 0.225715
vt 0.599631 0.845962
vt 0.608754 0.225715
vt 0.572493 0.796155
vt 0.641878 0.239463
vt 0.643249 0.241780
vt 0.571198 0.805527
vt 0.517226 0.849260
vt 0.517992 0.849246
vt 0.517497 0.876069
vt 0.516731 0.876083
vt 0.719749 0.088369
vt 0.708889 0.114620
vt 0.695007 0.105542
vt 0.703428 0.085186
vt 0.688822 0.134708
vt 0.679447 0.121119
vt 0.662604 0.145573
vt 0.659116 0.129544
vt 0.634225 0.145563
vt 0.637111 0.129536
vt 0.608006 0.134677
vt 0.616780 0.121095
vt 0.587940 0.114574
vt 0.601220 0.105507
vt 0.577080 0.088314
vt 0.592799 0.085144
vt 0.577080 0.059895
vt 0.592799 0.063107
vt 0.587940 0.033644
vt 0.601220 0.042751
vt 0.608006 0.013556
vt 0.616780 0.027174
vt 0.634225 0.002691
vt 0.637111 0.018749
vt 0.662604 0.002701
vt 0.659116 0.018757
vt 0.688822 0.013587
vt 0.679447 0.027198
vt 0.926920 0.944925
vt 0.926152 0.944925
vt 0.926129 0.920543
vt 0.926898 0.920543
vt 0.708889 0.033690
vt 0.695007 0.042787
vt 0.719749 0.059950
vt 0.703428 0.063149
vt 0.581929 0.206815
vt 0.576438 0.193538
vt 0.578981 0.193033
vt 0.584084 0.205374
vt 0.690487 0.735118
vt 0.679641 0.761344
vt 0.666064 0.752262
vt 0.674477 0.731919
vt 0.932651 0.863221
vt 0.933420 0.863221
vt 0.933405 0.891922
vt 0.932636 0.891922
vt 0.517226 0.905332
vt 0.517992 0.905318
vt 0.519403 0.932539
vt 0.518637 0.932553
vt 0.917114 0.893438
vt 0.916345 0.893438
vt 0.916370 0.864387
vt 0.917138 0.864387
vt 0.926898 0.863151
vt 0.926129 0.863151
vt 0.926152 0.838878
vt 0.926920 0.838878
vt 0.518637 0.828946
vt 0.519403 0.828932
vt 0.917207 0.944609
vt 0.916439 0.944609
vt 0.916369 0.921608
vt 0.917138 0.921609
vt 0.926121 0.891828
vt 0.926890 0.891828
vt 0.933420 0.920613
vt 0.932651 0.920613
vt 0.916439 0.838878
vt 0.917207 0.838878
vt 0.932694 0.838878
vt 0.933463 0.838878
vt 0.605072 0.792218
vt 0.578887 0.781324
vt 0.587914 0.767760
vt 0.608224 0.776210
vt 0.933463 0.944925
vt 0.932694 0.944925
vt 0.588425 0.767030
vt 0.573121 0.751680
vt 0.579198 0.747883
vt 0.592644 0.761369
vt 0.547999 0.706576
vt 0.558846 0.680350
vt 0.572369 0.689438
vt 0.563956 0.709781
vt 0.690487 0.706719
vt 0.674477 0.709892
vt 0.679641 0.680471
vt 0.666064 0.689532
vt 0.558846 0.761223
vt 0.572369 0.752168
vt 0.547999 0.734975
vt 0.563956 0.731808
vt 0.659600 0.660370
vt 0.650519 0.673940
vt 0.608421 0.775349
vt 0.610212 0.768678
vt 0.633415 0.649476
vt 0.630209 0.665490
vt 0.633415 0.792247
vt 0.630209 0.776232
vt 0.605072 0.649447
vt 0.608224 0.665468
vt 0.659600 0.781405
vt 0.650519 0.767822
vt 0.578887 0.660289
vt 0.587914 0.673878
vt 0.592075 0.155740
vt 0.605331 0.150246
vt 0.605837 0.152793
vt 0.593515 0.157899
vt 0.619679 0.150252
vt 0.619174 0.152798
vt 0.686738 0.081902
vt 0.686738 0.066439
vt 0.605331 0.222483
vt 0.592075 0.216979
vt 0.593515 0.214821
vt 0.605837 0.219937
vt 0.615020 0.052126
vt 0.609111 0.066410
vt 0.906035 0.327089
vt 0.906045 0.316380
vt 0.907538 0.316380
vt 0.907528 0.327089
vt 0.632936 0.216995
vt 0.619679 0.222489
vt 0.619174 0.219942
vt 0.631495 0.214836
vt 0.576438 0.179169
vt 0.578981 0.179677
vt 0.632936 0.155755
vt 0.631495 0.157913
vt 0.581929 0.165896
vt 0.584084 0.167339
vt 0.643081 0.165920
vt 0.648572 0.179197
vt 0.646030 0.179702
vt 0.640926 0.167361
vt 0.719167 0.149882
vt 0.718452 0.160168
vt 0.717948 0.160178
vt 0.718663 0.149891
vt 0.669910 0.107115
vt 0.680829 0.096186
vt 0.625938 0.041196
vt 0.655645 0.113027
vt 0.640204 0.035284
vt 0.640204 0.113022
vt 0.655645 0.035290
vt 0.625938 0.107099
vt 0.669910 0.041213
vt 0.615020 0.096161
vt 0.680829 0.052151
vt 0.609111 0.081873
vt 0.643081 0.206838
vt 0.640926 0.205395
vt 0.906045 0.363169
vt 0.906035 0.352411
vt 0.907528 0.352411
vt 0.907538 0.363169
vt 0.597972 0.890050
vt 0.597968 0.875510
vt 0.598475 0.875510
vt 0.598479 0.890050
vt 0.718201 0.173751
vt 0.717697 0.173760
vt 0.648572 0.193566
vt 0.646030 0.193058
vt 0.597972 0.860988
vt 0.598479 0.860988
vt 0.718452 0.188562
vt 0.719167 0.202346
vt 0.718663 0.202356
vt 0.717948 0.188571
vt 0.597984 0.848697
vt 0.598490 0.848697
vt 0.097160 0.879941
vt 0.097125 0.868294
vt 0.097631 0.868294
vt 0.097666 0.879941
vt 0.571110 0.848688
vt 0.571088 0.861015
vt 0.570581 0.861015
vt 0.570603 0.848688
vt 0.097113 0.854029
vt 0.097619 0.854029
vt 0.571080 0.875549
vt 0.570574 0.875549
vt 0.097125 0.839318
vt 0.097631 0.839319
vt 0.571088 0.890077
vt 0.570581 0.890077
vt 0.097160 0.826401
vt 0.097666 0.826401
vt 0.571110 0.902388
vt 0.570603 0.902388
vt 0.597984 0.902396
vt 0.598490 0.902396
vt 0.906031 0.339742
vt 0.907525 0.339742
vt 0.550640 0.857605
vt 0.550422 0.869440
vt 0.548934 0.869467
vt 0.549152 0.857632
vt 0.550640 0.882345
vt 0.549152 0.882372
vt 0.551263 0.894355
vt 0.549775 0.894383
vt 0.904155 0.594959
vt 0.904136 0.605699
vt 0.902642 0.605699
vt 0.902661 0.594959
vt 0.590356 0.895221
vt 0.590325 0.885072
vt 0.591819 0.885073
vt 0.591849 0.895221
vt 0.904129 0.618363
vt 0.902635 0.618363
vt 0.590315 0.872643
vt 0.591808 0.872644
vt 0.904136 0.631021
vt 0.902642 0.631021
vt 0.590325 0.859826
vt 0.591819 0.859826
vt 0.904155 0.641748
vt 0.902661 0.641748
vt 0.590356 0.848571
vt 0.591849 0.848571
vt 0.551263 0.848642
vt 0.549775 0.848670
vt 0.573121 0.689922
vt 0.588425 0.674603
vt 0.592644 0.680165
vt 0.579198 0.693624
vt 0.665365 0.690014
vt 0.673648 0.710058
vt 0.667518 0.711315
vt 0.660241 0.693705
vt 0.630065 0.775371
vt 0.629227 0.768697
vt 0.630065 0.666345
vt 0.650061 0.674664
vt 0.646795 0.680219
vt 0.629227 0.672910
vt 0.665365 0.751772
vt 0.650061 0.767092
vt 0.646795 0.761423
vt 0.660241 0.747964
vt 0.608421 0.666323
vt 0.610212 0.672891
vt 0.673648 0.731745
vt 0.667518 0.730369
vt 0.564838 0.731636
vt 0.564838 0.709949
vt 0.571921 0.711219
vt 0.571921 0.730273
vt 0.579814 0.747484
vt 0.572643 0.730131
vt 0.572643 0.711357
vt 0.579814 0.694019
vt 0.593063 0.680757
vt 0.610373 0.673590
vt 0.629110 0.673609
vt 0.646421 0.680811
vt 0.659670 0.694099
vt 0.666841 0.711452
vt 0.666840 0.730226
vt 0.659670 0.747564
vt 0.646421 0.760826
vt 0.629110 0.767993
vt 0.610373 0.767974
vt 0.593063 0.760772
vt 0.515622 0.905251
vt 0.515131 0.876248
vt 0.721322 0.059649
vt 0.721322 0.088662
vt 0.519085 0.876178
vt 0.519576 0.905175
vt 0.557618 0.762079
vt 0.546540 0.735270
vt 0.517022 0.932244
vt 0.710235 0.115461
vt 0.520975 0.932163
vt 0.578087 0.782609
vt 0.918801 0.921324
vt 0.918870 0.944131
vt 0.689749 0.135968
vt 0.914903 0.944119
vt 0.914834 0.921316
vt 0.604831 0.793736
vt 0.918777 0.893390
vt 0.662983 0.147061
vt 0.914810 0.893388
vt 0.633779 0.793765
vt 0.918801 0.864583
vt 0.634012 0.147050
vt 0.914834 0.864586
vt 0.660524 0.782692
vt 0.918870 0.839288
vt 0.607246 0.135937
vt 0.914903 0.839296
vt 0.680993 0.762202
vt 0.928559 0.920304
vt 0.928581 0.944481
vt 0.586761 0.115414
vt 0.924614 0.944471
vt 0.924592 0.920299
vt 0.692071 0.735416
vt 0.928551 0.891830
vt 0.575674 0.088606
vt 0.924584 0.891830
vt 0.692071 0.706410
vt 0.928559 0.863394
vt 0.575674 0.059594
vt 0.924592 0.863399
vt 0.680993 0.679602
vt 0.928581 0.839325
vt 0.586761 0.032794
vt 0.924614 0.839335
vt 0.660524 0.659071
vt 0.930992 0.863461
vt 0.931035 0.839323
vt 0.607246 0.012287
vt 0.935002 0.839333
vt 0.934959 0.863467
vt 0.633779 0.647944
vt 0.930977 0.891922
vt 0.634012 0.001195
vt 0.934944 0.891922
vt 0.604831 0.647915
vt 0.930992 0.920371
vt 0.662983 0.001206
vt 0.934959 0.920366
vt 0.578087 0.658988
vt 0.931035 0.944479
vt 0.689749 0.012319
vt 0.935002 0.944469
vt 0.557618 0.679478
vt 0.515622 0.849650
vt 0.517022 0.829506
vt 0.710235 0.032841
vt 0.520975 0.829445
vt 0.519576 0.849585
vt 0.546540 0.706264
vt 0.564413 0.731718
vt 0.572758 0.751912
vt 0.588176 0.767377
vt 0.608321 0.775758
vt 0.630126 0.775780
vt 0.650272 0.767439
vt 0.665690 0.752005
vt 0.674035 0.731828
vt 0.674035 0.709980
vt 0.665690 0.689786
vt 0.650272 0.674322
vt 0.630126 0.665941
vt 0.608321 0.665919
vt 0.588176 0.674259
vt 0.572758 0.689693
vt 0.564413 0.709870
vt 0.572269 0.730205
vt 0.579495 0.747693
vt 0.592848 0.761086
vt 0.610294 0.768344
vt 0.629177 0.768363
vt 0.646623 0.761140
vt 0.659976 0.747774
vt 0.667202 0.730300
vt 0.667202 0.711379
vt 0.659976 0.693892
vt 0.646623 0.680499
vt 0.629177 0.673241
vt 0.610294 0.673222
vt 0.592848 0.680445
vt 0.579495 0.693811
vt 0.572269 0.711284
vt 0.685533 0.081676
vt 0.685533 0.066670
vt 0.719380 0.173625
vt 0.719634 0.188626
vt 0.679799 0.095536
vt 0.720358 0.202586
vt 0.669204 0.106143
vt 0.095934 0.880310
vt 0.095898 0.868514
vt 0.655361 0.111880
vt 0.095886 0.854066
vt 0.640377 0.111874
vt 0.095898 0.839167
vt 0.626534 0.106126
vt 0.095934 0.826085
vt 0.615938 0.095512
vt 0.596758 0.902739
vt 0.596747 0.890235
vt 0.610204 0.081647
vt 0.596743 0.875508
vt 0.610204 0.066642
vt 0.596747 0.860801
vt 0.615938 0.052781
vt 0.596758 0.848352
vt 0.626534 0.042175
vt 0.572334 0.848345
vt 0.572312 0.860830
vt 0.640377 0.036438
vt 0.572304 0.875549
vt 0.655361 0.036443
vt 0.572312 0.890264
vt 0.669204 0.042191
vt 0.572334 0.902732
vt 0.679799 0.052805
vt 0.720358 0.149451
vt 0.719634 0.159869
vt 0.717182 0.188526
vt 0.716933 0.173846
vt 0.649394 0.179038
vt 0.649394 0.193722
vt 0.717890 0.202189
vt 0.643783 0.207287
vt 0.098429 0.868142
vt 0.098463 0.879687
vt 0.633414 0.217667
vt 0.098417 0.854004
vt 0.619866 0.223281
vt 0.098429 0.839423
vt 0.605202 0.223276
vt 0.098463 0.826620
vt 0.591654 0.217651
vt 0.599275 0.889923
vt 0.599287 0.902160
vt 0.581286 0.207263
vt 0.599271 0.875511
vt 0.575674 0.193694
vt 0.599275 0.861118
vt 0.575674 0.179010
vt 0.599287 0.848935
vt 0.581286 0.165445
vt 0.569786 0.861143
vt 0.569808 0.848925
vt 0.591655 0.155065
vt 0.569779 0.875548
vt 0.605202 0.149451
vt 0.569786 0.889949
vt 0.619866 0.149456
vt 0.569808 0.902151
vt 0.633414 0.155081
vt 0.717182 0.160384
vt 0.717890 0.150188
vt 0.643783 0.165469
vt 0.645266 0.192898
vt 0.645266 0.179858
vt 0.905234 0.339741
vt 0.905238 0.326960
vt 0.640283 0.204944
vt 0.905248 0.316142
vt 0.631075 0.214161
vt 0.904950 0.594722
vt 0.904931 0.605571
vt 0.619045 0.219146
vt 0.904924 0.618363
vt 0.606023 0.219141
vt 0.904931 0.631150
vt 0.593993 0.214147
vt 0.904950 0.641986
vt 0.584786 0.204923
vt 0.552035 0.848345
vt 0.551406 0.857399
vt 0.579803 0.192873
vt 0.551186 0.869354
vt 0.579803 0.179834
vt 0.551406 0.882390
vt 0.584786 0.167788
vt 0.552035 0.894522
vt 0.593993 0.158571
vt 0.589559 0.895475
vt 0.589528 0.885224
vt 0.606023 0.153585
vt 0.589517 0.872669
vt 0.619045 0.153590
vt 0.589528 0.859721
vt 0.631075 0.158585
vt 0.589559 0.848352
vt 0.640283 0.167809
vt 0.905248 0.363405
vt 0.905238 0.352539
vt 0.910024 0.327495
vt 0.910021 0.339745
vt 0.651790 0.187109
vt 0.651790 0.174610
vt 0.654159 0.175111
vt 0.654159 0.186620
vt 0.910034 0.317125
vt 0.656566 0.163064
vt 0.658557 0.164480
vt 0.900150 0.606100
vt 0.900168 0.595701
vt 0.665392 0.154229
vt 0.666684 0.156345
vt 0.900144 0.618362
vt 0.676923 0.149451
vt 0.677301 0.151945
vt 0.900150 0.630618
vt 0.689404 0.149455
vt 0.688794 0.151949
vt 0.900168 0.641004
vt 0.700936 0.154243
vt 0.699412 0.156358
vt 0.546751 0.858278
vt 0.547354 0.849599
vt 0.709761 0.163084
vt 0.707539 0.164499
vt 0.546540 0.869736
vt 0.714537 0.174634
vt 0.711937 0.175133
vt 0.546751 0.882231
vt 0.714537 0.187133
vt 0.711937 0.186642
vt 0.547354 0.893860
vt 0.709761 0.198678
vt 0.707539 0.197274
vt 0.594317 0.884598
vt 0.594347 0.894424
vt 0.700935 0.207513
vt 0.699412 0.205409
vt 0.594307 0.872563
vt 0.689404 0.212292
vt 0.688794 0.209809
vt 0.594317 0.860153
vt 0.676923 0.212287
vt 0.677301 0.209805
vt 0.594347 0.849255
vt 0.665392 0.207500
vt 0.666684 0.205396
vt 0.910024 0.352012
vt 0.910034 0.362428
vt 0.656566 0.198658
vt 0.658557 0.197255
vt 0.104544 0.907725
vt 0.103793 0.907720
vt 0.102559 0.879218
vt 0.103309 0.879224
vt 0.576943 0.343928
vt 0.576943 0.315511
vt 0.592673 0.318764
vt 0.592673 0.340799
vt 0.587806 0.289270
vt 0.601096 0.298415
vt 0.607876 0.269198
vt 0.616659 0.282851
vt 0.634100 0.258352
vt 0.636993 0.274441
vt 0.662484 0.258384
vt 0.659003 0.274465
vt 0.688707 0.269287
vt 0.679338 0.282920
vt 0.708778 0.289403
vt 0.694901 0.298519
vt 0.719640 0.315669
vt 0.703324 0.318886
vt 0.719640 0.344086
vt 0.703324 0.340921
vt 0.708778 0.370328
vt 0.694901 0.361270
vt 0.688707 0.390399
vt 0.679338 0.376834
vt 0.662484 0.401245
vt 0.659003 0.385244
vt 0.634100 0.401214
vt 0.636993 0.385220
vt 0.866722 0.942428
vt 0.865953 0.942428
vt 0.865891 0.917405
vt 0.866659 0.917405
vt 0.607876 0.390310
vt 0.616659 0.376765
vt 0.587806 0.370194
vt 0.601096 0.361166
vt 0.591997 0.472623
vt 0.581849 0.462452
vt 0.584005 0.461012
vt 0.593437 0.470466
vt 0.208543 0.656797
vt 0.182260 0.645922
vt 0.191359 0.632345
vt 0.211746 0.640781
vt 0.073959 0.853306
vt 0.074728 0.853305
vt 0.074594 0.881741
vt 0.073826 0.881741
vt 0.104544 0.850363
vt 0.103793 0.850357
vt 0.107309 0.825531
vt 0.108060 0.825537
vt 0.051485 0.883710
vt 0.050717 0.883708
vt 0.050970 0.854766
vt 0.051738 0.854768
vt 0.866659 0.860069
vt 0.865891 0.860069
vt 0.865953 0.836484
vt 0.866722 0.836484
vt 0.108060 0.931529
vt 0.107309 0.931523
vt 0.052460 0.935591
vt 0.051692 0.935589
vt 0.050970 0.912089
vt 0.051738 0.912091
vt 0.865869 0.888485
vt 0.866637 0.888485
vt 0.074728 0.910648
vt 0.073959 0.910649
vt 0.051692 0.829670
vt 0.052460 0.829672
vt 0.074340 0.829671
vt 0.075108 0.829670
vt 0.151256 0.571194
vt 0.162143 0.544959
vt 0.175755 0.554033
vt 0.167310 0.574382
vt 0.075108 0.935627
vt 0.074340 0.935628
vt 0.176473 0.554521
vt 0.191835 0.539190
vt 0.195398 0.544840
vt 0.181901 0.558309
vt 0.236993 0.514030
vt 0.263276 0.524905
vt 0.254199 0.538478
vt 0.233812 0.530042
vt 0.236993 0.656805
vt 0.233812 0.640787
vt 0.263276 0.645945
vt 0.254199 0.632363
vt 0.182260 0.524883
vt 0.191358 0.538460
vt 0.208543 0.514022
vt 0.211746 0.530036
vt 0.283393 0.625869
vt 0.269803 0.616791
vt 0.168159 0.574555
vt 0.174597 0.575910
vt 0.294280 0.599634
vt 0.278247 0.596441
vt 0.151256 0.599594
vt 0.167310 0.596410
vt 0.294280 0.571234
vt 0.278247 0.574413
vt 0.162143 0.625835
vt 0.175755 0.616764
vt 0.283393 0.544993
vt 0.269803 0.554059
vt 0.581849 0.421536
vt 0.591997 0.411388
vt 0.593437 0.413548
vt 0.584005 0.422981
vt 0.605255 0.405904
vt 0.605761 0.408451
vt 0.608993 0.337558
vt 0.614903 0.351849
vt 0.619606 0.478152
vt 0.605255 0.478136
vt 0.605761 0.475590
vt 0.619101 0.475605
vt 0.686635 0.337644
vt 0.686635 0.322182
vt 0.583103 0.859005
vt 0.583130 0.848599
vt 0.584624 0.848599
vt 0.584596 0.859005
vt 0.643013 0.462520
vt 0.632865 0.472668
vt 0.631425 0.470508
vt 0.640857 0.461075
vt 0.576357 0.449172
vt 0.578900 0.448669
vt 0.619607 0.405920
vt 0.619101 0.408466
vt 0.576357 0.434804
vt 0.578900 0.435314
vt 0.632865 0.411433
vt 0.643013 0.421604
vt 0.640857 0.423044
vt 0.631425 0.413590
vt 0.378023 0.566515
vt 0.376243 0.554462
vt 0.376737 0.554465
vt 0.378517 0.566519
vt 0.614903 0.307818
vt 0.608993 0.322096
vt 0.680725 0.351922
vt 0.625824 0.296897
vt 0.669804 0.362843
vt 0.640092 0.290996
vt 0.655536 0.368744
vt 0.655536 0.291013
vt 0.640092 0.368727
vt 0.669804 0.296946
vt 0.625824 0.362795
vt 0.680725 0.307891
vt 0.648505 0.449252
vt 0.645962 0.448743
vt 0.583130 0.895343
vt 0.583103 0.884303
vt 0.584596 0.884302
vt 0.584624 0.895343
vt 0.113411 0.866866
vt 0.113400 0.852221
vt 0.113906 0.852221
vt 0.113917 0.866866
vt 0.375618 0.540029
vt 0.376112 0.540033
vt 0.648505 0.434884
vt 0.645962 0.435388
vt 0.113411 0.837832
vt 0.113917 0.837832
vt 0.376243 0.525415
vt 0.378023 0.512843
vt 0.378517 0.512847
vt 0.376737 0.525418
vt 0.113443 0.825889
vt 0.113949 0.825889
vt 0.184096 0.884253
vt 0.183731 0.872353
vt 0.184236 0.872354
vt 0.184602 0.884254
vt 0.097440 0.769713
vt 0.097247 0.781681
vt 0.096741 0.781682
vt 0.096934 0.769714
vt 0.183602 0.857982
vt 0.184108 0.857983
vt 0.097180 0.796080
vt 0.096674 0.796081
vt 0.183731 0.843326
vt 0.184236 0.843327
vt 0.097247 0.810719
vt 0.096741 0.810719
vt 0.184096 0.830618
vt 0.184602 0.830619
vt 0.097440 0.823367
vt 0.096934 0.823368
vt 0.113443 0.879537
vt 0.113949 0.879537
vt 0.583093 0.871543
vt 0.584587 0.871542
vt 0.889838 0.352640
vt 0.889293 0.340064
vt 0.890752 0.340075
vt 0.891297 0.352650
vt 0.889838 0.327331
vt 0.891297 0.327341
vt 0.891389 0.316377
vt 0.892848 0.316387
vt 0.896958 0.594970
vt 0.896790 0.605397
vt 0.895297 0.605399
vt 0.895464 0.594971
vt 0.563366 0.895305
vt 0.563047 0.884937
vt 0.564540 0.884940
vt 0.564858 0.895308
vt 0.896731 0.617944
vt 0.895238 0.617945
vt 0.562936 0.872414
vt 0.564428 0.872418
vt 0.896790 0.630698
vt 0.895297 0.630699
vt 0.563047 0.859645
vt 0.564540 0.859648
vt 0.896958 0.641719
vt 0.895464 0.641720
vt 0.563366 0.848572
vt 0.564858 0.848575
vt 0.891389 0.363142
vt 0.892848 0.363152
vt 0.253702 0.539207
vt 0.269064 0.554547
vt 0.263249 0.558332
vt 0.249752 0.544855
vt 0.253702 0.631637
vt 0.233631 0.639931
vt 0.232118 0.633348
vt 0.249752 0.626061
vt 0.168159 0.596242
vt 0.174597 0.594964
vt 0.277377 0.596273
vt 0.269064 0.616307
vt 0.263249 0.612592
vt 0.270553 0.594991
vt 0.191835 0.631620
vt 0.176473 0.616281
vt 0.181901 0.612569
vt 0.195398 0.626046
vt 0.277377 0.574585
vt 0.270553 0.575937
vt 0.211906 0.639925
vt 0.213032 0.633343
vt 0.211906 0.530896
vt 0.233631 0.530902
vt 0.232118 0.537558
vt 0.213032 0.537553
vt 0.195787 0.545436
vt 0.213162 0.538256
vt 0.231970 0.538261
vt 0.249346 0.545451
vt 0.262644 0.558730
vt 0.269842 0.576078
vt 0.269842 0.594853
vt 0.262644 0.612196
vt 0.249346 0.625469
vt 0.231970 0.632648
vt 0.213162 0.632643
vt 0.195787 0.625454
vt 0.182488 0.612174
vt 0.175290 0.594826
vt 0.175290 0.576052
vt 0.182488 0.558708
vt 0.106291 0.850597
vt 0.105067 0.879215
vt 0.586624 0.371025
vt 0.575535 0.344211
vt 0.101196 0.879187
vt 0.102420 0.850574
vt 0.181370 0.523595
vt 0.208215 0.512502
vt 0.109778 0.825979
vt 0.575535 0.315201
vt 0.105906 0.825961
vt 0.160823 0.544100
vt 0.053423 0.911825
vt 0.054138 0.935128
vt 0.586624 0.288411
vt 0.050175 0.935109
vt 0.049460 0.911811
vt 0.149704 0.570895
vt 0.053172 0.883682
vt 0.607114 0.267921
vt 0.049209 0.883673
vt 0.149704 0.599901
vt 0.053423 0.854984
vt 0.633885 0.256848
vt 0.049460 0.854980
vt 0.160823 0.626703
vt 0.054138 0.830098
vt 0.662862 0.256880
vt 0.050175 0.830099
vt 0.181370 0.647219
vt 0.868322 0.917190
vt 0.868384 0.942002
vt 0.689633 0.268012
vt 0.864417 0.941993
vt 0.864355 0.917186
vt 0.208215 0.658327
vt 0.868300 0.888512
vt 0.710122 0.288548
vt 0.864333 0.888513
vt 0.237271 0.658335
vt 0.868322 0.860335
vt 0.721211 0.315362
vt 0.864355 0.860342
vt 0.264116 0.647242
vt 0.868384 0.836949
vt 0.721211 0.344372
vt 0.864417 0.836960
vt 0.284662 0.626737
vt 0.072313 0.853572
vt 0.072690 0.830136
vt 0.710122 0.371162
vt 0.076656 0.830142
vt 0.076279 0.853574
vt 0.295782 0.599942
vt 0.072181 0.881769
vt 0.689632 0.391652
vt 0.076147 0.881766
vt 0.295782 0.570936
vt 0.072313 0.910434
vt 0.662862 0.402725
vt 0.076279 0.910425
vt 0.284662 0.544134
vt 0.072690 0.935203
vt 0.633885 0.402693
vt 0.076656 0.935189
vt 0.264116 0.523618
vt 0.106291 0.907478
vt 0.109778 0.931081
vt 0.607114 0.391561
vt 0.105906 0.931043
vt 0.102420 0.907444
vt 0.237271 0.512510
vt 0.211832 0.530488
vt 0.191611 0.538844
vt 0.176135 0.554289
vt 0.167759 0.574472
vt 0.167759 0.596321
vt 0.176135 0.616510
vt 0.191611 0.631963
vt 0.211832 0.640330
vt 0.233719 0.640336
vt 0.253940 0.631981
vt 0.269417 0.616536
vt 0.277792 0.596352
vt 0.277792 0.574503
vt 0.269417 0.554315
vt 0.253940 0.538861
vt 0.233719 0.530494
vt 0.213091 0.537887
vt 0.195580 0.545123
vt 0.182177 0.558499
vt 0.174924 0.575978
vt 0.174924 0.594899
vt 0.182177 0.612382
vt 0.195580 0.625766
vt 0.213092 0.633011
vt 0.232046 0.633017
vt 0.249557 0.625781
vt 0.262960 0.612405
vt 0.270214 0.594926
vt 0.270214 0.576004
vt 0.262960 0.558521
vt 0.249557 0.545138
vt 0.232046 0.537892
vt 0.610088 0.337339
vt 0.615823 0.351207
vt 0.374316 0.540036
vt 0.374949 0.525234
vt 0.610088 0.322335
vt 0.376753 0.512502
vt 0.615823 0.308479
vt 0.182857 0.884610
vt 0.182487 0.872558
vt 0.626420 0.297881
vt 0.182357 0.858003
vt 0.640266 0.292155
vt 0.182487 0.843160
vt 0.655253 0.292171
vt 0.182857 0.830289
vt 0.669099 0.297928
vt 0.112217 0.879865
vt 0.112184 0.867032
vt 0.679696 0.308549
vt 0.112173 0.852200
vt 0.685432 0.322418
vt 0.112184 0.837627
vt 0.685432 0.337422
vt 0.112217 0.825531
vt 0.679696 0.351278
vt 0.098657 0.769354
vt 0.098462 0.781476
vt 0.669099 0.361875
vt 0.098393 0.796059
vt 0.655253 0.367602
vt 0.098462 0.810885
vt 0.640266 0.367585
vt 0.098657 0.823695
vt 0.626420 0.361828
vt 0.376753 0.566861
vt 0.374949 0.554653
vt 0.377582 0.525542
vt 0.376962 0.540028
vt 0.643657 0.421159
vt 0.649270 0.434731
vt 0.379346 0.513082
vt 0.649270 0.449415
vt 0.185045 0.872213
vt 0.185408 0.884007
vt 0.643657 0.462975
vt 0.184918 0.857968
vt 0.633286 0.473346
vt 0.185045 0.843442
vt 0.619736 0.478950
vt 0.185408 0.830846
vt 0.605069 0.478934
vt 0.114715 0.866751
vt 0.114746 0.879310
vt 0.591519 0.473300
vt 0.114704 0.852236
vt 0.581148 0.462906
vt 0.114715 0.837974
vt 0.575535 0.449333
vt 0.114746 0.826137
vt 0.575535 0.434650
vt 0.095953 0.781824
vt 0.096144 0.769961
vt 0.581148 0.421090
vt 0.095886 0.796096
vt 0.591519 0.410719
vt 0.095953 0.810604
vt 0.605069 0.405114
vt 0.096144 0.823141
vt 0.619736 0.405131
vt 0.377582 0.554333
vt 0.379346 0.566280
vt 0.633286 0.410765
vt 0.645140 0.435549
vt 0.640156 0.423497
vt 0.582296 0.871528
vt 0.582306 0.858864
vt 0.645140 0.448588
vt 0.582333 0.848352
vt 0.640156 0.460629
vt 0.897748 0.594722
vt 0.897578 0.605256
vt 0.630947 0.469839
vt 0.897519 0.617929
vt 0.618915 0.474815
vt 0.897578 0.630813
vt 0.605891 0.474801
vt 0.897748 0.641945
vt 0.593858 0.469798
vt 0.890561 0.363381
vt 0.888994 0.352772
vt 0.584649 0.460568
vt 0.888444 0.340069
vt 0.579665 0.448516
vt 0.888994 0.327207
vt 0.579665 0.435477
vt 0.890561 0.316142
vt 0.584649 0.423436
vt 0.562560 0.895552
vt 0.562238 0.885078
vt 0.593858 0.414226
vt 0.562125 0.872429
vt 0.605891 0.409250
vt 0.562238 0.859530
vt 0.618915 0.409264
vt 0.562560 0.848345
vt 0.630947 0.414267
vt 0.582333 0.895570
vt 0.582305 0.884417
vt 0.587095 0.859449
vt 0.587085 0.871588
vt 0.709648 0.418771
vt 0.714425 0.430323
vt 0.711827 0.430832
vt 0.707428 0.420195
vt 0.587121 0.849374
vt 0.714425 0.442821
vt 0.711827 0.442340
vt 0.892826 0.605843
vt 0.892988 0.595747
vt 0.709648 0.454362
vt 0.707428 0.452968
vt 0.892768 0.617991
vt 0.700821 0.463190
vt 0.699300 0.461096
vt 0.892826 0.630340
vt 0.689287 0.467960
vt 0.688680 0.465488
vt 0.892988 0.641011
vt 0.676803 0.467946
vt 0.677185 0.465476
vt 0.893942 0.352235
vt 0.895444 0.362404
vt 0.665270 0.463151
vt 0.666565 0.461060
vt 0.893415 0.340059
vt 0.656443 0.454304
vt 0.658437 0.452913
vt 0.893942 0.327730
vt 0.651666 0.442752
vt 0.654038 0.442276
vt 0.895444 0.317124
vt 0.651666 0.430254
vt 0.654038 0.430768
vt 0.567075 0.884496
vt 0.567383 0.894535
vt 0.656443 0.418712
vt 0.658437 0.420141
vt 0.566966 0.872371
vt 0.665270 0.409884
vt 0.666565 0.412012
vt 0.567075 0.860008
vt 0.676804 0.405114
vt 0.677185 0.407620
vt 0.567383 0.849287
vt 0.689287 0.405128
vt 0.688680 0.407633
vt 0.587095 0.883943
vt 0.587121 0.894633
vt 0.700821 0.409924
vt 0.699300 0.412048
vt 0.857267 0.646507
vt 0.857267 0.406059
vt 0.858936 0.406059
vt 0.858936 0.646507
vt 0.838800 0.646499
vt 0.838800 0.406073
vt 0.840164 0.406059
vt 0.840164 0.646485
vt 0.841805 0.406054
vt 0.841805 0.646479
vt 0.843474 0.406057
vt 0.843474 0.646483
vt 0.844916 0.406070
vt 0.844916 0.646495
vt 0.828753 0.883984
vt 0.828753 0.649121
vt 0.830118 0.648908
vt 0.830118 0.883771
vt 0.831759 0.648823
vt 0.831759 0.883686
vt 0.833427 0.648879
vt 0.833427 0.883742
vt 0.834869 0.649067
vt 0.834869 0.883930
vt 0.871423 0.367929
vt 0.871423 0.127486
vt 0.872779 0.127479
vt 0.872779 0.367922
vt 0.874417 0.127477
vt 0.874418 0.367919
vt 0.876088 0.127478
vt 0.876088 0.367921
vt 0.877537 0.127484
vt 0.877537 0.367927
vt 0.855823 0.646509
vt 0.855823 0.406061
vt 0.407284 0.244432
vt 0.408352 0.243991
vt 0.409508 0.243991
vt 0.410576 0.244432
vt 0.411393 0.245247
vt 0.411835 0.246312
vt 0.411835 0.247465
vt 0.411393 0.248530
vt 0.410576 0.249345
vt 0.409508 0.249787
vt 0.408352 0.249787
vt 0.407284 0.249345
vt 0.406467 0.248530
vt 0.406025 0.247465
vt 0.406025 0.246312
vt 0.406467 0.245247
vt 0.860576 0.406059
vt 0.860576 0.646508
vt 0.861938 0.406062
vt 0.861938 0.646510
vt 0.860407 0.647454
vt 0.858919 0.647453
vt 0.425280 0.246129
vt 0.425864 0.244716
vt 0.426695 0.245256
vt 0.426254 0.246322
vt 0.858919 0.405114
vt 0.860407 0.405115
vt 0.406748 0.243631
vt 0.408164 0.243046
vt 0.861642 0.647456
vt 0.426945 0.243634
vt 0.427510 0.244440
vt 0.861642 0.405117
vt 0.405665 0.244712
vt 0.840332 0.647435
vt 0.839094 0.647448
vt 0.428357 0.243047
vt 0.428575 0.243998
vt 0.839094 0.405132
vt 0.840332 0.405119
vt 0.405078 0.246124
vt 0.841822 0.647430
vt 0.429885 0.243046
vt 0.429727 0.243997
vt 0.841822 0.405114
vt 0.405078 0.247653
vt 0.843336 0.647433
vt 0.431297 0.243629
vt 0.430792 0.244437
vt 0.843336 0.405118
vt 0.405665 0.249066
vt 0.844645 0.647444
vt 0.432377 0.244709
vt 0.431606 0.245251
vt 0.844645 0.405129
vt 0.406748 0.250147
vt 0.830286 0.884772
vt 0.829048 0.884965
vt 0.432962 0.246120
vt 0.432047 0.246315
vt 0.829048 0.648256
vt 0.830286 0.648063
vt 0.408164 0.250732
vt 0.831775 0.884695
vt 0.432962 0.247649
vt 0.432047 0.247468
vt 0.831775 0.647985
vt 0.409697 0.250732
vt 0.833290 0.884745
vt 0.432377 0.249062
vt 0.431606 0.248534
vt 0.833290 0.648036
vt 0.411113 0.250147
vt 0.834598 0.884916
vt 0.431297 0.250144
vt 0.430792 0.249350
vt 0.834598 0.648207
vt 0.412197 0.249066
vt 0.872950 0.368870
vt 0.871720 0.368876
vt 0.429885 0.250731
vt 0.429727 0.249792
vt 0.871720 0.126543
vt 0.872950 0.126537
vt 0.412783 0.247653
vt 0.874437 0.368867
vt 0.428357 0.250733
vt 0.428575 0.249793
vt 0.874437 0.126534
vt 0.412783 0.246124
vt 0.875953 0.368869
vt 0.426945 0.250149
vt 0.427510 0.249353
vt 0.875953 0.126536
vt 0.412197 0.244712
vt 0.877268 0.368874
vt 0.425864 0.249070
vt 0.426695 0.248539
vt 0.877268 0.126541
vt 0.411113 0.243631
vt 0.857404 0.647453
vt 0.856093 0.647455
vt 0.425280 0.247658
vt 0.426254 0.247475
vt 0.856093 0.405117
vt 0.857404 0.405115
vt 0.409697 0.243046
vt 0.855846 0.367927
vt 0.855846 0.127479
vt 0.857516 0.127478
vt 0.857516 0.367927
vt 0.845891 0.367919
vt 0.845891 0.127493
vt 0.847255 0.127479
vt 0.847255 0.367905
vt 0.848896 0.127474
vt 0.848896 0.367899
vt 0.850564 0.127477
vt 0.850564 0.367903
vt 0.852006 0.127490
vt 0.852006 0.367915
vt 0.716821 0.881072
vt 0.716821 0.646209
vt 0.718185 0.645996
vt 0.718185 0.880859
vt 0.719826 0.645911
vt 0.719826 0.880774
vt 0.721495 0.645967
vt 0.721495 0.880830
vt 0.722936 0.646155
vt 0.722936 0.881018
vt 0.872842 0.646509
vt 0.872842 0.406067
vt 0.874199 0.406060
vt 0.874199 0.646502
vt 0.875837 0.406057
vt 0.875837 0.646500
vt 0.877507 0.406058
vt 0.877507 0.646501
vt 0.878956 0.406064
vt 0.878956 0.646507
vt 0.854402 0.367929
vt 0.854402 0.127481
vt 0.416126 0.246313
vt 0.416568 0.245248
vt 0.417385 0.244432
vt 0.418453 0.243991
vt 0.419609 0.243991
vt 0.420677 0.244432
vt 0.421494 0.245248
vt 0.421936 0.246313
vt 0.421936 0.247466
vt 0.421494 0.248531
vt 0.420677 0.249346
vt 0.419609 0.249787
vt 0.418453 0.249787
vt 0.417385 0.249346
vt 0.416568 0.248531
vt 0.416126 0.247466
vt 0.859156 0.127479
vt 0.859156 0.367928
vt 0.860517 0.127482
vt 0.860517 0.367930
vt 0.858986 0.368874
vt 0.857498 0.368873
vt 0.445435 0.246129
vt 0.446020 0.244716
vt 0.446851 0.245256
vt 0.446410 0.246322
vt 0.857498 0.126534
vt 0.858986 0.126535
vt 0.415179 0.246124
vt 0.415765 0.244712
vt 0.860222 0.368876
vt 0.447101 0.243634
vt 0.447666 0.244440
vt 0.860222 0.126537
vt 0.415179 0.247653
vt 0.847423 0.368855
vt 0.846185 0.368867
vt 0.448512 0.243047
vt 0.448731 0.243998
vt 0.846185 0.126552
vt 0.847423 0.126539
vt 0.415765 0.249066
vt 0.848913 0.368850
vt 0.450041 0.243046
vt 0.449883 0.243997
vt 0.848913 0.126534
vt 0.416849 0.250147
vt 0.850427 0.368853
vt 0.451452 0.243629
vt 0.450947 0.244437
vt 0.850427 0.126538
vt 0.418265 0.250732
vt 0.851735 0.368864
vt 0.452533 0.244709
vt 0.451762 0.245251
vt 0.851735 0.126549
vt 0.419798 0.250732
vt 0.718353 0.881860
vt 0.717115 0.882053
vt 0.453118 0.246120
vt 0.452203 0.246315
vt 0.717115 0.645343
vt 0.718353 0.645150
vt 0.421214 0.250147
vt 0.719843 0.881782
vt 0.453118 0.247649
vt 0.452203 0.247468
vt 0.719843 0.645073
vt 0.422297 0.249066
vt 0.721357 0.881833
vt 0.452533 0.249062
vt 0.451762 0.248534
vt 0.721357 0.645124
vt 0.422884 0.247653
vt 0.722665 0.882004
vt 0.451452 0.250144
vt 0.450947 0.249350
vt 0.722665 0.645295
vt 0.422884 0.246124
vt 0.874370 0.647450
vt 0.873139 0.647456
vt 0.450041 0.250731
vt 0.449883 0.249792
vt 0.873139 0.405123
vt 0.874370 0.405117
vt 0.422297 0.244712
vt 0.875857 0.647447
vt 0.448512 0.250733
vt 0.448731 0.249793
vt 0.875857 0.405114
vt 0.421214 0.243631
vt 0.877373 0.647449
vt 0.447101 0.250149
vt 0.447666 0.249353
vt 0.877373 0.405116
vt 0.419798 0.243046
vt 0.878687 0.647455
vt 0.446020 0.249070
vt 0.446851 0.248539
vt 0.878687 0.405121
vt 0.418265 0.243046
vt 0.855983 0.368873
vt 0.854672 0.368875
vt 0.445435 0.247658
vt 0.446410 0.247475
vt 0.854672 0.126536
vt 0.855983 0.126535
vt 0.416849 0.243631
vt 0.512719 0.833242
vt 0.512735 0.990695
vt 0.509479 0.990693
vt 0.509462 0.833240
vt 0.631458 0.492804
vt 0.628201 0.492804
vt 0.628195 0.487062
vt 0.631452 0.487062
vt 0.336889 0.834709
vt 0.336934 0.992276
vt 0.333677 0.992273
vt 0.333632 0.834706
vt 0.801441 0.201838
vt 0.791084 0.359679
vt 0.787833 0.359482
vt 0.798190 0.201641
vt 0.349440 0.661807
vt 0.359797 0.819161
vt 0.356546 0.819358
vt 0.346189 0.662004
vt 0.356876 0.825697
vt 0.354437 0.823591
vt 0.992824 0.833176
vt 0.989567 0.833174
vt 0.989583 0.828866
vt 0.992840 0.828868
vt 0.333677 0.828086
vt 0.336934 0.828090
vt 0.796081 0.197395
vt 0.798520 0.195283
vt 0.350614 0.659399
vt 0.348176 0.657252
vt 0.353735 0.653964
vt 0.353932 0.657197
vt 0.789820 0.364248
vt 0.792258 0.362094
vt 0.795576 0.364303
vt 0.795379 0.367545
vt 0.533811 0.252238
vt 0.530630 0.252196
vt 0.530182 0.248930
vt 0.533363 0.248972
vt 0.336916 0.994717
vt 0.333659 0.994714
vt 0.989583 0.990628
vt 0.992840 0.990630
vt 0.992824 0.995454
vt 0.989568 0.995452
vt 0.000000 0.000000
vt 0.000000 0.000000
vt 0.000000 0.000000
vt 0.000000 0.000000
vt 0.000000 0.000000
vt 0.000000 0.000000
vt 0.000000 0.000000
vt 0.000000 0.000000
vt 0.931129 0.003749
vt 0.933090 0.001195
vt 0.936505 0.006845
vt 0.933341 0.007232
vt 0.956376 0.375668
vt 0.953119 0.375669
vt 0.953113 0.371942
vt 0.956370 0.371941
vt 0.160369 0.939565
vt 0.157188 0.939602
vt 0.156432 0.933838
vt 0.159613 0.933801
vt 0.874932 0.115753
vt 0.872965 0.113197
vt 0.875183 0.109716
vt 0.878357 0.110105
vt 0.156234 0.927496
vt 0.159416 0.927458
vt 0.875995 0.104220
vt 0.879165 0.103786
vt 0.937311 0.013164
vt 0.934150 0.012728
vt 0.953111 0.366389
vt 0.956368 0.366388
vt 0.869915 0.012147
vt 0.873085 0.011713
vt 0.931249 0.105232
vt 0.928088 0.104796
vt 0.953119 0.275757
vt 0.956376 0.275756
vt 0.157188 0.835697
vt 0.160369 0.835660
vt 0.932927 0.110548
vt 0.930114 0.112067
vt 0.953114 0.268293
vt 0.956371 0.268292
vt 0.156807 0.830327
vt 0.159988 0.830289
vt 0.871946 0.004877
vt 0.874768 0.006397
vt 0.673921 0.491591
vt 0.677178 0.491568
vt 0.677178 0.495878
vt 0.673921 0.495900
vt 0.878959 0.001195
vt 0.879165 0.004436
vt 0.937311 0.112511
vt 0.937105 0.115753
vt 0.669516 0.245199
vt 0.672773 0.245186
vt 0.672773 0.252070
vt 0.669516 0.252083
vt 0.628201 0.481340
vt 0.631458 0.481341
vt 0.359599 0.655811
vt 0.359797 0.659044
vt 0.801441 0.362449
vt 0.801243 0.365692
vt 0.530630 0.243046
vt 0.533811 0.243087
vt 0.396649 0.833235
vt 0.396665 0.990688
vt 0.393408 0.990687
vt 0.393392 0.833233
vt 0.648432 0.492804
vt 0.645176 0.492804
vt 0.645170 0.487062
vt 0.648427 0.487062
vt 0.474091 0.835304
vt 0.474135 0.992871
vt 0.470879 0.992868
vt 0.470834 0.835301
vt 0.762343 0.586322
vt 0.751985 0.744163
vt 0.748735 0.743966
vt 0.759092 0.586125
vt 0.807087 0.203126
vt 0.817444 0.360480
vt 0.814194 0.360677
vt 0.803836 0.203322
vt 0.814523 0.367016
vt 0.812084 0.364910
vt 0.509479 0.828932
vt 0.512735 0.828933
vt 0.470879 0.828682
vt 0.474135 0.828685
vt 0.756983 0.581879
vt 0.759422 0.579767
vt 0.808262 0.200718
vt 0.805824 0.198571
vt 0.811383 0.195283
vt 0.811580 0.198516
vt 0.750722 0.748732
vt 0.753160 0.746578
vt 0.756478 0.748787
vt 0.756281 0.752030
vt 0.557906 0.252238
vt 0.554725 0.252196
vt 0.554278 0.248930
vt 0.557459 0.248972
vt 0.474118 0.995312
vt 0.470861 0.995309
vt 0.512720 0.995519
vt 0.509463 0.995517
vt 0.000000 0.000000
vt 0.000000 0.000000
vt 0.000000 0.000000
vt 0.000000 0.000000
vt 0.000000 0.000000
vt 0.000000 0.000000
vt 0.000000 0.000000
vt 0.000000 0.000000
vt 0.204731 0.808008
vt 0.206692 0.805453
vt 0.210107 0.811103
vt 0.206943 0.811490
vt 0.146400 0.953353
vt 0.143143 0.953354
vt 0.143137 0.949627
vt 0.146394 0.949626
vt 0.943841 0.110470
vt 0.940660 0.110508
vt 0.939904 0.104744
vt 0.943085 0.104706
vt 0.839994 0.115753
vt 0.838027 0.113197
vt 0.840245 0.109716
vt 0.843419 0.110105
vt 0.939706 0.098401
vt 0.942887 0.098364
vt 0.841056 0.104220
vt 0.844227 0.103786
vt 0.210913 0.817422
vt 0.207752 0.816986
vt 0.143135 0.944074
vt 0.146392 0.944073
vt 0.834976 0.012147
vt 0.838147 0.011713
vt 0.204851 0.909491
vt 0.201690 0.909054
vt 0.143143 0.853442
vt 0.146400 0.853441
vt 0.940660 0.006603
vt 0.943841 0.006565
vt 0.206529 0.914807
vt 0.203716 0.916326
vt 0.143138 0.845978
vt 0.146395 0.845977
vt 0.940279 0.001232
vt 0.943460 0.001195
vt 0.837008 0.004877
vt 0.839830 0.006397
vt 0.595748 0.254436
vt 0.592492 0.254459
vt 0.592492 0.250149
vt 0.595748 0.250127
vt 0.844021 0.001195
vt 0.844227 0.004436
vt 0.210913 0.916770
vt 0.210707 0.920011
vt 0.667120 0.242784
vt 0.663863 0.242797
vt 0.663863 0.235913
vt 0.667120 0.235900
vt 0.645176 0.481340
vt 0.648432 0.481341
vt 0.817247 0.197130
vt 0.817445 0.200363
vt 0.762343 0.746933
vt 0.762145 0.750176
vt 0.554725 0.243046
vt 0.557906 0.243087
vt 0.987155 0.833176
vt 0.987171 0.990630
vt 0.983914 0.990628
vt 0.983898 0.833174
vt 0.608825 0.492804
vt 0.605568 0.492804
vt 0.605563 0.487062
vt 0.608819 0.487062
vt 0.435386 0.835303
vt 0.435431 0.992870
vt 0.432174 0.992867
vt 0.432129 0.835300
vt 0.768566 0.007750
vt 0.758209 0.165591
vt 0.754958 0.165394
vt 0.765315 0.007553
vt 0.020452 0.668566
vt 0.030810 0.825921
vt 0.027559 0.826118
vt 0.017202 0.668763
vt 0.027889 0.832456
vt 0.025449 0.830351
vt 0.393408 0.828925
vt 0.396665 0.828927
vt 0.432174 0.828681
vt 0.435431 0.828684
vt 0.763206 0.003307
vt 0.765645 0.001195
vt 0.021627 0.666158
vt 0.019189 0.664012
vt 0.024748 0.660723
vt 0.024945 0.663956
vt 0.756945 0.170160
vt 0.759384 0.168006
vt 0.762702 0.170215
vt 0.762504 0.173458
vt 0.485619 0.252238
vt 0.482438 0.252196
vt 0.481991 0.248930
vt 0.485172 0.248972
vt 0.435413 0.995311
vt 0.432156 0.995308
vt 0.396649 0.995513
vt 0.393392 0.995511
vt 0.000000 0.000000
vt 0.000000 0.000000
vt 0.000000 0.000000
vt 0.000000 0.000000
vt 0.000000 0.000000
vt 0.000000 0.000000
vt 0.000000 0.000000
vt 0.000000 0.000000
vt 0.919511 0.003749
vt 0.921472 0.001195
vt 0.924887 0.006845
vt 0.921723 0.007232
vt 0.280259 0.949231
vt 0.277002 0.949232
vt 0.276997 0.945506
vt 0.280254 0.945504
vt 0.024925 0.944122
vt 0.021743 0.944159
vt 0.020987 0.938395
vt 0.024168 0.938358
vt 0.641982 0.910712
vt 0.640015 0.908157
vt 0.642233 0.904675
vt 0.645407 0.905064
vt 0.020790 0.932052
vt 0.023971 0.932015
vt 0.643044 0.899180
vt 0.646215 0.898745
vt 0.925693 0.013164
vt 0.922532 0.012728
vt 0.276995 0.939952
vt 0.280252 0.939951
vt 0.636965 0.807107
vt 0.640135 0.806672
vt 0.919631 0.105232
vt 0.916471 0.104796
vt 0.277002 0.849321
vt 0.280259 0.849320
vt 0.021743 0.840254
vt 0.024925 0.840216
vt 0.921309 0.110548
vt 0.918496 0.112067
vt 0.276997 0.841857
vt 0.280254 0.841855
vt 0.021362 0.834884
vt 0.024543 0.834846
vt 0.638996 0.799836
vt 0.641818 0.801357
vt 0.665874 0.495878
vt 0.662617 0.495900
vt 0.662617 0.491591
vt 0.665874 0.491568
vt 0.646009 0.796155
vt 0.646215 0.799396
vt 0.925693 0.112511
vt 0.925487 0.115753
vt 0.611149 0.245109
vt 0.614406 0.245096
vt 0.614406 0.251980
vt 0.611149 0.251992
vt 0.605568 0.481340
vt 0.608825 0.481341
vt 0.030612 0.662571
vt 0.030810 0.665803
vt 0.768566 0.168361
vt 0.768369 0.171604
vt 0.482438 0.243046
vt 0.485619 0.243087
vt 0.501381 0.833242
vt 0.501398 0.990695
vt 0.498141 0.990693
vt 0.498125 0.833240
vt 0.603167 0.492804
vt 0.599910 0.492804
vt 0.599904 0.487062
vt 0.603161 0.487062
vt 0.452477 0.835303
vt 0.452521 0.992870
vt 0.449265 0.992867
vt 0.449220 0.835300
vt 0.785437 0.201838
vt 0.775080 0.359679
vt 0.771829 0.359482
vt 0.782186 0.201641
vt 0.799997 0.412957
vt 0.810354 0.570312
vt 0.807103 0.570509
vt 0.796746 0.413154
vt 0.807433 0.576847
vt 0.804994 0.574742
vt 0.983914 0.828866
vt 0.987171 0.828868
vt 0.449265 0.828681
vt 0.452521 0.828684
vt 0.780077 0.197395
vt 0.782516 0.195283
vt 0.801171 0.410549
vt 0.798733 0.408403
vt 0.804292 0.405114
vt 0.804489 0.408347
vt 0.773816 0.364248
vt 0.776255 0.362094
vt 0.779573 0.364303
vt 0.779375 0.367545
vt 0.527787 0.252238
vt 0.524606 0.252196
vt 0.524158 0.248930
vt 0.527339 0.248972
vt 0.452504 0.995311
vt 0.449247 0.995308
vt 0.987156 0.995454
vt 0.983899 0.995452
vt 0.000000 0.000000
vt 0.000000 0.000000
vt 0.000000 0.000000
vt 0.000000 0.000000
vt 0.000000 0.000000
vt 0.000000 0.000000
vt 0.000000 0.000000
vt 0.000000 0.000000
vt 0.686590 0.798709
vt 0.688551 0.796155
vt 0.691966 0.801804
vt 0.688802 0.802192
vt 0.274600 0.949231
vt 0.271343 0.949232
vt 0.271337 0.945506
vt 0.274594 0.945504
vt 0.011863 0.944122
vt 0.008682 0.944159
vt 0.007926 0.938395
vt 0.011107 0.938358
vt 0.863286 0.115753
vt 0.861319 0.113197
vt 0.863537 0.109716
vt 0.866711 0.110105
vt 0.007728 0.932052
vt 0.010909 0.932015
vt 0.864349 0.104220
vt 0.867519 0.103786
vt 0.692771 0.808123
vt 0.689610 0.807687
vt 0.271335 0.939952
vt 0.274592 0.939951
vt 0.858269 0.012147
vt 0.861439 0.011713
vt 0.686710 0.900192
vt 0.683549 0.899756
vt 0.271343 0.849321
vt 0.274600 0.849320
vt 0.008682 0.840254
vt 0.011863 0.840216
vt 0.688388 0.905508
vt 0.685574 0.907027
vt 0.271338 0.841857
vt 0.274595 0.841855
vt 0.008301 0.834884
vt 0.011482 0.834846
vt 0.860300 0.004877
vt 0.863122 0.006397
vt 0.678020 0.229839
vt 0.674764 0.229862
vt 0.674764 0.225552
vt 0.678020 0.225529
vt 0.867313 0.001195
vt 0.867519 0.004436
vt 0.692771 0.907471
vt 0.692566 0.910712
vt 0.658211 0.245199
vt 0.661468 0.245186
vt 0.661468 0.252070
vt 0.658211 0.252083
vt 0.599910 0.481340
vt 0.603167 0.481341
vt 0.810157 0.406962
vt 0.810354 0.410194
vt 0.785437 0.362449
vt 0.785240 0.365692
vt 0.524606 0.243046
vt 0.527787 0.243087
vt 0.413655 0.833235
vt 0.413672 0.990688
vt 0.410415 0.990687
vt 0.410398 0.833233
vt 0.637116 0.492804
vt 0.633859 0.492804
vt 0.633854 0.487062
vt 0.637110 0.487062
vt 0.468394 0.835304
vt 0.468438 0.992871
vt 0.465182 0.992868
vt 0.465137 0.835301
vt 0.778346 0.411669
vt 0.767989 0.569510
vt 0.764738 0.569314
vt 0.775096 0.411473
vt 0.317432 0.661807
vt 0.327789 0.819161
vt 0.324539 0.819358
vt 0.314181 0.662004
vt 0.324868 0.825697
vt 0.322429 0.823591
vt 0.498141 0.828932
vt 0.501398 0.828933
vt 0.465182 0.828682
vt 0.468438 0.828685
vt 0.772986 0.407226
vt 0.775425 0.405114
vt 0.318607 0.659399
vt 0.316169 0.657252
vt 0.321728 0.653964
vt 0.321925 0.657197
vt 0.766726 0.574080
vt 0.769164 0.571926
vt 0.772482 0.574134
vt 0.772285 0.577377
vt 0.515739 0.252238
vt 0.512558 0.252196
vt 0.512110 0.248930
vt 0.515291 0.248972
vt 0.468421 0.995312
vt 0.465164 0.995309
vt 0.501382 0.995519
vt 0.498125 0.995517
vt 0.000000 0.000000
vt 0.000000 0.000000
vt 0.000000 0.000000
vt 0.000000 0.000000
vt 0.000000 0.000000
vt 0.000000 0.000000
vt 0.000000 0.000000
vt 0.000000 0.000000
vt 0.751776 0.800518
vt 0.753737 0.797964
vt 0.757152 0.803614
vt 0.753987 0.804001
vt 0.268940 0.949231
vt 0.265683 0.949232
vt 0.265678 0.945506
vt 0.268935 0.945504
vt 0.005333 0.944122
vt 0.002152 0.944159
vt 0.001395 0.938395
vt 0.004576 0.938358
vt 0.886578 0.115753
vt 0.884611 0.113197
vt 0.886829 0.109716
vt 0.890003 0.110105
vt 0.001198 0.932052
vt 0.004379 0.932015
vt 0.887641 0.104220
vt 0.890811 0.103786
vt 0.757957 0.809933
vt 0.754796 0.809497
vt 0.265675 0.939952
vt 0.268932 0.939951
vt 0.881561 0.012147
vt 0.884731 0.011713
vt 0.751895 0.902001
vt 0.748735 0.901565
vt 0.265683 0.849321
vt 0.268940 0.849320
vt 0.002152 0.840254
vt 0.005333 0.840216
vt 0.753573 0.907317
vt 0.750760 0.908836
vt 0.265678 0.841857
vt 0.268935 0.841855
vt 0.001770 0.834884
vt 0.004951 0.834846
vt 0.883592 0.004877
vt 0.886414 0.006397
vt 0.675168 0.235922
vt 0.678425 0.235900
vt 0.678425 0.240210
vt 0.675168 0.240232
vt 0.890605 0.001195
vt 0.890811 0.004436
vt 0.757957 0.909280
vt 0.757751 0.912521
vt 0.661468 0.242784
vt 0.658211 0.242797
vt 0.658211 0.235913
vt 0.661468 0.235900
vt 0.633859 0.481340
vt 0.637116 0.481341
vt 0.327592 0.655811
vt 0.327789 0.659044
vt 0.778346 0.572281
vt 0.778149 0.575523
vt 0.512558 0.243046
vt 0.515739 0.243087
vt 0.981486 0.833176
vt 0.981502 0.990630
vt 0.978246 0.990628
vt 0.978229 0.833174
vt 0.614483 0.492804
vt 0.611226 0.492804
vt 0.611221 0.487062
vt 0.614478 0.487062
vt 0.441083 0.835303
vt 0.441128 0.992870
vt 0.437871 0.992867
vt 0.437826 0.835300
vt 0.778346 0.586322
vt 0.767989 0.744163
vt 0.764738 0.743966
vt 0.775096 0.586125
vt 0.036456 0.668566
vt 0.046813 0.825921
vt 0.043562 0.826118
vt 0.033205 0.668763
vt 0.043892 0.832456
vt 0.041453 0.830351
vt 0.410415 0.828925
vt 0.413672 0.828927
vt 0.437871 0.828681
vt 0.441128 0.828684
vt 0.772986 0.581879
vt 0.775425 0.579767
vt 0.037631 0.666158
vt 0.035193 0.664012
vt 0.040752 0.660723
vt 0.040949 0.663956
vt 0.766726 0.748732
vt 0.769164 0.746578
vt 0.772482 0.748787
vt 0.772285 0.752030
vt 0.521763 0.252238
vt 0.518582 0.252196
vt 0.518134 0.248930
vt 0.521315 0.248972
vt 0.441110 0.995311
vt 0.437853 0.995308
vt 0.413656 0.995513
vt 0.410399 0.995511
vt 0.000000 0.000000
vt 0.000000 0.000000
vt 0.000000 0.000000
vt 0.000000 0.000000
vt 0.000000 0.000000
vt 0.000000 0.000000
vt 0.000000 0.000000
vt 0.000000 0.000000
vt 0.806992 0.811071
vt 0.808953 0.808517
vt 0.812368 0.814166
vt 0.809204 0.814554
vt 0.908380 0.946830
vt 0.905123 0.946831
vt 0.905118 0.943104
vt 0.908375 0.943103
vt 0.031455 0.944122
vt 0.028274 0.944159
vt 0.027518 0.938395
vt 0.030699 0.938358
vt 0.653628 0.910712
vt 0.651661 0.908157
vt 0.653879 0.904675
vt 0.657053 0.905064
vt 0.027320 0.932052
vt 0.030501 0.932015
vt 0.654691 0.899180
vt 0.657861 0.898745
vt 0.813174 0.820485
vt 0.810013 0.820049
vt 0.905116 0.937551
vt 0.908373 0.937550
vt 0.648611 0.807107
vt 0.651781 0.806672
vt 0.807112 0.912554
vt 0.803952 0.912118
vt 0.905123 0.846919
vt 0.908380 0.846918
vt 0.028274 0.840254
vt 0.031455 0.840216
vt 0.808790 0.917870
vt 0.805977 0.919389
vt 0.905118 0.839455
vt 0.908375 0.839454
vt 0.027893 0.834884
vt 0.031074 0.834846
vt 0.650642 0.799836
vt 0.653464 0.801357
vt 0.678425 0.246932
vt 0.675168 0.246954
vt 0.675168 0.242644
vt 0.678425 0.242622
vt 0.657655 0.796155
vt 0.657861 0.799396
vt 0.813174 0.919833
vt 0.812968 0.923074
vt 0.651666 0.488822
vt 0.654922 0.488809
vt 0.654922 0.495693
vt 0.651666 0.495706
vt 0.611226 0.481340
vt 0.614483 0.481341
vt 0.046616 0.662571
vt 0.046813 0.665803
vt 0.778346 0.746933
vt 0.778149 0.750176
vt 0.518582 0.243046
vt 0.521763 0.243087
vt 0.385311 0.833235
vt 0.385327 0.990688
vt 0.382070 0.990687
vt 0.382054 0.833233
vt 0.377579 0.580715
vt 0.374322 0.580714
vt 0.374316 0.574972
vt 0.377573 0.574973
vt 0.342586 0.834709
vt 0.342631 0.992276
vt 0.339374 0.992273
vt 0.339329 0.834706
vt 0.762343 0.411669
vt 0.751985 0.569510
vt 0.748735 0.569314
vt 0.759092 0.411473
vt 0.333436 0.661807
vt 0.343793 0.819161
vt 0.340542 0.819358
vt 0.330185 0.662004
vt 0.340872 0.825697
vt 0.338433 0.823591
vt 0.978246 0.828866
vt 0.981502 0.828868
vt 0.339374 0.828086
vt 0.342631 0.828090
vt 0.756983 0.407226
vt 0.759422 0.405114
vt 0.334611 0.659399
vt 0.332172 0.657252
vt 0.337731 0.653964
vt 0.337929 0.657197
vt 0.750722 0.574080
vt 0.753160 0.571926
vt 0.756478 0.574134
vt 0.756281 0.577377
vt 0.473571 0.252238
vt 0.470390 0.252196
vt 0.469943 0.248930
vt 0.473124 0.248972
vt 0.342613 0.994717
vt 0.339356 0.994714
vt 0.981487 0.995454
vt 0.978230 0.995452
vt 0.000000 0.000000
vt 0.000000 0.000000
vt 0.000000 0.000000
vt 0.000000 0.000000
vt 0.000000 0.000000
vt 0.000000 0.000000
vt 0.000000 0.000000
vt 0.000000 0.000000
vt 0.907894 0.003749
vt 0.909855 0.001195
vt 0.913270 0.006845
vt 0.910106 0.007232
vt 0.534044 0.936308
vt 0.530787 0.936309
vt 0.530782 0.932582
vt 0.534039 0.932581
vt 0.166900 0.939565
vt 0.163719 0.939602
vt 0.162962 0.933838
vt 0.166144 0.933801
vt 0.607044 0.910712
vt 0.605077 0.908157
vt 0.607295 0.904675
vt 0.610469 0.905064
vt 0.162765 0.927496
vt 0.165946 0.927458
vt 0.608106 0.899180
vt 0.611277 0.898745
vt 0.914075 0.013164
vt 0.910914 0.012728
vt 0.530780 0.927029
vt 0.534037 0.927028
vt 0.602026 0.807107
vt 0.605197 0.806672
vt 0.908014 0.105232
vt 0.904853 0.104796
vt 0.530787 0.836397
vt 0.534044 0.836396
vt 0.163719 0.835697
vt 0.166900 0.835660
vt 0.909692 0.110548
vt 0.906878 0.112067
vt 0.530782 0.828933
vt 0.534039 0.828932
vt 0.163338 0.830327
vt 0.166519 0.830289
vt 0.604058 0.799836
vt 0.606880 0.801357
vt 0.575535 0.250149
vt 0.578792 0.250127
vt 0.578792 0.254436
vt 0.575535 0.254459
vt 0.611071 0.796155
vt 0.611277 0.799396
vt 0.914075 0.112511
vt 0.913870 0.115753
vt 0.569211 0.249929
vt 0.565955 0.249942
vt 0.565955 0.243058
vt 0.569211 0.243046
vt 0.374322 0.569251
vt 0.377579 0.569251
vt 0.343596 0.655811
vt 0.343793 0.659044
vt 0.762343 0.572281
vt 0.762145 0.575523
vt 0.470390 0.243046
vt 0.473571 0.243087
vt 0.485485 0.832992
vt 0.485501 0.990445
vt 0.482244 0.990443
vt 0.482228 0.832990
vt 0.648907 0.237135
vt 0.645650 0.237135
vt 0.645644 0.231393
vt 0.648901 0.231393
vt 0.462697 0.835304
vt 0.462741 0.992871
vt 0.459485 0.992868
vt 0.459440 0.835301
vt 0.376948 0.595283
vt 0.366591 0.753124
vt 0.363340 0.752927
vt 0.373697 0.595086
vt 0.799997 0.587610
vt 0.810354 0.744965
vt 0.807103 0.745161
vt 0.796746 0.587807
vt 0.807433 0.751500
vt 0.804994 0.749395
vt 0.382070 0.828925
vt 0.385327 0.828927
vt 0.459485 0.828682
vt 0.462741 0.828685
vt 0.371588 0.590840
vt 0.374027 0.588728
vt 0.801171 0.585202
vt 0.798733 0.583055
vt 0.804292 0.579767
vt 0.804489 0.583000
vt 0.365327 0.757693
vt 0.367766 0.755540
vt 0.371084 0.757748
vt 0.370886 0.760991
vt 0.479595 0.252238
vt 0.476414 0.252196
vt 0.475967 0.248930
vt 0.479148 0.248972
vt 0.462724 0.995312
vt 0.459467 0.995309
vt 0.385312 0.995513
vt 0.382055 0.995511
vt 0.000000 0.000000
vt 0.000000 0.000000
vt 0.000000 0.000000
vt 0.000000 0.000000
vt 0.000000 0.000000
vt 0.000000 0.000000
vt 0.000000 0.000000
vt 0.000000 0.000000
vt 0.775011 0.800518
vt 0.776972 0.797964
vt 0.780387 0.803614
vt 0.777223 0.804001
vt 0.902720 0.946830
vt 0.899463 0.946831
vt 0.899458 0.943104
vt 0.902715 0.943103
vt 0.083187 0.938946
vt 0.080006 0.938983
vt 0.079249 0.933219
vt 0.082431 0.933182
vt 0.618690 0.910712
vt 0.616723 0.908157
vt 0.618941 0.904675
vt 0.622115 0.905064
vt 0.079052 0.926877
vt 0.082233 0.926839
vt 0.619752 0.899180
vt 0.622923 0.898745
vt 0.781192 0.809933
vt 0.778032 0.809497
vt 0.899456 0.937551
vt 0.902713 0.937550
vt 0.613672 0.807107
vt 0.616843 0.806672
vt 0.775131 0.902001
vt 0.771970 0.901565
vt 0.899463 0.846919
vt 0.902720 0.846918
vt 0.080006 0.835078
vt 0.083187 0.835041
vt 0.776809 0.907317
vt 0.773996 0.908836
vt 0.899458 0.839455
vt 0.902715 0.839454
vt 0.079625 0.829708
vt 0.082806 0.829670
vt 0.615704 0.799836
vt 0.618526 0.801357
vt 0.586840 0.250149
vt 0.590096 0.250127
vt 0.590096 0.254436
vt 0.586840 0.254459
vt 0.622717 0.796155
vt 0.622923 0.799396
vt 0.781192 0.909280
vt 0.780987 0.912521
vt 0.669516 0.235913
vt 0.672773 0.235900
vt 0.672773 0.242784
vt 0.669516 0.242797
vt 0.645650 0.225671
vt 0.648907 0.225672
vt 0.810157 0.581614
vt 0.810354 0.584847
vt 0.376948 0.755894
vt 0.376751 0.759137
vt 0.476414 0.243046
vt 0.479595 0.243087
vt 0.975817 0.833176
vt 0.975834 0.990630
vt 0.972577 0.990628
vt 0.972560 0.833174
vt 0.586192 0.492804
vt 0.582935 0.492804
vt 0.582930 0.487062
vt 0.586187 0.487062
vt 0.353980 0.834709
vt 0.354024 0.992276
vt 0.350768 0.992273
vt 0.350723 0.834706
vt 0.769433 0.201838
vt 0.759076 0.359679
vt 0.755825 0.359482
vt 0.766183 0.201641
vt 0.004449 0.668566
vt 0.014806 0.825921
vt 0.011555 0.826118
vt 0.001198 0.668763
vt 0.011885 0.832456
vt 0.009446 0.830351
vt 0.482244 0.828682
vt 0.485501 0.828684
vt 0.350768 0.828086
vt 0.354024 0.828090
vt 0.764073 0.197395
vt 0.766512 0.195283
vt 0.005623 0.666158
vt 0.003185 0.664012
vt 0.008744 0.660723
vt 0.008941 0.663956
vt 0.757813 0.364248
vt 0.760251 0.362094
vt 0.763569 0.364303
vt 0.763372 0.367545
vt 0.509715 0.252238
vt 0.506534 0.252196
vt 0.506086 0.248930
vt 0.509267 0.248972
vt 0.354007 0.994717
vt 0.350750 0.994714
vt 0.485486 0.995269
vt 0.482229 0.995268
vt 0.000000 0.000000
vt 0.000000 0.000000
vt 0.000000 0.000000
vt 0.000000 0.000000
vt 0.000000 0.000000
vt 0.000000 0.000000
vt 0.000000 0.000000
vt 0.000000 0.000000
vt 0.818610 0.811071
vt 0.820571 0.808517
vt 0.823986 0.814166
vt 0.820822 0.814554
vt 0.897060 0.946830
vt 0.893803 0.946831
vt 0.893798 0.943104
vt 0.897055 0.943103
vt 0.153839 0.939565
vt 0.150658 0.939602
vt 0.149901 0.933838
vt 0.153082 0.933801
vt 0.676920 0.910712
vt 0.674953 0.908157
vt 0.677172 0.904675
vt 0.680345 0.905064
vt 0.149704 0.927496
vt 0.152885 0.927458
vt 0.677983 0.899180
vt 0.681153 0.898745
vt 0.824791 0.820485
vt 0.821631 0.820049
vt 0.893796 0.937551
vt 0.897053 0.937550
vt 0.671903 0.807107
vt 0.675073 0.806672
vt 0.818730 0.912554
vt 0.815569 0.912118
vt 0.893803 0.846919
vt 0.897060 0.846918
vt 0.150658 0.835697
vt 0.153839 0.835660
vt 0.820408 0.917870
vt 0.817595 0.919389
vt 0.893798 0.839455
vt 0.897055 0.839454
vt 0.150276 0.830327
vt 0.153457 0.830289
vt 0.673935 0.799836
vt 0.676756 0.801357
vt 0.584444 0.254436
vt 0.581188 0.254459
vt 0.581188 0.250149
vt 0.584444 0.250127
vt 0.680947 0.796155
vt 0.681153 0.799396
vt 0.824791 0.919833
vt 0.824586 0.923074
vt 0.560302 0.243058
vt 0.563559 0.243046
vt 0.563559 0.249929
vt 0.560302 0.249942
vt 0.582935 0.481340
vt 0.586192 0.481341
vt 0.014609 0.662571
vt 0.014806 0.665803
vt 0.769433 0.362449
vt 0.769236 0.365692
vt 0.506534 0.243046
vt 0.509715 0.243087
vt 0.407986 0.833235
vt 0.408003 0.990688
vt 0.404746 0.990687
vt 0.404729 0.833233
vt 0.597509 0.492804
vt 0.594252 0.492804
vt 0.594246 0.487062
vt 0.597503 0.487062
vt 0.348283 0.834709
vt 0.348328 0.992276
vt 0.345071 0.992273
vt 0.345026 0.834706
vt 0.753430 0.201838
vt 0.743072 0.359679
vt 0.739822 0.359482
vt 0.750179 0.201641
vt 0.816000 0.412957
vt 0.826358 0.570312
vt 0.823107 0.570509
vt 0.812750 0.413154
vt 0.823437 0.576847
vt 0.820997 0.574742
vt 0.972577 0.828866
vt 0.975834 0.828868
vt 0.345071 0.828086
vt 0.348328 0.828090
vt 0.748069 0.197395
vt 0.750509 0.195283
vt 0.817175 0.410549
vt 0.814737 0.408403
vt 0.820296 0.405114
vt 0.820493 0.408347
vt 0.741809 0.364248
vt 0.744247 0.362094
vt 0.747565 0.364303
vt 0.747368 0.367545
vt 0.491643 0.252238
vt 0.488462 0.252196
vt 0.488015 0.248930
vt 0.491196 0.248972
vt 0.348310 0.994717
vt 0.345053 0.994714
vt 0.975818 0.995454
vt 0.972561 0.995452
vt 0.000000 0.000000
vt 0.000000 0.000000
vt 0.000000 0.000000
vt 0.000000 0.000000
vt 0.000000 0.000000
vt 0.000000 0.000000
vt 0.000000 0.000000
vt 0.000000 0.000000
vt 0.763393 0.800518
vt 0.765354 0.797964
vt 0.768769 0.803614
vt 0.765605 0.804001
vt 0.885741 0.946830
vt 0.882484 0.946831
vt 0.882478 0.943104
vt 0.885735 0.943103
vt 0.037986 0.944122
vt 0.034805 0.944159
vt 0.034048 0.938395
vt 0.037229 0.938358
vt 0.737549 0.899991
vt 0.735582 0.897435
vt 0.737800 0.893954
vt 0.740974 0.894343
vt 0.033851 0.932052
vt 0.037032 0.932015
vt 0.738611 0.888458
vt 0.741782 0.888024
vt 0.769575 0.809933
vt 0.766414 0.809497
vt 0.882476 0.937551
vt 0.885733 0.937550
vt 0.732531 0.796385
vt 0.735702 0.795951
vt 0.763513 0.902001
vt 0.760352 0.901565
vt 0.882484 0.846919
vt 0.885741 0.846918
vt 0.034805 0.840254
vt 0.037986 0.840216
vt 0.765191 0.907317
vt 0.762378 0.908836
vt 0.882479 0.839455
vt 0.885736 0.839454
vt 0.034423 0.834884
vt 0.037604 0.834846
vt 0.734563 0.789115
vt 0.737385 0.790635
vt 0.679107 0.214704
vt 0.682364 0.214682
vt 0.682364 0.218992
vt 0.679107 0.219014
vt 0.741576 0.785433
vt 0.741782 0.788674
vt 0.769575 0.909280
vt 0.769369 0.912521
vt 0.633759 0.245109
vt 0.637016 0.245096
vt 0.637016 0.251980
vt 0.633759 0.251992
vt 0.594252 0.481340
vt 0.597509 0.481341
vt 0.826160 0.406962
vt 0.826358 0.410194
vt 0.753430 0.362449
vt 0.753232 0.365692
vt 0.488462 0.243046
vt 0.491643 0.243087
vt 0.491154 0.832992
vt 0.491170 0.990445
vt 0.487913 0.990443
vt 0.487897 0.832990
vt 0.625800 0.492804
vt 0.622543 0.492804
vt 0.622537 0.487062
vt 0.625794 0.487062
vt 0.446780 0.835303
vt 0.446824 0.992870
vt 0.443568 0.992867
vt 0.443523 0.835300
vt 0.746139 0.617335
vt 0.735782 0.775176
vt 0.732531 0.774980
vt 0.742889 0.617139
vt 0.301428 0.661807
vt 0.311786 0.819161
vt 0.308535 0.819358
vt 0.298178 0.662004
vt 0.308865 0.825697
vt 0.306425 0.823591
vt 0.404746 0.828925
vt 0.408003 0.828927
vt 0.443568 0.828681
vt 0.446825 0.828684
vt 0.740779 0.612892
vt 0.743218 0.610780
vt 0.302603 0.659399
vt 0.300165 0.657252
vt 0.305724 0.653964
vt 0.305921 0.657197
vt 0.734519 0.779746
vt 0.736957 0.777592
vt 0.740275 0.779800
vt 0.740078 0.783043
vt 0.545859 0.252238
vt 0.542678 0.252196
vt 0.542230 0.248930
vt 0.545411 0.248972
vt 0.446807 0.995311
vt 0.443550 0.995308
vt 0.407987 0.995513
vt 0.404730 0.995511
vt 0.000000 0.000000
vt 0.000000 0.000000
vt 0.000000 0.000000
vt 0.000000 0.000000
vt 0.000000 0.000000
vt 0.000000 0.000000
vt 0.000000 0.000000
vt 0.000000 0.000000
vt 0.239585 0.808008
vt 0.241546 0.805453
vt 0.244961 0.811103
vt 0.241796 0.811490
vt 0.949501 0.108571
vt 0.946244 0.108572
vt 0.946239 0.104845
vt 0.949496 0.104844
vt 0.044516 0.944122
vt 0.041335 0.944159
vt 0.040579 0.938395
vt 0.043760 0.938358
vt 0.630336 0.910712
vt 0.628369 0.908157
vt 0.630587 0.904675
vt 0.633761 0.905064
vt 0.040381 0.932052
vt 0.043562 0.932015
vt 0.631398 0.899180
vt 0.634569 0.898745
vt 0.245766 0.817422
vt 0.242605 0.816986
vt 0.946237 0.099292
vt 0.949494 0.099291
vt 0.625319 0.807107
vt 0.628489 0.806672
vt 0.239705 0.909491
vt 0.236544 0.909054
vt 0.946244 0.008660
vt 0.949501 0.008659
vt 0.041335 0.840254
vt 0.044516 0.840216
vt 0.241382 0.914807
vt 0.238569 0.916326
vt 0.946239 0.001196
vt 0.949496 0.001195
vt 0.040954 0.834884
vt 0.044135 0.834846
vt 0.627350 0.799836
vt 0.630172 0.801357
vt 0.603796 0.250149
vt 0.607053 0.250127
vt 0.607053 0.254436
vt 0.603796 0.254459
vt 0.634363 0.796155
vt 0.634569 0.799396
vt 0.245766 0.916770
vt 0.245561 0.920011
vt 0.622454 0.245109
vt 0.625711 0.245096
vt 0.625711 0.251980
vt 0.622454 0.251992
vt 0.622543 0.481340
vt 0.625800 0.481341
vt 0.311588 0.655811
vt 0.311786 0.659044
vt 0.746139 0.777947
vt 0.745942 0.781189
vt 0.542678 0.243046
vt 0.545859 0.243087
vt 0.402317 0.833235
vt 0.402334 0.990688
vt 0.399077 0.990687
vt 0.399061 0.833233
vt 0.591851 0.492804
vt 0.588594 0.492804
vt 0.588588 0.487062
vt 0.591845 0.487062
vt 0.359677 0.834709
vt 0.359721 0.992276
vt 0.356465 0.992273
vt 0.356420 0.834706
vt 0.784570 0.007750
vt 0.774212 0.165591
vt 0.770962 0.165394
vt 0.781319 0.007553
vt 0.806220 0.009038
vt 0.816577 0.166393
vt 0.813326 0.166589
vt 0.802969 0.009235
vt 0.813656 0.172928
vt 0.811217 0.170823
vt 0.487913 0.828682
vt 0.491170 0.828684
vt 0.356465 0.828086
vt 0.359721 0.828090
vt 0.779209 0.003307
vt 0.781649 0.001195
vt 0.807395 0.006630
vt 0.804956 0.004483
vt 0.810515 0.001195
vt 0.810713 0.004428
vt 0.772949 0.170160
vt 0.775387 0.168006
vt 0.778705 0.170215
vt 0.778508 0.173458
vt 0.503691 0.252238
vt 0.500510 0.252196
vt 0.500062 0.248930
vt 0.503243 0.248972
vt 0.359704 0.994717
vt 0.356447 0.994714
vt 0.491154 0.995269
vt 0.487898 0.995268
vt 0.000000 0.000000
vt 0.000000 0.000000
vt 0.000000 0.000000
vt 0.000000 0.000000
vt 0.000000 0.000000
vt 0.000000 0.000000
vt 0.000000 0.000000
vt 0.000000 0.000000
vt 0.795375 0.811071
vt 0.797336 0.808517
vt 0.800751 0.814166
vt 0.797586 0.814554
vt 0.891400 0.946830
vt 0.888143 0.946831
vt 0.888138 0.943104
vt 0.891395 0.943103
vt 0.173431 0.939565
vt 0.170250 0.939602
vt 0.169493 0.933838
vt 0.172674 0.933801
vt 0.665274 0.910712
vt 0.663307 0.908157
vt 0.665525 0.904675
vt 0.668699 0.905064
vt 0.169296 0.927496
vt 0.172477 0.927458
vt 0.666337 0.899180
vt 0.669507 0.898745
vt 0.801556 0.820485
vt 0.798395 0.820049
vt 0.888136 0.937551
vt 0.891393 0.937550
vt 0.660257 0.807107
vt 0.663427 0.806672
vt 0.795495 0.912554
vt 0.792334 0.912118
vt 0.888143 0.846919
vt 0.891400 0.846918
vt 0.170250 0.835697
vt 0.173431 0.835660
vt 0.797172 0.917870
vt 0.794359 0.919389
vt 0.888138 0.839455
vt 0.891395 0.839454
vt 0.169868 0.830327
vt 0.173049 0.830289
vt 0.662288 0.799836
vt 0.665110 0.801357
vt 0.668269 0.491591
vt 0.671526 0.491568
vt 0.671526 0.495878
vt 0.668269 0.495900
vt 0.669301 0.796155
vt 0.669507 0.799396
vt 0.801556 0.919833
vt 0.801351 0.923074
vt 0.620059 0.251980
vt 0.616802 0.251992
vt 0.616802 0.245109
vt 0.620059 0.245096
vt 0.588594 0.481340
vt 0.591851 0.481341
vt 0.816380 0.003042
vt 0.816577 0.006275
vt 0.784570 0.168361
vt 0.784372 0.171604
vt 0.500510 0.243046
vt 0.503691 0.243087
vt 0.390980 0.833235
vt 0.390996 0.990688
vt 0.387739 0.990687
vt 0.387723 0.833233
vt 0.648907 0.250989
vt 0.645650 0.250989
vt 0.645644 0.245247
vt 0.648901 0.245247
vt 0.423992 0.835303
vt 0.424037 0.992870
vt 0.420780 0.992867
vt 0.420735 0.835300
vt 0.794350 0.411669
vt 0.783993 0.569510
vt 0.780742 0.569314
vt 0.791099 0.411473
vt 0.823091 0.203126
vt 0.833448 0.360480
vt 0.830197 0.360677
vt 0.819840 0.203322
vt 0.830527 0.367016
vt 0.828088 0.364910
vt 0.399077 0.828925
vt 0.402334 0.828927
vt 0.420780 0.828681
vt 0.424037 0.828684
vt 0.788990 0.407226
vt 0.791429 0.405114
vt 0.824266 0.200718
vt 0.821828 0.198571
vt 0.827386 0.195283
vt 0.827584 0.198516
vt 0.782730 0.574080
vt 0.785168 0.571926
vt 0.788486 0.574134
vt 0.788288 0.577377
vt 0.551883 0.252238
vt 0.548702 0.252196
vt 0.548254 0.248930
vt 0.551435 0.248972
vt 0.424019 0.995311
vt 0.420762 0.995308
vt 0.402318 0.995513
vt 0.399061 0.995511
vt 0.000000 0.000000
vt 0.000000 0.000000
vt 0.000000 0.000000
vt 0.000000 0.000000
vt 0.000000 0.000000
vt 0.000000 0.000000
vt 0.000000 0.000000
vt 0.000000 0.000000
vt 0.227967 0.808008
vt 0.229928 0.805453
vt 0.233343 0.811103
vt 0.230179 0.811490
vt 0.955161 0.108571
vt 0.951904 0.108572
vt 0.951899 0.104845
vt 0.955156 0.104844
vt 0.018394 0.944122
vt 0.015213 0.944159
vt 0.014456 0.938395
vt 0.017637 0.938358
vt 0.851640 0.115753
vt 0.849673 0.113197
vt 0.851891 0.109716
vt 0.855065 0.110105
vt 0.014259 0.932052
vt 0.017440 0.932015
vt 0.852702 0.104220
vt 0.855873 0.103786
vt 0.234148 0.817422
vt 0.230987 0.816986
vt 0.951897 0.099292
vt 0.955154 0.099291
vt 0.846623 0.012147
vt 0.849793 0.011713
vt 0.228087 0.909491
vt 0.224926 0.909054
vt 0.951904 0.008660
vt 0.955161 0.008659
vt 0.015213 0.840254
vt 0.018394 0.840216
vt 0.229765 0.914807
vt 0.226952 0.916326
vt 0.951899 0.001196
vt 0.955156 0.001195
vt 0.014832 0.834884
vt 0.018013 0.834846
vt 0.848654 0.004877
vt 0.851476 0.006397
vt 0.678425 0.253654
vt 0.675168 0.253676
vt 0.675168 0.249366
vt 0.678425 0.249344
vt 0.855667 0.001195
vt 0.855873 0.004436
vt 0.234148 0.916770
vt 0.233943 0.920011
vt 0.639412 0.245109
vt 0.642668 0.245096
vt 0.642668 0.251980
vt 0.639412 0.251992
vt 0.645650 0.239525
vt 0.648907 0.239526
vt 0.833251 0.197130
vt 0.833448 0.200363
vt 0.794350 0.572281
vt 0.794153 0.575523
vt 0.548702 0.243046
vt 0.551883 0.243087
vt 0.507050 0.833242
vt 0.507067 0.990695
vt 0.503810 0.990693
vt 0.503793 0.833240
vt 0.642774 0.492804
vt 0.639517 0.492804
vt 0.639512 0.487062
vt 0.642769 0.487062
vt 0.429689 0.835303
vt 0.429734 0.992870
vt 0.426477 0.992867
vt 0.426432 0.835300
vt 0.800573 0.007750
vt 0.790216 0.165591
vt 0.786965 0.165394
vt 0.797323 0.007553
vt 0.822224 0.009038
vt 0.832581 0.166393
vt 0.829330 0.166589
vt 0.818973 0.009235
vt 0.829660 0.172928
vt 0.827221 0.170823
vt 0.387739 0.828925
vt 0.390996 0.828927
vt 0.426477 0.828681
vt 0.429734 0.828684
vt 0.795213 0.003307
vt 0.797652 0.001195
vt 0.823398 0.006630
vt 0.820960 0.004483
vt 0.826519 0.001195
vt 0.826716 0.004428
vt 0.788953 0.170160
vt 0.791391 0.168006
vt 0.794709 0.170215
vt 0.794512 0.173458
vt 0.539835 0.252238
vt 0.536654 0.252196
vt 0.536206 0.248930
vt 0.539387 0.248972
vt 0.429716 0.995311
vt 0.426459 0.995308
vt 0.390980 0.995513
vt 0.387724 0.995511
vt 0.000000 0.000000
vt 0.000000 0.000000
vt 0.000000 0.000000
vt 0.000000 0.000000
vt 0.000000 0.000000
vt 0.000000 0.000000
vt 0.000000 0.000000
vt 0.000000 0.000000
vt 0.216349 0.808008
vt 0.218310 0.805453
vt 0.221725 0.811103
vt 0.218561 0.811490
vt 0.877443 0.953119
vt 0.874186 0.953120
vt 0.874181 0.949393
vt 0.877438 0.949392
vt 0.179961 0.939565
vt 0.176780 0.939602
vt 0.176024 0.933838
vt 0.179205 0.933801
vt 0.898224 0.115753
vt 0.896257 0.113197
vt 0.898476 0.109716
vt 0.901649 0.110105
vt 0.175826 0.927496
vt 0.179007 0.927458
vt 0.899287 0.104220
vt 0.902457 0.103786
vt 0.222530 0.817422
vt 0.219370 0.816986
vt 0.874179 0.943840
vt 0.877436 0.943839
vt 0.893207 0.012147
vt 0.896377 0.011713
vt 0.216469 0.909491
vt 0.213308 0.909054
vt 0.874186 0.853208
vt 0.877443 0.853207
vt 0.176780 0.835697
vt 0.179961 0.835660
vt 0.218147 0.914807
vt 0.215334 0.916326
vt 0.874181 0.845744
vt 0.877438 0.845743
vt 0.176399 0.830327
vt 0.179580 0.830289
vt 0.895239 0.004877
vt 0.898060 0.006397
vt 0.601401 0.254436
vt 0.598144 0.254459
vt 0.598144 0.250149
vt 0.601401 0.250127
vt 0.902251 0.001195
vt 0.902457 0.004436
vt 0.222530 0.916770
vt 0.222325 0.920011
vt 0.628107 0.245109
vt 0.631364 0.245096
vt 0.631364 0.251980
vt 0.628107 0.251992
vt 0.639517 0.481340
vt 0.642774 0.481341
vt 0.832384 0.003042
vt 0.832581 0.006275
vt 0.800573 0.168361
vt 0.800376 0.171604
vt 0.536654 0.243046
vt 0.539835 0.243087
vt 0.620142 0.492804
vt 0.616885 0.492804
vt 0.616879 0.487062
vt 0.620136 0.487062
vt 0.479788 0.835304
vt 0.479832 0.992871
vt 0.476576 0.992868
vt 0.476531 0.835301
vt 0.794350 0.586322
vt 0.783993 0.744163
vt 0.780742 0.743966
vt 0.791099 0.586125
vt 0.816000 0.587610
vt 0.826358 0.744965
vt 0.823107 0.745161
vt 0.812750 0.587807
vt 0.823437 0.751500
vt 0.820997 0.749395
vt 0.503810 0.828932
vt 0.507067 0.828933
vt 0.476576 0.828682
vt 0.479832 0.828685
vt 0.788990 0.581879
vt 0.791429 0.579767
vt 0.817175 0.585202
vt 0.814737 0.583055
vt 0.820296 0.579767
vt 0.820493 0.583000
vt 0.782730 0.748732
vt 0.785168 0.746578
vt 0.788486 0.748787
vt 0.788288 0.752030
vt 0.497667 0.252238
vt 0.494486 0.252196
vt 0.494038 0.248930
vt 0.497220 0.248972
vt 0.479815 0.995312
vt 0.476558 0.995309
vt 0.507051 0.995519
vt 0.503794 0.995517
vt 0.000000 0.000000
vt 0.000000 0.000000
vt 0.000000 0.000000
vt 0.000000 0.000000
vt 0.000000 0.000000
vt 0.000000 0.000000
vt 0.000000 0.000000
vt 0.000000 0.000000
vt 0.120287 0.825167
vt 0.122248 0.822612
vt 0.125663 0.828262
vt 0.122499 0.828650
vt 0.859087 0.953118
vt 0.855830 0.953119
vt 0.855825 0.949392
vt 0.859082 0.949391
vt 0.729467 0.939602
vt 0.726286 0.939640
vt 0.725529 0.933876
vt 0.728711 0.933838
vt 0.290419 0.902297
vt 0.288452 0.899741
vt 0.290671 0.896260
vt 0.293845 0.896649
vt 0.725332 0.927533
vt 0.728513 0.927496
vt 0.291482 0.890764
vt 0.294653 0.890330
vt 0.126468 0.834581
vt 0.123308 0.834145
vt 0.855823 0.943839
vt 0.859079 0.943838
vt 0.285402 0.798691
vt 0.288573 0.798257
vt 0.120407 0.926650
vt 0.117246 0.926214
vt 0.855830 0.853207
vt 0.859087 0.853206
vt 0.726286 0.835735
vt 0.729467 0.835697
vt 0.122085 0.931966
vt 0.119272 0.933485
vt 0.855825 0.845743
vt 0.859082 0.845742
vt 0.725905 0.830364
vt 0.729086 0.830327
vt 0.287434 0.791421
vt 0.290256 0.792941
vt 0.682426 0.474660
vt 0.679170 0.474682
vt 0.679170 0.470372
vt 0.682426 0.470350
vt 0.294447 0.787739
vt 0.294653 0.790980
vt 0.126468 0.933929
vt 0.126263 0.937170
vt 0.667120 0.252070
vt 0.663863 0.252083
vt 0.663863 0.245199
vt 0.667120 0.245186
vt 0.616885 0.481340
vt 0.620142 0.481341
vt 0.826160 0.581614
vt 0.826358 0.584847
vt 0.794350 0.746933
vt 0.794153 0.750176
vt 0.494486 0.243046
vt 0.497667 0.243087
vt 0.864357 0.367927
vt 0.864357 0.127479
vt 0.866026 0.127478
vt 0.866026 0.367927
vt 0.847311 0.646499
vt 0.847311 0.406073
vt 0.848675 0.406059
vt 0.848675 0.646485
vt 0.850317 0.406054
vt 0.850317 0.646479
vt 0.851985 0.406057
vt 0.851985 0.646483
vt 0.853427 0.406070
vt 0.853427 0.646495
vt 0.879932 0.362532
vt 0.879932 0.127670
vt 0.881297 0.127457
vt 0.881297 0.362320
vt 0.882938 0.127372
vt 0.882938 0.362235
vt 0.884606 0.127428
vt 0.884606 0.362291
vt 0.886048 0.127616
vt 0.886048 0.362479
vt 0.864333 0.646509
vt 0.864333 0.406067
vt 0.865690 0.406060
vt 0.865690 0.646502
vt 0.867328 0.406057
vt 0.867328 0.646499
vt 0.868998 0.406058
vt 0.868998 0.646501
vt 0.870447 0.406064
vt 0.870447 0.646507
vt 0.862912 0.367929
vt 0.862912 0.127481
vt 0.399407 0.243990
vt 0.400475 0.244431
vt 0.401292 0.245247
vt 0.401735 0.246312
vt 0.401735 0.247465
vt 0.401292 0.248530
vt 0.400475 0.249345
vt 0.399407 0.249786
vt 0.398252 0.249786
vt 0.397184 0.249345
vt 0.396367 0.248530
vt 0.395924 0.247465
vt 0.395924 0.246312
vt 0.396367 0.245247
vt 0.397184 0.244431
vt 0.398252 0.243990
vt 0.867666 0.127479
vt 0.867666 0.367928
vt 0.869027 0.127482
vt 0.869027 0.367930
vt 0.867497 0.368874
vt 0.866008 0.368873
vt 0.443040 0.247649
vt 0.442455 0.249062
vt 0.441624 0.248522
vt 0.442065 0.247456
vt 0.866008 0.126534
vt 0.867497 0.126535
vt 0.399596 0.243046
vt 0.401012 0.243631
vt 0.868732 0.368876
vt 0.441374 0.250144
vt 0.440809 0.249338
vt 0.868732 0.126537
vt 0.398064 0.243046
vt 0.848844 0.647435
vt 0.847606 0.647448
vt 0.439963 0.250731
vt 0.439745 0.249780
vt 0.847606 0.405132
vt 0.848844 0.405119
vt 0.396648 0.243631
vt 0.850333 0.647430
vt 0.438435 0.250733
vt 0.438592 0.249782
vt 0.850333 0.405114
vt 0.395564 0.244712
vt 0.851848 0.647433
vt 0.437023 0.250149
vt 0.437528 0.249342
vt 0.851848 0.405118
vt 0.394977 0.246124
vt 0.853156 0.647444
vt 0.435942 0.249070
vt 0.436713 0.248527
vt 0.853156 0.405129
vt 0.394977 0.247653
vt 0.881465 0.363320
vt 0.880227 0.363514
vt 0.435357 0.247658
vt 0.436272 0.247463
vt 0.880227 0.126804
vt 0.881465 0.126611
vt 0.395564 0.249066
vt 0.882954 0.363243
vt 0.435357 0.246129
vt 0.436272 0.246310
vt 0.882954 0.126534
vt 0.396648 0.250147
vt 0.884469 0.363294
vt 0.435942 0.244716
vt 0.436713 0.245245
vt 0.884469 0.126585
vt 0.398064 0.250732
vt 0.885777 0.363465
vt 0.437023 0.243634
vt 0.437528 0.244429
vt 0.885777 0.126756
vt 0.399596 0.250732
vt 0.865861 0.647450
vt 0.864630 0.647456
vt 0.438435 0.243047
vt 0.438592 0.243986
vt 0.864630 0.405123
vt 0.865861 0.405117
vt 0.401012 0.250147
vt 0.867347 0.647447
vt 0.439963 0.243046
vt 0.439745 0.243985
vt 0.867347 0.405114
vt 0.402096 0.249066
vt 0.868863 0.647449
vt 0.441374 0.243629
vt 0.440809 0.244425
vt 0.868863 0.405116
vt 0.402683 0.247653
vt 0.870178 0.647455
vt 0.442455 0.244709
vt 0.441624 0.245239
vt 0.870178 0.405121
vt 0.402683 0.246124
vt 0.864493 0.368873
vt 0.863183 0.368875
vt 0.443040 0.246120
vt 0.442065 0.246304
vt 0.863183 0.126536
vt 0.864493 0.126535
vt 0.402096 0.244712
vt 0.961555 0.304055
vt 0.961555 0.132044
vt 0.964812 0.132045
vt 0.964812 0.304056
vt 0.904331 0.657346
vt 0.901074 0.657346
vt 0.900317 0.655065
vt 0.902620 0.651913
vt 0.898643 0.654304
vt 0.898643 0.649846
vt 0.975817 0.652158
vt 0.972560 0.652156
vt 0.972571 0.649846
vt 0.975827 0.649848
vt 0.964488 0.655357
vt 0.961231 0.655356
vt 0.961243 0.649846
vt 0.964500 0.649847
vt 0.915951 0.134011
vt 0.912694 0.134011
vt 0.914405 0.128595
vt 0.916708 0.131737
vt 0.696269 0.697799
vt 0.696269 0.700972
vt 0.694628 0.701150
vt 0.694628 0.697976
vt 0.695199 0.253183
vt 0.691942 0.253180
vt 0.691942 0.249125
vt 0.695199 0.249128
vt 0.918382 0.126534
vt 0.918382 0.130978
vt 0.972560 0.824227
vt 0.975817 0.824229
vt 0.901074 0.829564
vt 0.904331 0.829564
vt 0.915951 0.305700
vt 0.912694 0.305700
vt 0.902620 0.834997
vt 0.900317 0.831845
vt 0.898643 0.837064
vt 0.898643 0.832606
vt 0.975828 0.826476
vt 0.972571 0.826474
vt 0.964488 0.827368
vt 0.964500 0.832710
vt 0.961243 0.832709
vt 0.961231 0.827367
vt 0.916708 0.307973
vt 0.914405 0.311116
vt 0.741460 0.390108
vt 0.739822 0.390106
vt 0.739822 0.386857
vt 0.741460 0.386859
vt 0.680820 0.247064
vt 0.680820 0.242995
vt 0.683986 0.242677
vt 0.683986 0.246746
vt 0.918382 0.308732
vt 0.918382 0.313176
vt 0.697897 0.504992
vt 0.697897 0.677003
vt 0.694640 0.677002
vt 0.694640 0.504991
vt 0.912414 0.657346
vt 0.909158 0.657346
vt 0.908400 0.655065
vt 0.910703 0.651913
vt 0.906727 0.654304
vt 0.906727 0.649846
vt 0.980017 0.407426
vt 0.976761 0.407424
vt 0.976771 0.405114
vt 0.980028 0.405116
vt 0.961567 0.126534
vt 0.964824 0.126535
vt 0.939375 0.305700
vt 0.942632 0.305700
vt 0.940921 0.311116
vt 0.938618 0.307973
vt 0.699236 0.249125
vt 0.699236 0.252299
vt 0.697595 0.252476
vt 0.697595 0.249303
vt 0.693732 0.474408
vt 0.690475 0.474405
vt 0.690475 0.470350
vt 0.693732 0.470353
vt 0.936944 0.313176
vt 0.936944 0.308732
vt 0.976761 0.579495
vt 0.980017 0.579497
vt 0.909158 0.829564
vt 0.912414 0.829564
vt 0.939375 0.134011
vt 0.942632 0.134011
vt 0.910703 0.834997
vt 0.908400 0.831845
vt 0.906727 0.837064
vt 0.906727 0.832606
vt 0.980028 0.581745
vt 0.976771 0.581743
vt 0.964824 0.309398
vt 0.961567 0.309397
vt 0.938618 0.131737
vt 0.940921 0.128595
vt 0.716933 0.248972
vt 0.718571 0.248974
vt 0.718571 0.252223
vt 0.716933 0.252221
vt 0.683581 0.225529
vt 0.683581 0.229599
vt 0.680416 0.229917
vt 0.680416 0.225847
vt 0.936944 0.130978
vt 0.936944 0.126534
vt 0.146404 0.666067
vt 0.146404 0.838077
vt 0.143147 0.838076
vt 0.143147 0.666065
vt 0.542481 0.719133
vt 0.539224 0.719133
vt 0.538467 0.716853
vt 0.540770 0.713701
vt 0.536793 0.716091
vt 0.536793 0.711634
vt 0.976141 0.128846
vt 0.972884 0.128844
vt 0.972894 0.126534
vt 0.976151 0.126536
vt 0.697885 0.682513
vt 0.694628 0.682512
vt 0.933408 0.829012
vt 0.936665 0.829012
vt 0.934954 0.834427
vt 0.932651 0.831285
vt 0.695944 0.486871
vt 0.695944 0.483698
vt 0.697585 0.483520
vt 0.697585 0.486693
vt 0.693577 0.218740
vt 0.690320 0.218737
vt 0.690320 0.214682
vt 0.693577 0.214685
vt 0.930977 0.836488
vt 0.930977 0.832044
vt 0.972884 0.300915
vt 0.976141 0.300917
vt 0.539224 0.891352
vt 0.542481 0.891352
vt 0.933408 0.657323
vt 0.936665 0.657323
vt 0.540770 0.896784
vt 0.538467 0.893632
vt 0.536793 0.898852
vt 0.536793 0.894394
vt 0.976151 0.303164
vt 0.972894 0.303163
vt 0.694628 0.499649
vt 0.697885 0.499650
vt 0.932651 0.655049
vt 0.934954 0.651907
vt 0.709698 0.214682
vt 0.711337 0.214684
vt 0.711337 0.217932
vt 0.709698 0.217931
vt 0.679170 0.481459
vt 0.679170 0.477390
vt 0.682335 0.477072
vt 0.682335 0.481141
vt 0.930977 0.654290
vt 0.930977 0.649846
vt 0.958836 0.655189
vt 0.958836 0.827200
vt 0.955579 0.827199
vt 0.955579 0.655188
vt 0.888444 0.306253
vt 0.891701 0.306253
vt 0.892458 0.308533
vt 0.890155 0.311685
vt 0.894131 0.309294
vt 0.894131 0.313752
vt 0.989883 0.300853
vt 0.993140 0.300855
vt 0.993129 0.303164
vt 0.989872 0.303163
vt 0.146392 0.843587
vt 0.143135 0.843586
vt 0.947459 0.305700
vt 0.950716 0.305700
vt 0.949005 0.311115
vt 0.946702 0.307973
vt 0.705668 0.245699
vt 0.705668 0.242526
vt 0.707309 0.242348
vt 0.707309 0.245522
vt 0.691942 0.242677
vt 0.695199 0.242680
vt 0.695199 0.246735
vt 0.691942 0.246732
vt 0.945028 0.313176
vt 0.945028 0.308732
vt 0.993140 0.128783
vt 0.989883 0.128781
vt 0.891701 0.134034
vt 0.888444 0.134034
vt 0.947459 0.134011
vt 0.950716 0.134011
vt 0.890155 0.128601
vt 0.892458 0.131753
vt 0.894131 0.126534
vt 0.894131 0.130992
vt 0.989872 0.126534
vt 0.993129 0.126536
vt 0.143135 0.660723
vt 0.146392 0.660724
vt 0.946702 0.131737
vt 0.949005 0.128595
vt 0.711318 0.235900
vt 0.712956 0.235902
vt 0.712956 0.239151
vt 0.711318 0.239149
vt 0.680820 0.253841
vt 0.680820 0.249772
vt 0.683986 0.249454
vt 0.683986 0.253523
vt 0.945028 0.130978
vt 0.945028 0.126534
vt 0.967219 0.304055
vt 0.967219 0.132044
vt 0.970476 0.132045
vt 0.970476 0.304056
vt 0.902215 0.134034
vt 0.898958 0.134034
vt 0.898201 0.131753
vt 0.900504 0.128601
vt 0.896527 0.130992
vt 0.896527 0.126534
vt 0.995546 0.300853
vt 0.998802 0.300855
vt 0.998792 0.303164
vt 0.995535 0.303163
vt 0.958824 0.832710
vt 0.955567 0.832709
vt 0.925026 0.412591
vt 0.921769 0.412591
vt 0.923480 0.407175
vt 0.925783 0.410318
vt 0.699236 0.242348
vt 0.699236 0.245522
vt 0.697595 0.245699
vt 0.697595 0.242526
vt 0.700447 0.229588
vt 0.697190 0.229584
vt 0.697190 0.225529
vt 0.700447 0.225533
vt 0.927457 0.405114
vt 0.927457 0.409558
vt 0.998802 0.128783
vt 0.995546 0.128781
vt 0.898958 0.306253
vt 0.902215 0.306253
vt 0.925026 0.584280
vt 0.921769 0.584280
vt 0.900504 0.311685
vt 0.898201 0.308533
vt 0.896527 0.313752
vt 0.896527 0.309294
vt 0.995535 0.126534
vt 0.998792 0.126536
vt 0.955567 0.649846
vt 0.958824 0.649847
vt 0.925783 0.586553
vt 0.923480 0.589696
vt 0.709704 0.242348
vt 0.711343 0.242350
vt 0.711343 0.245599
vt 0.709705 0.245597
vt 0.687896 0.477072
vt 0.687896 0.481141
vt 0.684731 0.481459
vt 0.684731 0.477390
vt 0.927457 0.587312
vt 0.927457 0.591756
vt 0.698720 0.710768
vt 0.698720 0.882779
vt 0.695463 0.882778
vt 0.695463 0.710767
vt 0.193495 0.720144
vt 0.190238 0.720144
vt 0.189481 0.717864
vt 0.191784 0.714712
vt 0.187807 0.717103
vt 0.187807 0.712645
vt 0.988097 0.579433
vt 0.991354 0.579435
vt 0.991343 0.581745
vt 0.988086 0.581743
vt 0.725344 0.822426
vt 0.728601 0.822427
vt 0.728589 0.827937
vt 0.725332 0.827936
vt 0.924034 0.134011
vt 0.920777 0.134011
vt 0.922488 0.128595
vt 0.924791 0.131737
vt 0.696348 0.494920
vt 0.696348 0.491746
vt 0.697989 0.491568
vt 0.697989 0.494742
vt 0.697885 0.695409
vt 0.694628 0.695406
vt 0.694628 0.691351
vt 0.697885 0.691354
vt 0.926465 0.126534
vt 0.926465 0.130978
vt 0.991354 0.407363
vt 0.988097 0.407362
vt 0.190238 0.892363
vt 0.193495 0.892363
vt 0.924034 0.305700
vt 0.920777 0.305700
vt 0.191784 0.897796
vt 0.189481 0.894643
vt 0.187807 0.899863
vt 0.187807 0.895405
vt 0.988086 0.405114
vt 0.991343 0.405116
vt 0.725344 0.650415
vt 0.725332 0.645073
vt 0.728589 0.645074
vt 0.728601 0.650416
vt 0.924791 0.307973
vt 0.922488 0.311116
vt 0.741460 0.373186
vt 0.739822 0.373184
vt 0.739822 0.369935
vt 0.741460 0.369937
vt 0.683986 0.235900
vt 0.683986 0.239969
vt 0.680820 0.240287
vt 0.680820 0.236218
vt 0.926465 0.308732
vt 0.926465 0.313176
vt 0.881352 0.584833
vt 0.884608 0.584833
vt 0.885366 0.587113
vt 0.883063 0.590265
vt 0.887039 0.587874
vt 0.887039 0.592332
vt 0.981803 0.128846
vt 0.978547 0.128844
vt 0.978557 0.126534
vt 0.981814 0.126536
vt 0.974353 0.410625
vt 0.971096 0.410624
vt 0.971108 0.405114
vt 0.974365 0.405115
vt 0.918067 0.657323
vt 0.914810 0.657323
vt 0.916521 0.651907
vt 0.918824 0.655049
vt 0.703272 0.242348
vt 0.703272 0.245522
vt 0.701631 0.245699
vt 0.701631 0.242526
vt 0.693549 0.487578
vt 0.690292 0.487575
vt 0.690292 0.483520
vt 0.693549 0.483523
vt 0.920498 0.649846
vt 0.920498 0.654290
vt 0.918067 0.829012
vt 0.914810 0.829012
vt 0.914810 0.743167
vt 0.884609 0.412614
vt 0.881352 0.412614
vt 0.883063 0.407181
vt 0.885366 0.410334
vt 0.887039 0.405114
vt 0.887039 0.409572
vt 0.981803 0.300917
vt 0.981814 0.303164
vt 0.978557 0.303163
vt 0.978547 0.300915
vt 0.974353 0.582636
vt 0.974365 0.587978
vt 0.971108 0.587977
vt 0.971096 0.582635
vt 0.918824 0.831285
vt 0.916521 0.834428
vt 0.708518 0.228780
vt 0.706879 0.228778
vt 0.706879 0.225529
vt 0.708518 0.225531
vt 0.688300 0.491568
vt 0.688300 0.495638
vt 0.685134 0.495956
vt 0.685134 0.491886
vt 0.920498 0.832044
vt 0.920498 0.836488
vt 0.968701 0.410457
vt 0.968701 0.582468
vt 0.965444 0.582467
vt 0.965444 0.410456
vt 0.896248 0.657346
vt 0.892991 0.657346
vt 0.892234 0.655065
vt 0.894537 0.651913
vt 0.890560 0.654304
vt 0.890560 0.649846
vt 0.950401 0.824486
vt 0.947144 0.824485
vt 0.947155 0.822175
vt 0.950411 0.822177
vt 0.967231 0.126534
vt 0.970488 0.126535
vt 0.926151 0.657323
vt 0.922894 0.657323
vt 0.924605 0.651907
vt 0.926908 0.655049
vt 0.697768 0.470350
vt 0.697768 0.473523
vt 0.696127 0.473701
vt 0.696127 0.470528
vt 0.688079 0.474408
vt 0.684822 0.474405
vt 0.684822 0.470350
vt 0.688079 0.470353
vt 0.928581 0.649846
vt 0.928581 0.654290
vt 0.947144 0.996556
vt 0.950401 0.996558
vt 0.892991 0.829564
vt 0.896248 0.829564
vt 0.926151 0.829012
vt 0.922894 0.829012
vt 0.894537 0.834997
vt 0.892234 0.831845
vt 0.890560 0.837064
vt 0.890560 0.832606
vt 0.950411 0.998805
vt 0.947154 0.998803
vt 0.970488 0.309398
vt 0.967231 0.309397
vt 0.926908 0.831285
vt 0.924605 0.834428
vt 0.739822 0.375576
vt 0.741460 0.375578
vt 0.741460 0.378827
vt 0.739822 0.378825
vt 0.689547 0.249454
vt 0.689547 0.253523
vt 0.686381 0.253841
vt 0.686381 0.249772
vt 0.928581 0.832044
vt 0.928581 0.836488
vt 0.959767 0.582635
vt 0.959767 0.410624
vt 0.963024 0.410625
vt 0.963024 0.582636
vt 0.911290 0.412614
vt 0.908033 0.412614
vt 0.907276 0.410334
vt 0.909579 0.407181
vt 0.905602 0.409572
vt 0.905602 0.405114
vt 0.987466 0.128846
vt 0.984210 0.128844
vt 0.984220 0.126534
vt 0.987477 0.126536
vt 0.968689 0.587978
vt 0.965432 0.587977
vt 0.940367 0.584280
vt 0.943624 0.584280
vt 0.941913 0.589696
vt 0.939610 0.586553
vt 0.695944 0.480423
vt 0.695944 0.477250
vt 0.697585 0.477072
vt 0.697585 0.480245
vt 0.690695 0.491568
vt 0.693952 0.491572
vt 0.693952 0.495627
vt 0.690695 0.495623
vt 0.937936 0.591756
vt 0.937936 0.587312
vt 0.984210 0.300915
vt 0.987466 0.300917
vt 0.908033 0.584833
vt 0.911290 0.584833
vt 0.940367 0.412591
vt 0.943624 0.412591
vt 0.909579 0.590265
vt 0.907276 0.587113
vt 0.905602 0.592332
vt 0.905602 0.587874
vt 0.987477 0.303164
vt 0.984220 0.303163
vt 0.965432 0.405114
vt 0.968689 0.405115
vt 0.939610 0.410317
vt 0.941913 0.407175
vt 0.739822 0.392498
vt 0.741460 0.392499
vt 0.741460 0.395748
vt 0.739822 0.395746
vt 0.689547 0.235900
vt 0.689547 0.239969
vt 0.686381 0.240287
vt 0.686381 0.236218
vt 0.937936 0.409558
vt 0.937936 0.405114
vt 0.966896 0.827367
vt 0.966896 0.655356
vt 0.970153 0.655357
vt 0.970153 0.827368
vt 0.093490 0.720143
vt 0.090233 0.720143
vt 0.089476 0.717863
vt 0.091779 0.714710
vt 0.087802 0.717101
vt 0.087802 0.712643
vt 0.985680 0.407426
vt 0.982424 0.407424
vt 0.982434 0.405114
vt 0.985691 0.405116
vt 0.959779 0.405114
vt 0.963036 0.405115
vt 0.365771 0.942546
vt 0.369028 0.942546
vt 0.367317 0.947962
vt 0.365014 0.944820
vt 0.701631 0.251440
vt 0.701631 0.248267
vt 0.703272 0.248089
vt 0.703272 0.251263
vt 0.695199 0.239958
vt 0.691942 0.239955
vt 0.691942 0.235900
vt 0.695199 0.235903
vt 0.363340 0.950023
vt 0.363340 0.945579
vt 0.982424 0.579495
vt 0.985680 0.579497
vt 0.090233 0.892362
vt 0.093490 0.892362
vt 0.365771 0.770857
vt 0.369028 0.770857
vt 0.091779 0.897794
vt 0.089476 0.894642
vt 0.087802 0.899861
vt 0.087802 0.895403
vt 0.985691 0.581745
vt 0.982434 0.581743
vt 0.963036 0.587978
vt 0.959779 0.587977
vt 0.365014 0.768584
vt 0.367317 0.765441
vt 0.712552 0.228780
vt 0.710913 0.228778
vt 0.710913 0.225529
vt 0.712552 0.225531
vt 0.682335 0.483849
vt 0.682335 0.487918
vt 0.679170 0.488236
vt 0.679170 0.484167
vt 0.363340 0.767825
vt 0.363340 0.763381
vt 0.882476 0.829564
vt 0.885733 0.829564
vt 0.886490 0.831845
vt 0.884187 0.834997
vt 0.888164 0.832606
vt 0.888164 0.837064
vt 0.998468 0.652158
vt 0.995212 0.652156
vt 0.995222 0.649846
vt 0.998479 0.649848
vt 0.698708 0.888289
vt 0.695451 0.888288
vt 0.941491 0.829012
vt 0.944748 0.829012
vt 0.943037 0.834427
vt 0.940734 0.831285
vt 0.701625 0.218033
vt 0.701625 0.214859
vt 0.703266 0.214682
vt 0.703266 0.217855
vt 0.697885 0.688961
vt 0.694628 0.688958
vt 0.694628 0.684903
vt 0.697885 0.684906
vt 0.939061 0.836488
vt 0.939061 0.832044
vt 0.995212 0.824227
vt 0.998468 0.824229
vt 0.885733 0.657346
vt 0.882476 0.657346
vt 0.941491 0.657323
vt 0.944748 0.657323
vt 0.884187 0.651913
vt 0.886490 0.655065
vt 0.888164 0.649846
vt 0.888164 0.654304
vt 0.998479 0.826476
vt 0.995222 0.826474
vt 0.695451 0.705425
vt 0.698708 0.705426
vt 0.940734 0.655049
vt 0.943037 0.651907
vt 0.741460 0.384467
vt 0.739822 0.384465
vt 0.739822 0.381216
vt 0.741460 0.381218
vt 0.689142 0.225529
vt 0.689142 0.229599
vt 0.685977 0.229917
vt 0.685977 0.225847
vt 0.939061 0.654290
vt 0.939061 0.649846
vt 0.709199 0.882945
vt 0.709199 0.710935
vt 0.712456 0.710936
vt 0.712456 0.882947
vt 0.903206 0.412614
vt 0.899949 0.412614
vt 0.899192 0.410334
vt 0.901495 0.407181
vt 0.897518 0.409572
vt 0.897518 0.405114
vt 0.987143 0.652158
vt 0.983886 0.652156
vt 0.983896 0.649846
vt 0.987153 0.649848
vt 0.966908 0.649846
vt 0.970165 0.649847
vt 0.916942 0.412591
vt 0.913685 0.412591
vt 0.915396 0.407175
vt 0.917699 0.410318
vt 0.702843 0.228881
vt 0.702843 0.225707
vt 0.704484 0.225529
vt 0.704484 0.228703
vt 0.691538 0.225529
vt 0.694795 0.225533
vt 0.694795 0.229588
vt 0.691538 0.229584
vt 0.919373 0.405114
vt 0.919373 0.409558
vt 0.983886 0.824227
vt 0.987143 0.824229
vt 0.899949 0.584833
vt 0.903206 0.584833
vt 0.916942 0.584280
vt 0.913685 0.584280
vt 0.901495 0.590265
vt 0.899192 0.587113
vt 0.897518 0.592332
vt 0.897518 0.587874
vt 0.987153 0.826476
vt 0.983896 0.826474
vt 0.970165 0.832710
vt 0.966908 0.832709
vt 0.917699 0.586553
vt 0.915396 0.589696
vt 0.708922 0.239151
vt 0.707284 0.239149
vt 0.707284 0.235900
vt 0.708922 0.235902
vt 0.684731 0.488236
vt 0.684731 0.484167
vt 0.687896 0.483849
vt 0.687896 0.487918
vt 0.919373 0.587312
vt 0.919373 0.591756
vt 0.957372 0.410458
vt 0.957372 0.582468
vt 0.954115 0.582467
vt 0.954115 0.410456
vt 0.910298 0.134034
vt 0.907041 0.134034
vt 0.906284 0.131753
vt 0.908587 0.128601
vt 0.904610 0.130992
vt 0.904610 0.126534
vt 0.978234 0.824165
vt 0.981490 0.824167
vt 0.981480 0.826476
vt 0.978223 0.826474
vt 0.709211 0.705425
vt 0.712468 0.705426
vt 0.932283 0.584280
vt 0.935540 0.584280
vt 0.933829 0.589696
vt 0.931526 0.586553
vt 0.705662 0.218033
vt 0.705662 0.214859
vt 0.707303 0.214682
vt 0.707303 0.217855
vt 0.700852 0.239958
vt 0.697595 0.239955
vt 0.697595 0.235900
vt 0.700852 0.235903
vt 0.929852 0.591756
vt 0.929852 0.587312
vt 0.981490 0.652095
vt 0.978234 0.652093
vt 0.907041 0.306253
vt 0.910298 0.306253
vt 0.932283 0.412591
vt 0.935540 0.412591
vt 0.908587 0.311685
vt 0.906284 0.308533
vt 0.904610 0.313752
vt 0.904610 0.309294
vt 0.978223 0.649846
vt 0.981480 0.649848
vt 0.712468 0.888289
vt 0.709211 0.888288
vt 0.931526 0.410318
vt 0.933829 0.407175
vt 0.705668 0.248089
vt 0.707306 0.248091
vt 0.707306 0.251340
vt 0.705668 0.251338
vt 0.679573 0.495956
vt 0.679573 0.491886
vt 0.682739 0.491568
vt 0.682739 0.495638
vt 0.929852 0.409558
vt 0.929852 0.405114
vt 0.199160 0.717988
vt 0.199160 0.889999
vt 0.195903 0.889998
vt 0.195903 0.717987
vt 0.889435 0.584833
vt 0.892692 0.584833
vt 0.893449 0.587113
vt 0.891146 0.590265
vt 0.895123 0.587874
vt 0.895123 0.592332
vt 0.992805 0.652158
vt 0.989549 0.652156
vt 0.989559 0.649846
vt 0.992816 0.649848
vt 0.957360 0.587978
vt 0.954103 0.587977
vt 0.932118 0.134011
vt 0.928861 0.134011
vt 0.930572 0.128595
vt 0.932875 0.131737
vt 0.704888 0.235900
vt 0.704888 0.239074
vt 0.703247 0.239251
vt 0.703247 0.236078
vt 0.693549 0.481130
vt 0.690292 0.481127
vt 0.690292 0.477072
vt 0.693549 0.477075
vt 0.934549 0.126534
vt 0.934549 0.130978
vt 0.989549 0.824227
vt 0.992805 0.824229
vt 0.892692 0.412614
vt 0.889435 0.412614
vt 0.932118 0.305700
vt 0.928861 0.305700
vt 0.891146 0.407181
vt 0.893449 0.410334
vt 0.895123 0.405114
vt 0.895123 0.409572
vt 0.992816 0.826476
vt 0.989559 0.826474
vt 0.954103 0.405114
vt 0.957359 0.405115
vt 0.932875 0.307973
vt 0.930572 0.311116
vt 0.711340 0.251340
vt 0.709702 0.251338
vt 0.709702 0.248089
vt 0.711340 0.248091
vt 0.686381 0.247064
vt 0.686381 0.242995
vt 0.689547 0.242677
vt 0.689547 0.246746
vt 0.934549 0.308732
vt 0.934549 0.313176
vt 0.701116 0.885143
vt 0.704373 0.885143
vt 0.705130 0.887424
vt 0.702827 0.890576
vt 0.706804 0.888185
vt 0.706804 0.892643
vt 0.997006 0.407426
vt 0.993749 0.407424
vt 0.993760 0.405114
vt 0.997016 0.405116
vt 0.199148 0.895509
vt 0.195891 0.895507
vt 0.948450 0.584280
vt 0.951707 0.584280
vt 0.949996 0.589696
vt 0.947693 0.586553
vt 0.571607 0.246397
vt 0.571607 0.243223
vt 0.573248 0.243046
vt 0.573248 0.246219
vt 0.695973 0.214682
vt 0.699229 0.214685
vt 0.699229 0.218740
vt 0.695973 0.218737
vt 0.946019 0.591756
vt 0.946019 0.587312
vt 0.993749 0.579495
vt 0.997006 0.579497
vt 0.704373 0.712925
vt 0.701116 0.712925
vt 0.948450 0.412591
vt 0.951707 0.412591
vt 0.702827 0.707492
vt 0.705130 0.710644
vt 0.706804 0.705425
vt 0.706804 0.709883
vt 0.997016 0.581745
vt 0.993760 0.581743
vt 0.195891 0.712645
vt 0.199148 0.712646
vt 0.947693 0.410317
vt 0.949996 0.407175
vt 0.739822 0.398138
vt 0.741460 0.398140
vt 0.741460 0.401389
vt 0.739822 0.401387
vt 0.687924 0.214682
vt 0.687924 0.218751
vt 0.684759 0.219069
vt 0.684759 0.215000
vt 0.946019 0.409558
vt 0.946019 0.405114
vt 0.974353 0.496631
vt 0.379658 0.256849
vt 0.379658 0.476255
vt 0.360833 0.476254
vt 0.360833 0.256848
vt 0.838809 0.876392
vt 0.838800 0.657202
vt 0.844681 0.657201
vt 0.844690 0.876391
vt 0.361935 0.254459
vt 0.361935 0.035053
vt 0.380818 0.035053
vt 0.380818 0.254459
vt 0.830660 0.645595
vt 0.828753 0.426375
vt 0.834498 0.426376
vt 0.836404 0.645596
vt 0.672368 0.233506
vt 0.666487 0.233503
vt 0.666487 0.214682
vt 0.672368 0.214685
vt 0.369938 0.497132
vt 0.356627 0.483812
vt 0.377451 0.933310
vt 0.371569 0.933320
vt 0.371423 0.905218
vt 0.377305 0.905209
vt 0.830660 0.405114
vt 0.836404 0.405115
vt 0.838809 0.649838
vt 0.844690 0.649837
vt 0.357716 0.027495
vt 0.371069 0.014175
vt 0.342224 0.001195
vt 0.342224 0.020032
vt 0.320899 0.026972
vt 0.315053 0.009060
vt 0.959159 0.265881
vt 0.953278 0.265902
vt 0.953111 0.250770
vt 0.958992 0.250749
vt 0.341183 0.510112
vt 0.341183 0.491275
vt 0.377307 0.877751
vt 0.371426 0.877760
vt 0.371484 0.782456
vt 0.377365 0.782447
vt 0.314095 0.502246
vt 0.319923 0.484335
vt 0.953118 0.229228
vt 0.958999 0.229207
vt 0.959080 0.134136
vt 0.953199 0.134157
vt 0.953278 0.126555
vt 0.959159 0.126534
vt 0.226936 0.061223
vt 0.221090 0.043311
vt 0.220421 0.467994
vt 0.226249 0.450082
vt 0.202809 0.060646
vt 0.219639 0.069188
vt 0.211089 0.083631
vt 0.192206 0.083758
vt 0.202197 0.450658
vt 0.218975 0.442117
vt 0.371569 0.763390
vt 0.377451 0.763381
vt 0.880060 0.819795
vt 0.874179 0.819795
vt 0.874199 0.649846
vt 0.880081 0.649846
vt 0.191626 0.427546
vt 0.210451 0.427673
vt 0.880081 0.843353
vt 0.874199 0.843353
vt 0.871783 0.834095
vt 0.866039 0.833992
vt 0.864333 0.819880
vt 0.870077 0.819982
vt 0.658211 0.214682
vt 0.664092 0.214685
vt 0.664092 0.233510
vt 0.658211 0.233507
vt 0.866039 0.649846
vt 0.871783 0.649949
vt 0.211853 0.253780
vt 0.192970 0.253907
vt 0.192388 0.257397
vt 0.211212 0.257524
vt 0.189810 0.254459
vt 0.170927 0.254459
vt 0.170927 0.035053
vt 0.189810 0.035053
vt 0.853202 0.876391
vt 0.847320 0.876392
vt 0.847311 0.657202
vt 0.853193 0.657201
vt 0.170405 0.256848
vt 0.189230 0.256849
vt 0.189230 0.476255
vt 0.170405 0.476254
vt 0.843495 0.367016
vt 0.837750 0.367015
vt 0.835844 0.147794
vt 0.841589 0.147795
vt 0.676774 0.470353
vt 0.676774 0.489174
vt 0.670893 0.489171
vt 0.670893 0.470350
vt 0.166708 0.027495
vt 0.180060 0.014175
vt 0.947290 0.819785
vt 0.947144 0.791684
vt 0.953025 0.791675
vt 0.953171 0.819776
vt 0.837750 0.126534
vt 0.843495 0.126535
vt 0.847320 0.649838
vt 0.853202 0.649837
vt 0.179510 0.497132
vt 0.166199 0.483812
vt 0.150755 0.510112
vt 0.123667 0.502246
vt 0.129495 0.484335
vt 0.150755 0.491275
vt 0.783755 0.937332
vt 0.783588 0.922200
vt 0.789469 0.922179
vt 0.789636 0.937311
vt 0.151216 0.020032
vt 0.151216 0.001195
vt 0.947146 0.764225
vt 0.947204 0.668922
vt 0.953086 0.668912
vt 0.953028 0.764216
vt 0.129891 0.026972
vt 0.124045 0.009060
vt 0.783595 0.900658
vt 0.789476 0.900637
vt 0.783676 0.805587
vt 0.783755 0.797985
vt 0.789636 0.797964
vt 0.789557 0.805566
vt 0.029993 0.467994
vt 0.035821 0.450082
vt 0.035928 0.061223
vt 0.030082 0.043311
vt 0.011769 0.450658
vt 0.001198 0.427546
vt 0.020022 0.427673
vt 0.028547 0.442117
vt 0.028631 0.069188
vt 0.011801 0.060646
vt 0.947290 0.649855
vt 0.953171 0.649846
vt 0.855823 0.819794
vt 0.855843 0.649845
vt 0.861725 0.649845
vt 0.861704 0.819794
vt 0.020081 0.083631
vt 0.001198 0.083758
vt 0.855843 0.843352
vt 0.861725 0.843352
vt 0.134996 0.844869
vt 0.133290 0.830757
vt 0.139034 0.830859
vt 0.140740 0.844972
vt 0.662617 0.489176
vt 0.662617 0.470350
vt 0.668498 0.470353
vt 0.668498 0.489179
vt 0.134996 0.660723
vt 0.140740 0.660826
vt 0.001960 0.257397
vt 0.020784 0.257524
vt 0.020845 0.253781
vt 0.001962 0.253907
vt 0.326048 0.910477
vt 0.325297 0.910469
vt 0.324078 0.882070
vt 0.324829 0.882078
vt 0.578885 0.512070
vt 0.605112 0.501162
vt 0.608011 0.517149
vt 0.587674 0.525607
vt 0.633499 0.501127
vt 0.630023 0.517121
vt 0.659726 0.511968
vt 0.650360 0.525528
vt 0.679799 0.532036
vt 0.665925 0.541089
vt 0.690662 0.558275
vt 0.674349 0.561436
vt 0.690662 0.586692
vt 0.674349 0.583470
vt 0.679799 0.612958
vt 0.665925 0.603838
vt 0.659726 0.633077
vt 0.650360 0.619439
vt 0.633499 0.643984
vt 0.630023 0.627896
vt 0.605112 0.644020
vt 0.608011 0.627924
vt 0.578886 0.633179
vt 0.587674 0.619518
vt 0.558813 0.613111
vt 0.572109 0.603956
vt 0.547949 0.586871
vt 0.563685 0.583610
vt 0.941382 0.944821
vt 0.940613 0.944821
vt 0.940602 0.919796
vt 0.941371 0.919796
vt 0.547949 0.558455
vt 0.563685 0.561575
vt 0.558813 0.532188
vt 0.572109 0.541207
vt 0.371100 0.556554
vt 0.365607 0.569834
vt 0.363451 0.568395
vt 0.368556 0.556050
vt 0.114791 0.524894
vt 0.134912 0.544972
vt 0.121318 0.554048
vt 0.105711 0.538475
vt 0.525919 0.911254
vt 0.525151 0.911253
vt 0.524876 0.882817
vt 0.525644 0.882818
vt 0.326048 0.853149
vt 0.325297 0.853142
vt 0.328768 0.828086
vt 0.329519 0.828094
vt 0.292708 0.712606
vt 0.293476 0.712605
vt 0.293632 0.741547
vt 0.292864 0.741548
vt 0.941371 0.862460
vt 0.940602 0.862460
vt 0.940613 0.838878
vt 0.941382 0.838878
vt 0.329519 0.934022
vt 0.328768 0.934014
vt 0.293308 0.660726
vt 0.294076 0.660725
vt 0.293632 0.684224
vt 0.292864 0.684225
vt 0.940598 0.890874
vt 0.941367 0.890874
vt 0.525151 0.853909
vt 0.525919 0.853911
vt 0.294076 0.766644
vt 0.293308 0.766645
vt 0.526704 0.934890
vt 0.525937 0.934888
vt 0.134912 0.625848
vt 0.114791 0.645934
vt 0.105710 0.632360
vt 0.121317 0.616781
vt 0.525937 0.828932
vt 0.526704 0.828933
vt 0.105215 0.631631
vt 0.085139 0.639935
vt 0.083658 0.633285
vt 0.101296 0.625990
vt 0.033757 0.645950
vt 0.013636 0.625872
vt 0.027249 0.616799
vt 0.042856 0.632372
vt 0.088502 0.514031
vt 0.085319 0.530049
vt 0.060046 0.514036
vt 0.063247 0.530053
vt 0.088502 0.656807
vt 0.085319 0.640794
vt 0.060046 0.656813
vt 0.063247 0.640798
vt 0.033757 0.524910
vt 0.042856 0.538487
vt 0.120580 0.616293
vt 0.114796 0.612514
vt 0.013636 0.544995
vt 0.027249 0.554066
vt 0.145802 0.599608
vt 0.129764 0.596427
vt 0.002746 0.571236
vt 0.018802 0.574420
vt 0.145802 0.571208
vt 0.129764 0.574399
vt 0.002746 0.599636
vt 0.018802 0.596449
vt 0.327845 0.585539
vt 0.314585 0.580058
vt 0.316025 0.577897
vt 0.328351 0.582992
vt 0.304436 0.569911
vt 0.306592 0.568466
vt 0.596843 0.539571
vt 0.585921 0.550517
vt 0.365607 0.528919
vt 0.371100 0.542186
vt 0.368556 0.542696
vt 0.363451 0.530364
vt 0.626558 0.611346
vt 0.640828 0.605411
vt 0.908144 0.605374
vt 0.908149 0.594969
vt 0.909642 0.594969
vt 0.909637 0.605374
vt 0.342198 0.513292
vt 0.355458 0.518773
vt 0.354017 0.520933
vt 0.341692 0.515838
vt 0.355458 0.580006
vt 0.354017 0.577850
vt 0.298943 0.556644
vt 0.301487 0.556135
vt 0.342198 0.585521
vt 0.341692 0.582976
vt 0.298943 0.542277
vt 0.304436 0.528996
vt 0.306592 0.530436
vt 0.301487 0.542780
vt 0.901516 0.370121
vt 0.899758 0.358198
vt 0.900253 0.358203
vt 0.902010 0.370126
vt 0.626558 0.533616
vt 0.611113 0.533636
vt 0.611113 0.611365
vt 0.640828 0.539515
vt 0.596843 0.605466
vt 0.651750 0.550434
vt 0.585921 0.594547
vt 0.657661 0.564711
vt 0.580010 0.580270
vt 0.657661 0.580172
vt 0.580010 0.564809
vt 0.651750 0.594464
vt 0.327845 0.513310
vt 0.328351 0.515855
vt 0.908149 0.641713
vt 0.908144 0.630671
vt 0.909637 0.630671
vt 0.909642 0.641713
vt 0.919149 0.357475
vt 0.919147 0.342830
vt 0.919653 0.342830
vt 0.919655 0.357475
vt 0.899141 0.343818
vt 0.899635 0.343823
vt 0.314585 0.518824
vt 0.316025 0.520981
vt 0.919149 0.328442
vt 0.919655 0.328442
vt 0.899758 0.329169
vt 0.901516 0.316481
vt 0.902010 0.316487
vt 0.900253 0.329174
vt 0.919154 0.316500
vt 0.919661 0.316500
vt 0.097482 0.713005
vt 0.097257 0.724905
vt 0.096751 0.724905
vt 0.096976 0.713006
vt 0.914214 0.370127
vt 0.913816 0.358159
vt 0.914322 0.358160
vt 0.914719 0.370128
vt 0.097178 0.739276
vt 0.096672 0.739277
vt 0.913676 0.343760
vt 0.914182 0.343761
vt 0.097257 0.753932
vt 0.096751 0.753932
vt 0.913816 0.329122
vt 0.914322 0.329123
vt 0.097482 0.766640
vt 0.096976 0.766641
vt 0.914214 0.316473
vt 0.914719 0.316474
vt 0.919154 0.370147
vt 0.919661 0.370147
vt 0.908142 0.617911
vt 0.909636 0.617911
vt 0.134677 0.883944
vt 0.134139 0.871414
vt 0.135599 0.871429
vt 0.136136 0.883959
vt 0.134677 0.858650
vt 0.136136 0.858665
vt 0.136209 0.847595
vt 0.137668 0.847610
vt 0.555710 0.895323
vt 0.555364 0.884895
vt 0.556856 0.884898
vt 0.557202 0.895326
vt 0.579111 0.848602
vt 0.578915 0.858970
vt 0.577422 0.858972
vt 0.577618 0.848604
vt 0.555242 0.872349
vt 0.556734 0.872352
vt 0.578846 0.871492
vt 0.577353 0.871494
vt 0.555364 0.859595
vt 0.556856 0.859598
vt 0.578915 0.884262
vt 0.577422 0.884264
vt 0.555710 0.848574
vt 0.557202 0.848577
vt 0.579111 0.895335
vt 0.577618 0.895337
vt 0.136209 0.894332
vt 0.137668 0.894347
vt 0.027969 0.616311
vt 0.019653 0.596276
vt 0.026124 0.594928
vt 0.033430 0.612530
vt 0.063409 0.530909
vt 0.085139 0.530905
vt 0.083658 0.537494
vt 0.064567 0.537498
vt 0.128895 0.596255
vt 0.122101 0.594909
vt 0.027969 0.554551
vt 0.043334 0.539212
vt 0.046929 0.544793
vt 0.033430 0.558269
vt 0.120580 0.554533
vt 0.128895 0.574568
vt 0.122101 0.575855
vt 0.114796 0.558253
vt 0.019653 0.574589
vt 0.026124 0.575874
vt 0.105215 0.539200
vt 0.101296 0.544782
vt 0.063409 0.639939
vt 0.043334 0.631643
vt 0.046929 0.626000
vt 0.064567 0.633288
vt 0.083511 0.632582
vt 0.064699 0.632586
vt 0.047320 0.625404
vt 0.034018 0.612131
vt 0.026819 0.594787
vt 0.026819 0.576012
vt 0.034018 0.558664
vt 0.047320 0.545386
vt 0.064700 0.538198
vt 0.083511 0.538194
vt 0.100891 0.545376
vt 0.114193 0.558649
vt 0.121391 0.575993
vt 0.121391 0.594768
vt 0.114193 0.612116
vt 0.100891 0.625394
vt 0.327794 0.853380
vt 0.326586 0.882066
vt 0.557630 0.531359
vt 0.578122 0.510821
vt 0.322713 0.882025
vt 0.323921 0.853345
vt 0.088785 0.658328
vt 0.059721 0.658334
vt 0.331237 0.828535
vt 0.604896 0.499686
vt 0.327363 0.828505
vt 0.115635 0.647222
vt 0.291220 0.684497
vt 0.291660 0.661195
vt 0.633876 0.499649
vt 0.295626 0.661200
vt 0.295186 0.684498
vt 0.136186 0.626708
vt 0.291065 0.712640
vt 0.660650 0.510717
vt 0.295031 0.712635
vt 0.147308 0.599907
vt 0.291220 0.741338
vt 0.681142 0.531204
vt 0.295186 0.741328
vt 0.147308 0.570900
vt 0.291660 0.766224
vt 0.692232 0.557991
vt 0.295626 0.766209
vt 0.136186 0.544104
vt 0.943031 0.919581
vt 0.943042 0.944395
vt 0.692232 0.587000
vt 0.939075 0.944386
vt 0.939064 0.919576
vt 0.115636 0.523597
vt 0.943028 0.890902
vt 0.681142 0.613816
vt 0.939061 0.890903
vt 0.088785 0.512502
vt 0.943031 0.862727
vt 0.660650 0.634354
vt 0.939064 0.862733
vt 0.059722 0.512508
vt 0.943042 0.839343
vt 0.633876 0.645489
vt 0.939075 0.839353
vt 0.032871 0.523613
vt 0.527606 0.910993
vt 0.528384 0.934430
vt 0.604896 0.645526
vt 0.524422 0.934411
vt 0.523644 0.910979
vt 0.012320 0.544128
vt 0.527333 0.882796
vt 0.578122 0.634458
vt 0.523371 0.882787
vt 0.001198 0.570929
vt 0.527606 0.854131
vt 0.557630 0.613971
vt 0.523644 0.854128
vt 0.001198 0.599935
vt 0.528384 0.829363
vt 0.546540 0.587184
vt 0.524422 0.829365
vt 0.012320 0.626732
vt 0.327794 0.910226
vt 0.331237 0.933573
vt 0.546540 0.558174
vt 0.327363 0.933522
vt 0.323921 0.910180
vt 0.032871 0.647238
vt 0.063335 0.640347
vt 0.085226 0.640343
vt 0.105452 0.631977
vt 0.120932 0.616525
vt 0.129309 0.596337
vt 0.129309 0.574488
vt 0.120932 0.554303
vt 0.105452 0.538857
vt 0.085227 0.530499
vt 0.063335 0.530504
vt 0.043109 0.538869
vt 0.027629 0.554321
vt 0.019252 0.574509
vt 0.019252 0.596358
vt 0.027629 0.616543
vt 0.043109 0.631989
vt 0.064628 0.632955
vt 0.083587 0.632951
vt 0.101102 0.625707
vt 0.114508 0.612325
vt 0.121763 0.594842
vt 0.121763 0.575920
vt 0.114508 0.558440
vt 0.101102 0.545063
vt 0.083587 0.537826
vt 0.064628 0.537829
vt 0.047113 0.545074
vt 0.033707 0.558456
vt 0.026452 0.575939
vt 0.026452 0.594860
vt 0.033707 0.612340
vt 0.047113 0.625717
vt 0.597440 0.540536
vt 0.586842 0.551158
vt 0.897840 0.343828
vt 0.898465 0.328992
vt 0.611288 0.534777
vt 0.900245 0.316142
vt 0.626276 0.534758
vt 0.098697 0.712643
vt 0.098470 0.724695
vt 0.640124 0.540482
vt 0.098390 0.739251
vt 0.650723 0.551078
vt 0.098470 0.754094
vt 0.656458 0.564932
vt 0.098697 0.766965
vt 0.656458 0.579936
vt 0.917929 0.370475
vt 0.917924 0.357641
vt 0.650723 0.593805
vt 0.917921 0.342809
vt 0.640124 0.604427
vt 0.917924 0.328236
vt 0.626276 0.610186
vt 0.917929 0.316142
vt 0.611288 0.610205
vt 0.912973 0.370482
vt 0.912571 0.358361
vt 0.597440 0.604481
vt 0.912429 0.343777
vt 0.586842 0.593885
vt 0.912571 0.328952
vt 0.581106 0.580031
vt 0.912973 0.316142
vt 0.581106 0.565027
vt 0.900245 0.370467
vt 0.898465 0.358392
vt 0.901097 0.329296
vt 0.900485 0.343815
vt 0.303791 0.528552
vt 0.314163 0.518157
vt 0.902839 0.316720
vt 0.327715 0.512521
vt 0.095964 0.725050
vt 0.096187 0.713255
vt 0.342383 0.512502
vt 0.095886 0.739294
vt 0.355935 0.518104
vt 0.095964 0.753820
vt 0.366307 0.528474
vt 0.096187 0.766417
vt 0.371921 0.542032
vt 0.920451 0.357361
vt 0.920457 0.369921
vt 0.371921 0.556715
vt 0.920450 0.342845
vt 0.366307 0.570288
vt 0.920451 0.328584
vt 0.355935 0.580684
vt 0.920457 0.316748
vt 0.342383 0.586320
vt 0.915132 0.358021
vt 0.915526 0.369883
vt 0.327715 0.586338
vt 0.914993 0.343748
vt 0.314163 0.580736
vt 0.915132 0.329240
vt 0.303791 0.570367
vt 0.915526 0.316703
vt 0.298178 0.556808
vt 0.901097 0.358069
vt 0.902839 0.369886
vt 0.298178 0.542125
vt 0.316503 0.521659
vt 0.307292 0.530890
vt 0.907346 0.617896
vt 0.907347 0.605232
vt 0.328536 0.516654
vt 0.907352 0.594722
vt 0.341562 0.516637
vt 0.554904 0.895569
vt 0.554554 0.885035
vt 0.353596 0.521612
vt 0.554431 0.872361
vt 0.362806 0.530820
vt 0.554554 0.859478
vt 0.367791 0.542860
vt 0.554904 0.848345
vt 0.367791 0.555898
vt 0.135380 0.894572
vt 0.133833 0.884078
vt 0.362806 0.567951
vt 0.133290 0.871421
vt 0.353596 0.577182
vt 0.133833 0.858528
vt 0.341562 0.582187
vt 0.135380 0.847361
vt 0.328536 0.582203
vt 0.579900 0.848352
vt 0.579702 0.858826
vt 0.316503 0.577229
vt 0.579633 0.871475
vt 0.307292 0.568021
vt 0.579702 0.884374
vt 0.302308 0.555981
vt 0.579900 0.895559
vt 0.302308 0.542942
vt 0.907352 0.641939
vt 0.907347 0.630786
vt 0.912133 0.605819
vt 0.912131 0.617957
vt 0.302955 0.602389
vt 0.311784 0.593541
vt 0.313303 0.595668
vt 0.305174 0.603816
vt 0.912137 0.595745
vt 0.323318 0.588744
vt 0.323924 0.591251
vt 0.559394 0.884461
vt 0.559730 0.894558
vt 0.335804 0.588728
vt 0.335420 0.591236
vt 0.559277 0.872313
vt 0.347338 0.593496
vt 0.346042 0.595627
vt 0.559394 0.859964
vt 0.356167 0.602322
vt 0.354171 0.603754
vt 0.559730 0.849294
vt 0.360944 0.613863
vt 0.358570 0.614380
vt 0.138781 0.883537
vt 0.140264 0.893595
vt 0.360944 0.626360
vt 0.358570 0.625888
vt 0.138260 0.871405
vt 0.356166 0.637913
vt 0.354171 0.636526
vt 0.138781 0.859047
vt 0.347338 0.646761
vt 0.346042 0.644673
vt 0.140264 0.848343
vt 0.335804 0.651558
vt 0.335420 0.649090
vt 0.574955 0.859425
vt 0.575144 0.849386
vt 0.323318 0.651574
vt 0.323924 0.649105
vt 0.574888 0.871549
vt 0.311784 0.646806
vt 0.313303 0.644714
vt 0.574955 0.883913
vt 0.302955 0.637980
vt 0.305174 0.636587
vt 0.575144 0.894634
vt 0.298178 0.626439
vt 0.300775 0.625961
vt 0.912133 0.630312
vt 0.912137 0.641003
vt 0.298178 0.613942
vt 0.300775 0.614453
vn 0.8494 0.1949 -0.4904
vn 0.8660 0.0000 -0.5000
vn 0.5000 0.0000 -0.8660
vn 0.4904 0.1949 -0.8494
vn 0.8559 0.1717 0.4877
vn 0.8417 -0.2352 0.4860
vn 0.9638 -0.2346 0.1269
vn 0.9736 0.1943 0.1198
vn -0.1269 -0.2346 0.9638
vn -0.1210 0.1837 0.9755
vn -0.4903 0.1671 0.8554
vn -0.4860 -0.2352 0.8417
vn 0.2124 0.9764 -0.0382
vn 0.2122 0.9678 -0.1351
vn 0.0000 1.0000 0.0000
vn -0.0394 0.9739 -0.2234
vn -0.1334 0.9666 -0.2187
vn 0.0394 0.9739 -0.2234
vn 0.1269 -0.2346 0.9638
vn 0.1210 0.1837 0.9755
vn 0.4903 0.1671 -0.8554
vn 0.4860 -0.2352 -0.8417
vn 0.1269 -0.2346 -0.9638
vn 0.1210 0.1837 -0.9755
vn -0.8559 0.1717 -0.4877
vn -0.8417 -0.2352 -0.4860
vn -0.9638 -0.2346 -0.1269
vn -0.9736 0.1942 -0.1198
vn 0.2124 0.9764 0.0382
vn 0.1305 0.0000 -0.9914
vn 0.1281 0.1935 -0.9727
vn -0.0394 0.9739 0.2234
vn 0.0394 0.9739 0.2234
vn -0.9638 -0.2346 0.1269
vn -0.9736 0.1942 0.1198
vn -0.8559 0.1717 0.4877
vn -0.8417 -0.2352 0.4860
vn -0.2124 0.9764 -0.0382
vn -0.2124 0.9764 0.0382
vn -0.1269 -0.2346 -0.9638
vn -0.1210 0.1837 -0.9755
vn -0.4903 0.1671 -0.8554
vn -0.4860 -0.2353 -0.8417
vn -0.2122 0.9678 -0.1351
vn 0.9638 -0.2346 -0.1269
vn 0.9736 0.1943 -0.1198
vn 0.1334 0.9666 0.2187
vn 0.8559 0.1717 -0.4877
vn 0.8417 -0.2352 -0.4860
vn 0.4860 -0.2353 0.8417
vn 0.4903 0.1671 0.8554
vn -0.2122 0.9678 0.1351
vn -0.1334 0.9666 0.2187
vn 0.2122 0.9678 0.1351
vn 0.9914 0.0000 0.1305
vn 0.9727 0.1935 0.1281
vn 0.8494 0.1949 0.4904
vn 0.8660 0.0000 0.5000
vn 0.1334 0.9666 -0.2187
vn -0.4904 0.1949 0.8494
vn -0.5000 0.0000 0.8660
vn -0.1305 0.0000 0.9914
vn -0.1281 0.1935 0.9727
vn -0.1528 -0.9521 0.2647
vn -0.0381 -0.9565 0.2893
vn -0.0966 -0.6724 0.7338
vn -0.3712 -0.6700 0.6429
vn -0.2647 -0.9521 0.1528
vn -0.6429 -0.6700 0.3712
vn -0.2893 -0.9565 0.0381
vn -0.7338 -0.6724 0.0966
vn -0.0381 -0.9565 -0.2893
vn -0.1528 -0.9521 -0.2647
vn -0.3712 -0.6700 -0.6429
vn -0.0966 -0.6724 -0.7338
vn -0.2647 -0.9521 -0.1528
vn -0.6429 -0.6700 -0.3712
vn -0.2893 -0.9565 -0.0381
vn -0.7338 -0.6724 -0.0966
vn 0.2893 -0.9565 -0.0381
vn 0.2647 -0.9521 -0.1528
vn 0.6429 -0.6700 -0.3712
vn 0.7338 -0.6724 -0.0966
vn 0.1528 -0.9521 -0.2647
vn 0.3712 -0.6700 -0.6429
vn 0.0381 -0.9565 -0.2893
vn 0.0966 -0.6724 -0.7338
vn 0.0381 -0.9565 0.2893
vn 0.1528 -0.9521 0.2647
vn 0.3712 -0.6700 0.6429
vn 0.0966 -0.6724 0.7338
vn 0.2647 -0.9521 0.1528
vn 0.6429 -0.6700 0.3712
vn 0.2893 -0.9565 0.0381
vn 0.7338 -0.6724 0.0966
vn -0.6581 0.6486 0.3826
vn -0.7142 0.6932 0.0972
vn -0.3847 0.6409 0.6643
vn -0.0980 0.6777 0.7287
vn -0.3847 0.6409 -0.6643
vn -0.0980 0.6777 -0.7287
vn -0.6581 0.6486 -0.3826
vn -0.7142 0.6932 -0.0972
vn 0.6581 0.6486 -0.3826
vn 0.7142 0.6932 -0.0972
vn 0.3847 0.6409 -0.6643
vn 0.0980 0.6777 -0.7287
vn 0.3847 0.6409 0.6643
vn 0.0980 0.6777 0.7287
vn 0.6581 0.6486 0.3826
vn 0.7142 0.6932 0.0972
vn -0.8660 0.0000 -0.5000
vn -0.8494 0.1949 -0.4904
vn -0.4904 0.1949 -0.8494
vn -0.5000 0.0000 -0.8660
vn -0.9914 0.0000 -0.1305
vn -0.9727 0.1935 -0.1281
vn 0.9914 0.0000 -0.1305
vn 0.9727 0.1935 -0.1281
vn 0.5000 0.0000 0.8660
vn 0.4904 0.1949 0.8494
vn 0.1281 0.1935 0.9727
vn 0.1305 0.0000 0.9914
vn -0.1305 0.0000 -0.9914
vn -0.1281 0.1935 -0.9727
vn -0.9727 0.1935 0.1281
vn -0.9914 -0.0000 0.1305
vn -0.8660 0.0000 0.5000
vn -0.8494 0.1949 0.4904
vn -0.2072 0.9779 0.0273
vn -0.1898 0.9757 0.1096
vn -0.1096 0.9757 0.1898
vn -0.0273 0.9779 0.2072
vn 0.0273 0.9779 0.2072
vn 0.1096 0.9757 0.1898
vn 0.1898 0.9757 0.1096
vn 0.2072 0.9779 0.0273
vn 0.2072 0.9779 -0.0273
vn 0.1898 0.9757 -0.1096
vn 0.1096 0.9757 -0.1898
vn 0.0273 0.9779 -0.2072
vn -0.0273 0.9779 -0.2072
vn -0.1096 0.9757 -0.1898
vn -0.1898 0.9757 -0.1096
vn -0.2072 0.9779 -0.0273
vn -0.6306 0.6854 -0.3641
vn -0.7141 0.6937 -0.0940
vn -0.3641 0.6854 -0.6306
vn -0.0940 0.6937 -0.7141
vn 0.3766 0.9250 -0.0496
vn 0.6306 0.6854 -0.3641
vn 0.9148 0.3855 -0.1204
vn 0.3641 0.6854 -0.6306
vn 0.0940 0.6937 -0.7141
vn 0.6306 0.6854 0.3641
vn 0.3766 0.9250 0.0496
vn 0.9148 0.3855 0.1204
vn 0.3641 0.6854 0.6306
vn 0.0940 0.6937 0.7141
vn -0.7141 0.6937 0.0940
vn -0.3217 0.9284 0.1857
vn -0.7959 0.3941 0.4595
vn -0.3641 0.6854 0.6306
vn -0.0940 0.6937 0.7141
vn 0.6684 -0.2040 0.7153
vn 0.6698 0.1938 0.7168
vn 0.3445 0.1938 0.9186
vn 0.3438 -0.2040 0.9166
vn -0.1568 0.9767 0.1465
vn -0.0888 0.9767 0.1954
vn 0.0697 0.9857 -0.1534
vn 0.1231 0.9857 -0.1150
vn -0.2009 0.9767 0.0754
vn 0.1577 0.9857 -0.0592
vn -0.2145 0.9767 -0.0073
vn 0.1684 0.9857 0.0057
vn -0.1954 0.9767 -0.0888
vn 0.1534 0.9857 0.0697
vn -0.1465 0.9767 -0.1568
vn 0.1150 0.9857 0.1231
vn -0.0754 0.9767 -0.2009
vn 0.0592 0.9857 0.1577
vn 0.0073 0.9767 -0.2145
vn -0.0057 0.9857 0.1684
vn 0.0888 0.9767 -0.1954
vn -0.0697 0.9857 0.1534
vn 0.1568 0.9767 -0.1465
vn -0.1231 0.9857 0.1150
vn 0.2009 0.9767 -0.0754
vn -0.1577 0.9857 0.0592
vn 0.2145 0.9767 0.0073
vn -0.1684 0.9857 -0.0057
vn 0.1954 0.9767 0.0888
vn -0.1534 0.9857 -0.0697
vn -0.6685 0.2034 -0.7154
vn -0.8913 0.2034 -0.4051
vn -0.8931 0.1938 -0.4059
vn -0.6698 0.1938 -0.7168
vn 0.4051 -0.2040 -0.8912
vn 0.4059 0.1938 -0.8931
vn 0.7168 0.1938 -0.6698
vn 0.7153 -0.2040 -0.6684
vn -0.0073 0.9767 0.2145
vn 0.0057 0.9857 -0.1684
vn 0.1465 0.9767 0.1568
vn -0.1150 0.9857 -0.1231
vn 0.9167 0.2034 -0.3438
vn 0.7154 0.2034 -0.6685
vn 0.9186 0.1938 -0.3445
vn -0.7153 -0.2040 0.6684
vn -0.7168 0.1938 0.6698
vn -0.9186 0.1938 0.3445
vn -0.9166 -0.2040 0.3438
vn -0.3438 -0.2040 -0.9166
vn -0.3445 0.1938 -0.9186
vn 0.0333 0.1938 -0.9805
vn 0.0332 -0.2040 -0.9784
vn 0.9784 -0.2040 0.0332
vn 0.9805 0.1938 0.0333
vn 0.8931 0.1938 0.4059
vn 0.8912 -0.2040 0.4051
vn -0.0332 -0.2040 0.9784
vn -0.0333 0.1938 0.9805
vn -0.4059 0.1938 0.8931
vn -0.4051 -0.2040 0.8912
vn -0.8912 -0.2040 -0.4051
vn -0.6684 -0.2040 -0.7153
vn 0.9166 -0.2040 -0.3438
vn -0.9805 0.1938 -0.0333
vn -0.9784 -0.2040 -0.0332
vn 0.0754 0.9767 0.2009
vn -0.0592 0.9857 -0.1577
vn 0.0332 0.2034 -0.9785
vn -0.3438 0.2034 -0.9167
vn -0.9167 0.2034 0.3438
vn -0.7154 0.2034 0.6685
vn 0.9785 0.2034 0.0332
vn -0.9785 0.2034 -0.0332
vn 0.8913 0.2034 0.4051
vn 0.6685 0.2034 0.7154
vn 0.3438 0.2034 0.9167
vn -0.0332 0.2034 0.9785
vn 0.4051 0.2034 -0.8913
vn -0.4051 0.2034 0.8913
vn 0.2569 -0.6816 0.6851
vn 0.4996 -0.6816 0.5346
vn 0.1475 -0.9075 0.3934
vn 0.2869 -0.9075 0.3070
vn -0.0248 -0.6816 0.7313
vn -0.0142 -0.9075 0.4199
vn -0.3028 -0.6816 0.6661
vn -0.1739 -0.9075 0.3825
vn -0.5346 -0.6816 0.4996
vn -0.3070 -0.9075 0.2869
vn -0.6851 -0.6816 0.2569
vn -0.3934 -0.9075 0.1475
vn -0.7313 -0.6816 -0.0248
vn -0.4199 -0.9075 -0.0142
vn -0.6661 -0.6816 -0.3028
vn -0.3825 -0.9075 -0.1739
vn -0.4996 -0.6816 -0.5346
vn -0.2869 -0.9075 -0.3070
vn -0.2569 -0.6816 -0.6851
vn -0.1475 -0.9075 -0.3934
vn 0.0248 -0.6816 -0.7313
vn 0.0142 -0.9075 -0.4199
vn 0.3028 -0.6816 -0.6661
vn 0.1739 -0.9075 -0.3825
vn 0.5346 -0.6816 -0.4996
vn 0.3070 -0.9075 -0.2869
vn 0.6851 -0.6816 -0.2569
vn 0.3934 -0.9075 -0.1475
vn 0.7313 -0.6816 0.0248
vn 0.4199 -0.9075 0.0142
vn 0.6661 -0.6816 0.3028
vn 0.3825 -0.9075 0.1739
vn -0.2831 -0.9532 0.1062
vn -0.3022 -0.9532 -0.0102
vn -0.1330 -0.9911 -0.0045
vn -0.1246 -0.9911 0.0467
vn 0.2064 -0.9532 0.2209
vn 0.1062 -0.9532 0.2831
vn 0.0467 -0.9911 0.1246
vn 0.0908 -0.9911 0.0972
vn 0.1251 -0.9532 -0.2752
vn 0.2209 -0.9532 -0.2064
vn 0.0972 -0.9911 -0.0908
vn 0.0550 -0.9911 -0.1211
vn 0.3022 -0.9532 0.0102
vn 0.2752 -0.9532 0.1251
vn 0.1211 -0.9911 0.0550
vn 0.1330 -0.9911 0.0045
vn -0.0102 -0.9532 0.3022
vn -0.0045 -0.9911 0.1330
vn -0.2209 -0.9532 0.2064
vn -0.0972 -0.9911 0.0908
vn -0.2752 -0.9532 -0.1251
vn -0.2064 -0.9532 -0.2209
vn -0.0908 -0.9911 -0.0972
vn -0.1211 -0.9911 -0.0550
vn 0.2831 -0.9532 -0.1062
vn 0.1246 -0.9911 -0.0467
vn -0.1251 -0.9532 0.2752
vn -0.0550 -0.9911 0.1211
vn 0.0102 -0.9532 -0.3022
vn 0.0045 -0.9911 -0.1330
vn -0.1062 -0.9532 -0.2831
vn -0.0467 -0.9911 -0.1246
vn 0.5641 -0.7849 0.2564
vn 0.4230 -0.7849 0.4527
vn 0.3921 -0.8186 0.4197
vn 0.5229 -0.8186 0.2377
vn -0.4230 -0.7849 -0.4527
vn -0.2176 -0.7849 -0.5801
vn -0.2017 -0.8186 -0.5378
vn -0.3921 -0.8186 -0.4197
vn -0.5640 -0.7849 -0.2564
vn -0.5229 -0.8186 -0.2377
vn 0.2176 -0.7849 0.5801
vn 0.2017 -0.8186 0.5378
vn 0.0210 -0.7849 -0.6192
vn 0.0195 -0.8186 -0.5740
vn -0.0210 -0.7849 0.6192
vn -0.0195 -0.8186 0.5740
vn 0.2564 -0.7849 -0.5640
vn 0.2377 -0.8186 -0.5229
vn -0.2564 -0.7849 0.5641
vn -0.2377 -0.8186 0.5229
vn 0.4527 -0.7849 -0.4230
vn 0.4197 -0.8186 -0.3921
vn -0.4527 -0.7849 0.4230
vn -0.4197 -0.8186 0.3921
vn 0.5801 -0.7849 -0.2176
vn 0.5378 -0.8186 -0.2017
vn -0.5801 -0.7849 0.2176
vn -0.5378 -0.8186 0.2017
vn 0.6192 -0.7849 0.0210
vn 0.5740 -0.8186 0.0195
vn -0.6192 -0.7849 -0.0210
vn -0.5740 -0.8186 -0.0195
vn 0.4949 0.6889 0.5296
vn 0.2545 0.6889 0.6787
vn -0.0246 0.6889 0.7245
vn -0.2999 0.6889 0.6599
vn -0.6731 0.3891 0.6289
vn -0.2750 0.9265 0.2570
vn -0.6787 0.6889 0.2545
vn -0.7245 0.6889 -0.0246
vn -0.6599 0.6889 -0.2999
vn -0.4949 0.6889 -0.5296
vn -0.3235 0.3891 -0.8626
vn -0.1322 0.9265 -0.3524
vn 0.0246 0.6889 -0.7245
vn 0.2999 0.6889 -0.6599
vn 0.5296 0.6889 -0.4949
vn 0.6787 0.6889 -0.2545
vn 0.9207 0.3890 0.0312
vn 0.3762 0.9265 0.0128
vn 0.6599 0.6889 0.2999
vn -0.4618 0.7365 -0.4942
vn 0.0128 0.9265 -0.3762
vn 0.0312 0.3891 -0.9207
vn 0.1557 0.9265 -0.3426
vn 0.3812 0.3891 -0.8387
vn 0.4942 0.7365 -0.4618
vn 0.6333 0.7365 -0.2375
vn 0.6760 0.7365 0.0229
vn 0.6158 0.7365 0.2799
vn 0.2570 0.9265 0.2750
vn 0.6289 0.3890 0.6731
vn 0.1322 0.9265 0.3524
vn 0.3235 0.3891 0.8626
vn -0.0128 0.9265 0.3762
vn -0.0312 0.3891 0.9207
vn -0.2799 0.7365 0.6158
vn -0.4942 0.7365 0.4618
vn -0.6333 0.7365 0.2375
vn -0.6760 0.7365 -0.0229
vn -0.6158 0.7365 -0.2799
vn -0.5065 0.6706 -0.5421
vn -0.2605 0.6706 -0.6946
vn -0.1672 0.9696 -0.1789
vn -0.0860 0.9696 -0.2293
vn 0.0251 0.6706 -0.7414
vn 0.0083 0.9696 -0.2447
vn 0.3070 0.6706 -0.6754
vn 0.1013 0.9696 -0.2229
vn 0.5421 0.6706 -0.5065
vn 0.1789 0.9696 -0.1672
vn 0.6946 0.6706 -0.2605
vn 0.2293 0.9696 -0.0860
vn 0.7414 0.6706 0.0251
vn 0.2447 0.9696 0.0083
vn 0.6754 0.6706 0.3070
vn 0.2229 0.9696 0.1013
vn 0.5065 0.6706 0.5421
vn 0.1672 0.9696 0.1789
vn 0.2605 0.6706 0.6946
vn 0.0860 0.9696 0.2293
vn -0.0251 0.6706 0.7414
vn -0.0083 0.9696 0.2447
vn -0.3070 0.6706 0.6754
vn -0.1013 0.9696 0.2229
vn -0.5421 0.6706 0.5065
vn -0.1789 0.9696 0.1672
vn -0.6946 0.6706 0.2605
vn -0.2293 0.9696 0.0860
vn -0.7414 0.6706 -0.0251
vn -0.2447 0.9696 -0.0083
vn -0.6754 0.6706 -0.3070
vn -0.2229 0.9696 -0.1013
vn -0.3045 -0.8950 -0.3259
vn -0.1566 -0.8950 -0.4177
vn 0.0151 -0.8950 -0.4458
vn 0.1846 -0.8950 -0.4061
vn 0.3259 -0.8950 -0.3045
vn 0.4177 -0.8950 -0.1566
vn 0.4458 -0.8950 0.0151
vn 0.4061 -0.8950 0.1846
vn 0.3045 -0.8950 0.3259
vn 0.1566 -0.8950 0.4177
vn -0.0151 -0.8950 0.4458
vn -0.1846 -0.8950 0.4061
vn -0.3259 -0.8950 0.3045
vn -0.4177 -0.8950 0.1566
vn -0.4458 -0.8950 -0.0151
vn -0.4061 -0.8950 -0.1846
vn -0.8149 -0.0085 -0.5796
vn -0.8197 0.0259 -0.5722
vn -0.5405 -0.0215 -0.8411
vn -0.5316 0.0077 -0.8469
vn 0.8090 0.0077 0.5878
vn 0.5230 -0.0085 0.8523
vn 0.5164 -0.0418 0.8553
vn 0.8027 0.0346 0.5953
vn -0.8433 0.1114 0.5257
vn -0.5816 0.1114 0.8058
vn -0.5613 0.2628 0.7848
vn -0.8210 0.2628 0.5069
vn -0.5396 0.0346 -0.8412
vn -0.8184 -0.0418 -0.5731
vn 0.8448 -0.1271 -0.5198
vn 0.5759 -0.1271 -0.8076
vn 0.5609 -0.2649 -0.7844
vn 0.8206 -0.2649 -0.5065
vn -0.5835 -0.0406 0.8111
vn -0.8488 -0.0406 0.5272
vn -0.8349 -0.1806 0.5199
vn -0.5753 -0.1806 0.7978
vn 0.5298 -0.8202 -0.2159
vn 0.2513 -0.8202 -0.5140
vn -0.0426 -0.9691 -0.2431
vn 0.2397 -0.9691 0.0590
vn 0.5295 -0.3767 -0.7601
vn 0.7942 -0.3767 -0.4767
vn -0.8121 0.0545 -0.5810
vn -0.5296 -0.0536 -0.8466
vn 0.8025 -0.0215 0.5962
vn 0.5153 0.0259 0.8566
vn -0.5455 -0.0719 -0.8350
vn -0.8082 0.0809 -0.5833
vn -0.7929 0.1278 -0.5958
vn -0.5624 -0.1067 -0.8200
vn -0.7526 0.1868 -0.6314
vn -0.6097 -0.1376 -0.7806
vn 0.5407 0.1278 0.8315
vn 0.7800 -0.1067 0.6166
vn 0.7375 -0.1376 0.6612
vn 0.5790 0.1868 0.7937
vn -0.7086 0.5794 0.4028
vn -0.4499 0.5794 0.6796
vn -0.2470 0.8343 0.4929
vn -0.5085 0.8343 0.2130
vn -0.5306 0.3829 0.7562
vn -0.7904 0.3829 0.4781
vn 0.5247 0.0545 0.8496
vn 0.8087 -0.0536 0.5857
vn 0.7962 -0.0719 0.6008
vn 0.5272 0.0809 0.8459
vn 0.7139 -0.5742 -0.4007
vn 0.4482 -0.5742 -0.6851
vn -0.3808 -0.9195 0.0982
vn -0.1237 -0.9195 0.3732
vn 0.6456 0.2101 0.7342
vn 0.6889 -0.1646 0.7059
vn 0.5296 -0.1313 0.8380
vn 0.5699 0.2134 0.7935
vn -0.6887 0.2101 -0.6939
vn -0.6576 -0.1646 -0.7352
vn 0.0406 0.9725 0.2293
vn -0.2260 0.9725 -0.0560
vn -0.4116 -0.6991 0.5847
vn -0.6112 -0.6991 0.3711
vn -0.6205 -0.6918 0.3694
vn -0.4106 -0.6918 0.5941
vn 0.1486 0.9829 0.1085
vn -0.0982 0.9829 -0.1556
vn -0.7531 0.2134 -0.6224
vn -0.8002 -0.1313 -0.5852
vn -0.9713 -0.0717 -0.2267
vn -0.9301 0.2167 -0.2967
vn -0.9589 0.2323 -0.1629
vn -0.9889 -0.0529 -0.1390
vn 0.1604 -0.0717 0.9845
vn 0.2330 0.2167 0.9480
vn -0.1109 0.9358 0.3346
vn -0.3414 0.9358 0.0880
vn 0.0975 0.2323 0.9678
vn 0.0717 -0.0529 0.9960
vn 0.1438 -0.1011 0.9844
vn 0.1560 0.2763 0.9483
vn -0.2775 0.8418 0.4630
vn -0.4807 0.8418 0.2455
vn -0.6067 -0.7436 0.2810
vn -0.3214 -0.7436 0.5863
vn -0.2188 0.8589 0.4630
vn -0.4767 0.8589 0.1869
vn 0.5689 0.2004 -0.7976
vn 0.8343 0.2004 -0.5135
vn 0.7772 0.4234 -0.4654
vn 0.5170 0.4234 -0.7439
vn -0.9356 0.2763 -0.2199
vn -0.9724 -0.1011 -0.2101
vn 0.5222 -0.0912 0.8479
vn 0.7940 0.0808 0.6025
vn 0.5819 0.0410 -0.8123
vn 0.8498 0.0410 -0.5255
vn -0.5232 -0.4140 0.7449
vn -0.7786 -0.4140 0.4715
vn -0.6572 -0.6640 0.3565
vn -0.4003 -0.6640 0.6316
vn 0.6759 0.6388 -0.3676
vn 0.4126 0.6388 -0.6494
vn -0.5473 0.0808 -0.8330
vn -0.8106 -0.0912 -0.5784
vn -0.4192 0.8933 0.1619
vn -0.1899 0.8933 0.4073
vn -0.3815 0.7447 0.5476
vn -0.5722 0.7447 0.3435
vn 0.5175 0.8281 -0.2155
vn 0.2500 0.8281 -0.5018
vn -0.5699 0.1200 -0.8129
vn -0.7840 -0.1470 -0.6031
vn 0.5486 -0.1470 0.8231
vn 0.7724 0.1200 0.6237
vn 0.6788 0.1672 0.7150
vn 0.6134 -0.2140 0.7602
vn 0.5132 -0.2269 0.8277
vn 0.4676 0.1357 0.8735
vn -0.7169 -0.2140 -0.6635
vn -0.6674 0.1672 -0.7257
vn -0.8398 0.1357 -0.5257
vn -0.7911 -0.2269 -0.5681
vn 0.2468 0.9684 0.0366
vn -0.0198 0.9684 -0.2487
vn -0.0437 -0.9539 0.2968
vn -0.2991 -0.9539 0.0234
vn -0.1259 -0.9854 -0.1149
vn 0.1061 -0.9854 0.1334
vn -0.5069 -0.8348 0.2148
vn -0.2486 -0.8348 0.4912
vn 0.5855 -0.1799 0.7905
vn 0.7414 0.1514 0.6538
vn -0.6021 0.1514 -0.7840
vn -0.7490 -0.1799 -0.6377
vn -0.3390 0.7447 0.5749
vn -0.5965 0.7447 0.2993
vn 0.1889 0.1119 0.9756
vn 0.2827 -0.2117 0.9356
vn 0.1475 -0.2720 0.9509
vn 0.1227 0.1254 0.9845
vn -0.9606 0.1119 -0.2545
vn -0.9143 -0.2117 -0.3454
vn -0.3063 -0.9509 0.0450
vn -0.0657 -0.9509 0.3026
vn -0.4763 -0.8582 0.1915
vn -0.2233 -0.8582 0.4623
vn -0.9739 0.1254 -0.1891
vn -0.9388 -0.2720 -0.2115
vn 0.0095 -0.0890 -0.9960
vn 0.0259 0.0292 -0.9992
vn 0.9100 0.0163 0.4143
vn 0.9943 -0.0890 0.0580
vn 0.9359 0.0380 -0.3503
vn -0.4129 -0.0388 0.9099
vn -0.0513 0.0834 0.9952
vn 0.3517 -0.0155 0.9360
vn -0.9100 -0.0155 -0.4143
vn -0.9964 0.0834 -0.0163
vn -0.9358 -0.0388 0.3503
vn 0.9803 -0.1923 0.0440
vn -0.0298 0.1920 0.9809
vn -0.9807 0.1920 -0.0367
vn 0.0225 -0.1923 -0.9811
vn 0.0403 0.4297 0.9021
vn -0.0128 0.2811 0.9596
vn -0.9583 0.2811 -0.0523
vn -0.0774 -0.4074 -0.9100
vn -0.0162 -0.2688 -0.9631
vn 0.9598 -0.2688 0.0814
vn -0.8973 0.4297 -0.1013
vn 0.9026 -0.4074 0.1389
vn -0.7483 0.6207 -0.2342
vn -0.2393 -0.5620 -0.7918
vn 0.7738 -0.5620 0.2924
vn 0.1830 0.6207 0.7624
vn 0.4029 0.7158 0.5703
vn -0.5417 0.7158 -0.4406
vn -0.4384 -0.6656 -0.6040
vn 0.5729 -0.6656 0.4783
vn -0.5088 0.7260 -0.4626
vn -0.7257 -0.6184 -0.3014
vn 0.2516 -0.6184 0.7445
vn 0.4271 0.7260 0.5390
vn 0.0629 0.6467 0.7601
vn -0.7541 0.6467 -0.1142
vn -0.8956 -0.4335 0.0994
vn -0.1599 -0.4335 0.8869
vn -0.9004 -0.4199 0.1140
vn -0.1748 -0.4199 0.8906
vn -0.7995 0.5995 0.0362
vn -0.0903 0.5995 0.7953
vn -0.7753 0.6314 -0.0147
vn -0.8861 -0.4624 0.0327
vn -0.0927 -0.4624 0.8818
vn -0.0378 0.6314 0.7745
vn 0.0094 0.1412 -0.9899
vn -0.9906 -0.1350 -0.0198
vn -0.0474 -0.1350 0.9897
vn 0.9883 0.1412 0.0577
vn -0.0228 0.3030 -0.9527
vn -0.9504 -0.3076 -0.0467
vn -0.0178 -0.3076 0.9514
vn 0.9490 0.3030 0.0873
vn 0.0729 -0.4935 0.8667
vn 0.8759 0.4544 0.1622
vn -0.8597 -0.4935 -0.1315
vn -0.1025 0.4544 -0.8849
vn -0.5972 -0.7119 -0.3695
vn -0.7494 -0.6161 -0.2427
vn 0.1914 -0.6161 0.7641
vn 0.5675 0.6757 0.4706
vn 0.7637 0.5840 0.2751
vn -0.2227 0.5840 -0.7806
vn 0.3282 -0.7119 0.6209
vn -0.4310 0.6757 -0.5980
vn -0.7620 0.6133 -0.2079
vn -0.5388 -0.7416 -0.3996
vn 0.3622 -0.7416 0.5647
vn 0.1558 0.6133 0.7743
vn -0.7306 -0.6613 -0.1701
vn 0.1202 -0.6613 0.7404
vn -0.1267 0.5026 0.8552
vn -0.8618 0.5026 0.0684
vn -0.8734 0.4831 0.0608
vn -0.7777 -0.6286 -0.0079
vn -0.0448 -0.6286 0.7765
vn -0.1198 0.4831 0.8673
vn 0.0000 -0.2040 -0.9790
vn 0.0000 0.1938 -0.9810
vn 0.3754 0.1938 -0.9064
vn 0.3746 -0.2040 -0.9044
vn 0.2146 0.9767 0.0000
vn 0.1983 0.9767 -0.0821
vn -0.1556 0.9857 0.0645
vn -0.1685 0.9857 -0.0000
vn 0.1983 0.9767 0.0821
vn -0.1556 0.9857 -0.0645
vn 0.1518 0.9767 0.1518
vn -0.1191 0.9857 -0.1191
vn 0.0821 0.9767 0.1983
vn -0.0645 0.9857 -0.1556
vn 0.0000 0.9767 0.2146
vn 0.0000 0.9857 -0.1685
vn -0.0821 0.9767 0.1983
vn 0.0645 0.9857 -0.1556
vn -0.1518 0.9767 0.1518
vn 0.1191 0.9857 -0.1191
vn -0.1983 0.9767 0.0821
vn 0.1556 0.9857 -0.0645
vn -0.2146 0.9767 -0.0000
vn 0.1685 0.9857 -0.0000
vn -0.1983 0.9767 -0.0821
vn 0.1556 0.9857 0.0645
vn -0.1518 0.9767 -0.1518
vn 0.1191 0.9857 0.1191
vn -0.0821 0.9767 -0.1983
vn 0.0645 0.9857 0.1556
vn -0.0000 0.2034 0.9791
vn 0.3747 0.2034 0.9046
vn 0.3754 0.1938 0.9064
vn -0.0000 0.1938 0.9810
vn -0.9044 -0.2040 0.3746
vn -0.9064 0.1938 0.3754
vn -0.9810 0.1938 -0.0000
vn -0.9790 -0.2040 0.0000
vn 0.1518 0.9767 -0.1518
vn -0.1191 0.9857 0.1191
vn 0.0000 0.9767 -0.2146
vn -0.0000 0.9857 0.1685
vn -0.9046 0.2034 -0.3747
vn -0.9791 0.2034 0.0000
vn -0.9064 0.1938 -0.3754
vn 0.9790 -0.2040 0.0000
vn 0.9810 0.1938 0.0000
vn 0.9064 0.1938 0.3754
vn 0.9044 -0.2040 0.3746
vn -0.3746 -0.2040 0.9044
vn -0.3754 0.1938 0.9064
vn -0.6937 0.1938 0.6937
vn -0.6922 -0.2040 0.6922
vn -0.6922 -0.2040 -0.6922
vn -0.6937 0.1938 -0.6937
vn -0.3754 0.1938 -0.9064
vn -0.3746 -0.2040 -0.9044
vn 0.6922 -0.2040 -0.6922
vn 0.6937 0.1938 -0.6937
vn 0.9064 0.1938 -0.3754
vn 0.9044 -0.2040 -0.3746
vn 0.3746 -0.2040 0.9044
vn 0.0000 -0.2040 0.9790
vn -0.9044 -0.2040 -0.3746
vn 0.6937 0.1938 0.6937
vn 0.6922 -0.2040 0.6922
vn 0.0821 0.9767 -0.1983
vn -0.0645 0.9857 0.1556
vn -0.6923 0.2034 0.6923
vn -0.3747 0.2034 0.9046
vn 0.9046 0.2034 0.3747
vn 0.9791 0.2034 -0.0000
vn -0.6923 0.2034 -0.6923
vn 0.6923 0.2034 0.6923
vn -0.3747 0.2034 -0.9046
vn -0.0000 0.2034 -0.9791
vn 0.3747 0.2034 -0.9046
vn 0.6923 0.2034 -0.6923
vn -0.9046 0.2034 0.3747
vn 0.9046 0.2034 -0.3747
vn 0.2800 -0.6816 -0.6760
vn 0.0000 -0.6816 -0.7317
vn 0.1608 -0.9075 -0.3882
vn 0.0000 -0.9075 -0.4202
vn 0.5174 -0.6816 -0.5174
vn 0.2971 -0.9075 -0.2971
vn 0.6760 -0.6816 -0.2800
vn 0.3882 -0.9075 -0.1608
vn 0.7317 -0.6816 0.0000
vn 0.4202 -0.9075 0.0000
vn 0.6760 -0.6816 0.2800
vn 0.3882 -0.9075 0.1608
vn 0.5174 -0.6816 0.5174
vn 0.2971 -0.9075 0.2971
vn 0.2800 -0.6816 0.6760
vn 0.1608 -0.9075 0.3882
vn 0.0000 -0.6816 0.7317
vn 0.0000 -0.9075 0.4202
vn -0.2800 -0.6816 0.6760
vn -0.1608 -0.9075 0.3882
vn -0.5174 -0.6816 0.5174
vn -0.2971 -0.9075 0.2971
vn -0.6760 -0.6816 0.2800
vn -0.3882 -0.9075 0.1608
vn -0.7317 -0.6816 0.0000
vn -0.4202 -0.9075 0.0000
vn -0.6760 -0.6816 -0.2800
vn -0.3882 -0.9075 -0.1608
vn -0.5174 -0.6816 -0.5174
vn -0.2971 -0.9075 -0.2971
vn -0.2800 -0.6816 -0.6760
vn -0.1608 -0.9075 -0.3882
vn 0.2793 -0.9532 0.1157
vn 0.2138 -0.9532 0.2138
vn 0.0941 -0.9911 0.0941
vn 0.1229 -0.9911 0.0509
vn -0.0000 -0.9532 -0.3023
vn 0.1157 -0.9532 -0.2793
vn 0.0509 -0.9911 -0.1229
vn -0.0000 -0.9911 -0.1330
vn -0.2793 -0.9532 0.1157
vn -0.3023 -0.9532 -0.0000
vn -0.1330 -0.9911 -0.0000
vn -0.1229 -0.9911 0.0509
vn -0.2138 -0.9532 -0.2138
vn -0.1157 -0.9532 -0.2793
vn -0.0509 -0.9911 -0.1229
vn -0.0941 -0.9911 -0.0941
vn 0.2138 -0.9532 -0.2138
vn 0.0941 -0.9911 -0.0941
vn 0.3023 -0.9532 -0.0000
vn 0.1330 -0.9911 -0.0000
vn 0.1157 -0.9532 0.2793
vn -0.0000 -0.9532 0.3023
vn -0.0000 -0.9911 0.1330
vn 0.0509 -0.9911 0.1229
vn -0.2793 -0.9532 -0.1157
vn -0.1229 -0.9911 -0.0509
vn 0.2793 -0.9532 -0.1157
vn 0.1229 -0.9911 -0.0509
vn -0.2138 -0.9532 0.2138
vn -0.0941 -0.9911 0.0941
vn -0.1157 -0.9532 0.2793
vn -0.0509 -0.9911 0.1229
vn -0.2371 -0.7849 -0.5724
vn -0.0000 -0.7849 -0.6196
vn -0.0000 -0.8186 -0.5744
vn -0.2198 -0.8186 -0.5306
vn -0.0000 -0.7849 0.6196
vn -0.2371 -0.7849 0.5724
vn -0.2198 -0.8186 0.5306
vn 0.0000 -0.8186 0.5744
vn 0.2371 -0.7849 0.5724
vn 0.2198 -0.8186 0.5306
vn 0.2371 -0.7849 -0.5724
vn 0.2198 -0.8186 -0.5306
vn -0.4381 -0.7849 0.4381
vn -0.4061 -0.8186 0.4061
vn 0.4381 -0.7849 -0.4381
vn 0.4061 -0.8186 -0.4061
vn -0.5724 -0.7849 0.2371
vn -0.5306 -0.8186 0.2198
vn 0.5724 -0.7849 -0.2371
vn 0.5306 -0.8186 -0.2198
vn -0.6196 -0.7849 0.0000
vn -0.5744 -0.8186 0.0000
vn 0.6196 -0.7849 -0.0000
vn 0.5744 -0.8186 -0.0000
vn -0.5724 -0.7849 -0.2371
vn -0.5306 -0.8186 -0.2198
vn 0.5724 -0.7849 0.2371
vn 0.5306 -0.8186 0.2198
vn -0.4381 -0.7849 -0.4381
vn -0.4061 -0.8186 -0.4061
vn 0.4381 -0.7849 0.4381
vn 0.4061 -0.8186 0.4061
vn 0.0000 0.3891 -0.9212
vn 0.3525 0.3891 -0.8511
vn 0.1440 0.9265 -0.3477
vn 0.0000 0.9265 -0.3764
vn 0.6514 0.3891 -0.6514
vn 0.2661 0.9265 -0.2661
vn 0.6697 0.6889 -0.2774
vn 0.7249 0.6889 0.0000
vn 0.6697 0.6889 0.2774
vn 0.5126 0.6889 0.5126
vn 0.2774 0.6889 0.6697
vn 0.0000 0.6889 0.7249
vn -0.2774 0.6889 0.6697
vn -0.5126 0.6889 0.5126
vn -0.6697 0.6889 0.2774
vn -0.9212 0.3891 -0.0000
vn -0.3764 0.9265 -0.0000
vn -0.8511 0.3891 -0.3525
vn -0.3477 0.9265 -0.1440
vn -0.6514 0.3891 -0.6514
vn -0.2661 0.9265 -0.2661
vn -0.3525 0.3891 -0.8511
vn -0.1440 0.9265 -0.3477
vn -0.0000 0.7365 0.6764
vn -0.2588 0.7365 0.6249
vn -0.4783 0.7365 0.4783
vn -0.6249 0.7365 0.2588
vn -0.6764 0.7365 0.0000
vn -0.6249 0.7365 -0.2588
vn -0.4783 0.7365 -0.4783
vn -0.2588 0.7365 -0.6249
vn -0.0000 0.7365 -0.6764
vn 0.2588 0.7365 -0.6249
vn 0.6514 0.3890 -0.6514
vn 0.3477 0.9265 -0.1440
vn 0.8511 0.3890 -0.3525
vn 0.6764 0.7365 0.0000
vn 0.6249 0.7365 0.2588
vn 0.4783 0.7365 0.4783
vn 0.2588 0.7365 0.6249
vn -0.0000 0.6706 0.7419
vn -0.2839 0.6706 0.6854
vn 0.0000 0.9696 0.2449
vn -0.0937 0.9696 0.2262
vn -0.5246 0.6706 0.5246
vn -0.1731 0.9696 0.1731
vn -0.6854 0.6706 0.2839
vn -0.2262 0.9696 0.0937
vn -0.7419 0.6706 -0.0000
vn -0.2449 0.9696 -0.0000
vn -0.6854 0.6706 -0.2839
vn -0.2262 0.9696 -0.0937
vn -0.5246 0.6706 -0.5246
vn -0.1731 0.9696 -0.1731
vn -0.2839 0.6706 -0.6854
vn -0.0937 0.9696 -0.2262
vn 0.0000 0.6706 -0.7419
vn -0.0000 0.9696 -0.2449
vn 0.2839 0.6706 -0.6854
vn 0.0937 0.9696 -0.2262
vn 0.5246 0.6706 -0.5246
vn 0.1731 0.9696 -0.1731
vn 0.6854 0.6706 -0.2839
vn 0.2262 0.9696 -0.0937
vn 0.7419 0.6706 0.0000
vn 0.2449 0.9696 -0.0000
vn 0.6854 0.6706 0.2839
vn 0.2262 0.9696 0.0937
vn 0.5246 0.6706 0.5246
vn 0.1731 0.9696 0.1731
vn 0.2839 0.6706 0.6854
vn 0.0937 0.9696 0.2262
vn 0.0000 -0.8950 0.4461
vn -0.1707 -0.8950 0.4121
vn -0.3154 -0.8950 0.3154
vn -0.4121 -0.8950 0.1707
vn -0.4461 -0.8950 -0.0000
vn -0.4121 -0.8950 -0.1707
vn -0.3154 -0.8950 -0.3154
vn -0.1707 -0.8950 -0.4121
vn -0.0000 -0.8950 -0.4461
vn 0.1707 -0.8950 -0.4121
vn 0.3154 -0.8950 -0.3154
vn 0.4121 -0.8950 -0.1707
vn 0.4461 -0.8950 -0.0000
vn 0.4121 -0.8950 0.1707
vn 0.3154 -0.8950 0.3154
vn 0.1707 -0.8950 0.4121
vn 0.1997 -0.0085 0.9798
vn 0.2083 0.0259 0.9777
vn -0.1793 -0.0215 0.9836
vn -0.1898 0.0077 0.9818
vn -0.1898 0.0077 -0.9818
vn 0.1997 -0.0085 -0.9798
vn 0.2067 -0.0418 -0.9775
vn -0.1801 0.0346 -0.9830
vn 0.9751 0.1114 0.1916
vn 0.9751 0.1114 -0.1916
vn 0.9459 0.2628 -0.1902
vn 0.9459 0.2628 0.1902
vn -0.1801 0.0346 0.9830
vn 0.2067 -0.0418 0.9775
vn -0.9721 -0.1271 -0.1969
vn -0.9721 -0.1271 0.1969
vn -0.9453 -0.2649 0.1902
vn -0.9453 -0.2649 -0.1902
vn 0.9801 -0.0406 -0.1943
vn 0.9801 -0.0406 0.1943
vn 0.9650 -0.1806 0.1901
vn 0.9650 -0.1806 -0.1901
vn -0.5345 -0.8202 -0.2040
vn -0.5345 -0.8202 0.2040
vn -0.1348 -0.9691 0.2067
vn -0.1348 -0.9691 -0.2067
vn -0.9058 -0.3767 0.1939
vn -0.9058 -0.3767 -0.1939
vn 0.1967 0.0545 0.9790
vn -0.1910 -0.0536 0.9801
vn -0.1793 -0.0215 -0.9836
vn 0.2083 0.0259 -0.9777
vn -0.1715 -0.0719 0.9825
vn 0.1923 0.0809 0.9780
vn 0.1726 0.1278 0.9767
vn -0.1489 -0.1067 0.9831
vn 0.1188 0.1868 0.9752
vn -0.0874 -0.1376 0.9866
vn 0.1726 0.1278 -0.9767
vn -0.1489 -0.1067 -0.9831
vn -0.0874 -0.1376 -0.9866
vn 0.1188 0.1868 -0.9752
vn 0.7927 0.5794 0.1894
vn 0.7927 0.5794 -0.1894
vn 0.5170 0.8343 -0.1915
vn 0.5170 0.8343 0.1915
vn 0.9040 0.3829 -0.1903
vn 0.9040 0.3829 0.1903
vn 0.1967 0.0545 -0.9790
vn -0.1910 -0.0536 -0.9801
vn -0.1715 -0.0719 -0.9825
vn 0.1923 0.0809 -0.9780
vn -0.7952 -0.5742 -0.1946
vn -0.7952 -0.5742 0.1946
vn 0.3452 -0.9195 0.1882
vn 0.3452 -0.9195 -0.1882
vn 0.0295 0.2101 -0.9772
vn -0.0214 -0.1646 -0.9861
vn 0.1852 -0.1313 -0.9739
vn 0.1253 0.2134 -0.9689
vn 0.0295 0.2101 0.9772
vn -0.0214 -0.1646 0.9861
vn 0.1269 0.9725 -0.1952
vn 0.1269 0.9725 0.1952
vn 0.7000 -0.6991 -0.1462
vn 0.7000 -0.6991 0.1462
vn 0.7056 -0.6918 0.1538
vn 0.7056 -0.6918 -0.1538
vn -0.0345 0.9829 -0.1807
vn -0.0345 0.9829 0.1807
vn 0.1253 0.2134 0.9689
vn 0.1852 -0.1313 0.9739
vn 0.5550 -0.0717 0.8288
vn 0.4770 0.2167 0.8518
vn 0.5895 0.2323 0.7737
vn 0.6276 -0.0529 0.7767
vn 0.5550 -0.0717 -0.8288
vn 0.4770 0.2167 -0.8518
vn 0.3095 0.9358 -0.1688
vn 0.3095 0.9358 0.1688
vn 0.5895 0.2323 -0.7737
vn 0.6276 -0.0529 -0.7767
vn 0.5671 -0.1011 -0.8174
vn 0.5334 0.2763 -0.7995
vn 0.5188 0.8418 -0.1488
vn 0.5188 0.8418 0.1488
vn 0.6352 -0.7436 0.2090
vn 0.6352 -0.7436 -0.2090
vn 0.4760 0.8589 -0.1889
vn 0.4760 0.8589 0.1889
vn -0.9602 0.2004 0.1944
vn -0.9602 0.2004 -0.1944
vn -0.8857 0.4234 -0.1906
vn -0.8857 0.4234 0.1906
vn 0.5334 0.2763 0.7995
vn 0.5671 -0.1011 0.8174
vn 0.1974 -0.0912 -0.9761
vn -0.1689 0.0808 -0.9823
vn -0.9797 0.0410 0.1962
vn -0.9797 0.0410 -0.1962
vn 0.8908 -0.4140 -0.1871
vn 0.8908 -0.4140 0.1871
vn 0.7236 -0.6640 0.1882
vn 0.7236 -0.6640 -0.1882
vn -0.7448 0.6388 -0.1928
vn -0.7448 0.6388 0.1928
vn -0.1689 0.0808 0.9823
vn 0.1974 -0.0912 0.9761
vn 0.4168 0.8933 0.1680
vn 0.4168 0.8933 -0.1680
vn 0.6526 0.7447 -0.1397
vn 0.6526 0.7447 0.1397
vn -0.5252 0.8281 -0.1959
vn -0.5252 0.8281 0.1959
vn -0.1386 0.1200 0.9831
vn 0.1611 -0.1470 0.9759
vn 0.1611 -0.1470 -0.9759
vn -0.1386 0.1200 -0.9831
vn -0.0078 0.1672 -0.9859
vn 0.0708 -0.2140 -0.9743
vn 0.1902 -0.2269 -0.9552
vn 0.2547 0.1357 -0.9574
vn 0.0708 -0.2140 0.9743
vn -0.0078 0.1672 0.9859
vn 0.2547 0.1357 0.9574
vn 0.1902 -0.2269 0.9552
vn -0.1554 0.9684 -0.1952
vn -0.1554 0.9684 0.1952
vn 0.2345 -0.9539 -0.1870
vn 0.2345 -0.9539 0.1870
vn 0.0135 -0.9854 0.1699
vn 0.0135 -0.9854 -0.1699
vn 0.5170 -0.8348 0.1892
vn 0.5170 -0.8348 -0.1892
vn 0.1119 -0.1799 -0.9773
vn -0.0953 0.1514 -0.9839
vn -0.0953 0.1514 0.9839
vn 0.1119 -0.1799 0.9773
vn 0.6402 0.7447 -0.1886
vn 0.6402 0.7447 0.1886
vn 0.5281 0.1119 -0.8418
vn 0.4322 -0.2117 -0.8766
vn 0.5415 -0.2720 -0.7955
vn 0.5825 0.1254 -0.8031
vn 0.5281 0.1119 0.8418
vn 0.4322 -0.2117 0.8766
vn 0.2546 -0.9509 0.1762
vn 0.2546 -0.9509 -0.1762
vn 0.4788 -0.8582 0.1853
vn 0.4788 -0.8582 -0.1853
vn 0.5825 0.1254 0.8031
vn 0.5415 -0.2720 0.7955
vn -0.6869 -0.0890 0.7213
vn -0.3821 0.0163 0.9240
vn -0.9230 0.0380 0.3830
vn -0.3821 0.0163 -0.9240
vn -0.6869 -0.0890 -0.7213
vn -0.9230 0.0380 -0.3830
vn 0.9230 -0.0388 -0.3830
vn 0.7169 0.0834 -0.6922
vn 0.3821 -0.0155 -0.9240
vn 0.3821 -0.0155 0.9240
vn 0.7169 0.0834 0.6922
vn 0.9230 -0.0388 0.3830
vn -0.6863 -0.1923 -0.7015
vn 0.6915 0.1920 -0.6964
vn 0.6915 0.1920 0.6964
vn -0.6863 -0.1923 0.7015
vn 0.5865 0.4297 -0.6866
vn 0.6645 0.2811 -0.6924
vn 0.6645 0.2811 0.6924
vn -0.5647 -0.4074 0.7177
vn -0.6457 -0.2688 0.7147
vn -0.6457 -0.2688 -0.7147
vn 0.5865 0.4297 0.6866
vn -0.5647 -0.4074 -0.7177
vn 0.3868 0.6207 0.6820
vn -0.3658 -0.5620 0.7419
vn -0.3658 -0.5620 -0.7419
vn 0.3868 0.6207 -0.6820
vn 0.0949 0.7158 -0.6918
vn 0.0949 0.7158 0.6918
vn -0.0920 -0.6656 0.7406
vn -0.0920 -0.6656 -0.7406
vn 0.0559 0.7260 0.6854
vn 0.3245 -0.6184 0.7157
vn 0.3245 -0.6184 -0.7157
vn 0.0559 0.7260 -0.6854
vn 0.4730 0.6467 -0.5983
vn 0.4730 0.6467 0.5983
vn 0.7223 -0.4335 0.5388
vn 0.7223 -0.4335 -0.5388
vn 0.7357 -0.4199 0.5314
vn 0.7357 -0.4199 -0.5314
vn 0.6089 0.5995 0.5194
vn 0.6089 0.5995 -0.5194
vn 0.5565 0.6314 0.5401
vn 0.6698 -0.4624 0.5810
vn 0.6698 -0.4624 -0.5810
vn 0.5565 0.6314 -0.5401
vn -0.6827 0.1412 0.7169
vn 0.7103 -0.1350 0.6908
vn 0.7103 -0.1350 -0.6908
vn -0.6827 0.1412 -0.7169
vn -0.6338 0.3030 0.7117
vn 0.6625 -0.3076 0.6830
vn 0.6625 -0.3076 -0.6830
vn -0.6338 0.3030 -0.7117
vn 0.5384 -0.4935 -0.6830
vn -0.5293 0.4544 -0.7165
vn 0.5384 -0.4935 0.6830
vn -0.5293 0.4544 0.7165
vn 0.1841 -0.7119 0.6778
vn 0.3818 -0.6161 0.6889
vn 0.3818 -0.6161 -0.6889
vn -0.0934 0.6757 -0.7312
vn -0.3702 0.5840 -0.7224
vn -0.3702 0.5840 0.7224
vn 0.1841 -0.7119 -0.6778
vn -0.0934 0.6757 0.7312
vn 0.4148 0.6133 0.6721
vn 0.1209 -0.7416 0.6599
vn 0.1209 -0.7416 -0.6599
vn 0.4148 0.6133 -0.6721
vn 0.4177 -0.6613 0.6231
vn 0.4177 -0.6613 -0.6231
vn 0.6764 0.5026 -0.5384
vn 0.6764 0.5026 0.5384
vn 0.6797 0.4831 0.5519
vn 0.5628 -0.6286 0.5368
vn 0.5628 -0.6286 -0.5368
vn 0.6797 0.4831 -0.5519
vn 0.3755 -0.2186 0.9007
vn 0.3746 0.1508 0.9148
vn -0.0010 0.1477 0.9890
vn -0.0013 -0.2216 0.9751
vn -0.1510 -0.9357 0.3189
vn -0.2778 -0.9317 0.2340
vn -0.1215 -0.9897 0.0752
vn -0.0663 -0.9915 0.1121
vn -0.3625 -0.9258 0.1071
vn -0.1584 -0.9872 0.0199
vn -0.3921 -0.9189 -0.0425
vn -0.1713 -0.9842 -0.0452
vn -0.3622 -0.9121 -0.1921
vn -0.1582 -0.9812 -0.1104
vn -0.2772 -0.9064 -0.3188
vn -0.1212 -0.9787 -0.1655
vn -0.1502 -0.9026 -0.4034
vn -0.0659 -0.9771 -0.2024
vn -0.0004 -0.9014 -0.4330
vn -0.0007 -0.9766 -0.2152
vn 0.1493 -0.9029 -0.4030
vn 0.0645 -0.9772 -0.2022
vn 0.2762 -0.9069 -0.3182
vn 0.1197 -0.9790 -0.1653
vn 0.3608 -0.9128 -0.1913
vn 0.1566 -0.9815 -0.1100
vn 0.3905 -0.9197 -0.0416
vn 0.1695 -0.9845 -0.0449
vn 0.3605 -0.9265 0.1079
vn 0.1564 -0.9875 0.0202
vn 0.2755 -0.9322 0.2346
vn 0.1194 -0.9900 0.0754
vn -0.6953 -0.1442 -0.7041
vn -0.6929 0.2250 -0.6851
vn -0.3743 0.2344 -0.8972
vn -0.3758 -0.1347 -0.9169
vn 0.1485 -0.9360 0.3192
vn 0.0641 -0.9916 0.1123
vn -0.0013 -0.9372 0.3488
vn -0.0011 -0.9921 0.1251
vn -0.0828 -0.9665 -0.2428
vn -0.0006 -0.9659 -0.2590
vn -0.0011 -0.9924 0.1232
vn 0.0634 -0.9919 0.1105
vn -0.0864 0.9822 -0.1667
vn -0.1607 0.9800 -0.1172
vn 0.0465 0.9947 0.0913
vn 0.0255 0.9941 0.1052
vn 0.9096 -0.1603 -0.3833
vn 0.9071 0.2089 -0.3653
vn 0.9814 0.1917 0.0099
vn 0.9841 -0.1776 -0.0070
vn -0.3779 -0.2179 0.8999
vn -0.3764 0.1515 0.9140
vn -0.6945 0.1615 0.7012
vn -0.6969 -0.2078 0.6864
vn -0.9844 -0.1757 -0.0092
vn -0.9811 0.1935 0.0077
vn -0.9059 0.2106 -0.3673
vn -0.9090 -0.1586 -0.3853
vn 0.3775 -0.1354 -0.9160
vn 0.3767 0.2337 -0.8964
vn 0.6948 0.2237 -0.6835
vn 0.6966 -0.1455 -0.7026
vn 0.6950 -0.2091 0.6879
vn 0.6932 0.1602 0.7027
vn -0.9068 0.1763 0.3829
vn -0.9099 -0.1930 0.3672
vn 0.0013 0.2375 -0.9714
vn 0.0010 -0.1316 -0.9913
vn 0.9063 0.1746 0.3849
vn 0.9087 -0.1947 0.3692
vn -0.2105 0.9687 0.1317
vn -0.1610 0.9652 0.2059
vn 0.0466 0.9989 0.0001
vn 0.0606 0.9979 0.0210
vn 0.3615 0.8757 -0.3202
vn 0.1963 0.8809 -0.4307
vn 0.2036 0.8702 -0.4487
vn 0.3749 0.8648 -0.3341
vn 0.0882 0.9627 0.2557
vn 0.1624 0.9649 0.2063
vn -0.0447 0.9990 -0.0000
vn -0.0237 0.9996 -0.0140
vn 0.0011 0.9829 -0.1840
vn 0.0008 0.9939 0.1101
vn 0.0887 0.9821 -0.1665
vn -0.0239 0.9942 0.1052
vn -0.0869 0.9629 0.2555
vn 0.0257 0.9996 -0.0139
vn 0.0006 0.9620 0.2730
vn 0.0010 0.9998 -0.0189
vn 0.1628 0.9797 -0.1169
vn -0.0448 0.9948 0.0912
vn 0.4718 0.8680 -0.1549
vn 0.4892 0.8569 -0.1627
vn 0.2123 0.9763 -0.0427
vn -0.0588 0.9958 0.0702
vn -0.2278 0.9727 0.0443
vn 0.0655 0.9968 0.0457
vn 0.2296 0.9723 0.0448
vn -0.0637 0.9969 0.0456
vn -0.2103 0.9767 -0.0432
vn 0.0605 0.9957 0.0704
vn 0.2121 0.9683 0.1322
vn -0.0587 0.9981 0.0209
vn 0.1975 -0.9721 -0.1265
vn 0.2137 -0.9759 -0.0444
vn -0.1694 -0.9845 -0.0453
vn -0.1566 -0.9875 0.0192
vn 0.1973 -0.9796 0.0376
vn -0.1565 -0.9816 -0.1096
vn -0.1098 -0.9697 0.2181
vn -0.0012 -0.9708 0.2399
vn -0.1991 -0.9717 -0.1269
vn -0.1525 -0.9686 -0.1964
vn 0.1181 -0.9902 0.0741
vn 0.1547 -0.9878 0.0195
vn 0.2002 -0.9488 -0.2442
vn 0.1081 -0.9459 -0.3058
vn 0.3755 -0.1622 -0.9125
vn 0.6929 -0.1722 -0.7001
vn 0.6943 -0.1626 -0.7011
vn 0.3763 -0.1526 -0.9139
vn -0.1992 -0.9792 0.0372
vn -0.2155 -0.9755 -0.0449
vn 0.1676 -0.9848 -0.0449
vn 0.1548 -0.9819 -0.1093
vn 0.0815 -0.9667 -0.2426
vn -0.0655 -0.9917 0.1103
vn 0.1507 -0.9828 0.1071
vn -0.1199 -0.9791 -0.1642
vn 0.1510 -0.9689 -0.1961
vn -0.1201 -0.9900 0.0738
vn 0.0810 -0.9848 0.1535
vn -0.0011 -0.9855 0.1697
vn -0.0007 -0.9770 -0.2134
vn -0.0652 -0.9775 -0.2006
vn 0.6929 -0.2247 0.6851
vn 0.3743 -0.2342 0.8973
vn 0.3742 -0.2354 0.8970
vn 0.6927 -0.2260 0.6849
vn -0.2634 -0.9625 0.0644
vn -0.2019 -0.9668 0.1565
vn 0.2616 -0.9531 -0.1521
vn -0.2849 -0.9576 -0.0442
vn 0.2831 -0.9581 -0.0435
vn -0.2631 -0.9526 -0.1527
vn 0.2614 -0.9630 0.0650
vn -0.2014 -0.9484 -0.2447
vn 0.1997 -0.9672 0.1570
vn -0.1092 -0.9457 -0.3061
vn 0.1075 -0.9699 0.2184
vn -0.0005 -0.9448 -0.3275
vn -0.1528 -0.9825 0.1068
vn 0.1184 -0.9793 -0.1639
vn -0.6917 -0.1709 -0.7017
vn -0.3738 -0.1615 -0.9133
vn -0.3746 -0.1518 -0.9147
vn -0.6931 -0.1613 -0.7026
vn -0.3747 -0.1505 -0.9149
vn 0.0010 -0.1475 -0.9891
vn 0.0010 -0.1488 -0.9889
vn -0.0013 -0.2372 0.9715
vn -0.0013 -0.2385 0.9711
vn -0.0832 -0.9847 0.1533
vn 0.0638 -0.9776 -0.2005
vn 0.3764 -0.1512 -0.9140
vn -0.3767 -0.2334 0.8964
vn -0.6948 -0.2234 0.6836
vn -0.6947 -0.2247 0.6833
vn -0.3766 -0.2347 0.8961
vn 0.6945 -0.1613 -0.7012
vn -0.9072 -0.2087 0.3653
vn -0.9070 -0.2099 0.3652
vn 0.9068 -0.1760 -0.3829
vn 0.9066 -0.1773 -0.3829
vn -0.9815 -0.1914 -0.0099
vn -0.9812 -0.1927 -0.0099
vn 0.9811 -0.1933 -0.0077
vn 0.9809 -0.1946 -0.0078
vn -0.9063 -0.1743 -0.3849
vn -0.9061 -0.1756 -0.3849
vn 0.9060 -0.2104 0.3673
vn 0.9057 -0.2117 0.3672
vn -0.6933 -0.1600 -0.7027
vn 0.0009 -0.1585 -0.9874
vn 0.3735 -0.2449 0.8947
vn -0.0013 -0.2480 0.9688
vn -0.3759 -0.2442 0.8939
vn -0.6933 -0.2342 0.6815
vn 0.9048 -0.1870 -0.3826
vn -0.9052 -0.2195 0.3640
vn 0.9789 -0.2042 -0.0082
vn -0.9793 -0.2023 -0.0104
vn 0.9039 -0.2212 0.3660
vn -0.9043 -0.1852 -0.3846
vn 0.6913 -0.2355 0.6831
vn -0.3591 0.8764 -0.3210
vn -0.4698 0.8689 -0.1560
vn -0.4872 0.8578 -0.1637
vn -0.3725 0.8655 -0.3349
vn -0.1948 0.8382 0.5094
vn 0.0002 0.8362 0.5484
vn 0.0002 0.8239 0.5667
vn -0.2020 0.8259 0.5263
vn 0.5103 0.8590 0.0399
vn 0.5292 0.8476 0.0394
vn -0.4702 0.8511 0.2336
vn -0.3600 0.8434 0.3989
vn -0.3733 0.8313 0.4117
vn -0.4877 0.8393 0.2403
vn 0.3607 0.8427 0.3997
vn 0.4713 0.8502 0.2347
vn 0.4888 0.8384 0.2414
vn 0.3740 0.8306 0.4125
vn -0.5088 0.8600 0.0388
vn -0.5277 0.8486 0.0382
vn 0.1952 0.8378 0.5098
vn 0.2024 0.8255 0.5268
vn 0.0014 0.8828 -0.4697
vn -0.1937 0.8812 -0.4311
vn -0.2009 0.8706 -0.4491
vn 0.0014 0.8722 -0.4891
vn 0.0396 0.9981 -0.0476
vn 0.0010 0.9985 -0.0553
vn -0.0376 0.9982 -0.0477
vn -0.0704 0.9972 -0.0259
vn -0.0923 0.9957 0.0068
vn -0.1000 0.9940 0.0454
vn -0.0924 0.9922 0.0840
vn -0.0705 0.9907 0.1167
vn -0.0378 0.9896 0.1386
vn 0.0008 0.9892 0.1463
vn 0.0394 0.9896 0.1387
vn 0.0722 0.9905 0.1168
vn 0.0941 0.9920 0.0842
vn 0.1018 0.9938 0.0456
vn 0.0942 0.9955 0.0070
vn 0.0723 0.9970 -0.0257
vn -0.3028 -0.6486 0.6984
vn -0.0015 -0.6516 0.7586
vn -0.0002 0.6499 0.7600
vn -0.2793 0.6528 0.7042
vn -0.5581 -0.6405 0.5275
vn -0.5158 0.6602 0.5460
vn -0.7285 -0.6287 0.2721
vn -0.6736 0.6712 0.3094
vn -0.7881 -0.6148 -0.0290
vn -0.7288 0.6840 0.0305
vn -0.7278 -0.6011 -0.3301
vn -0.6730 0.6967 -0.2483
vn -0.5568 -0.5896 -0.5851
vn -0.5146 0.7074 -0.4846
vn -0.3011 -0.5820 -0.7554
vn -0.2778 0.7144 -0.6423
vn 0.0003 -0.5796 -0.8149
vn 0.0015 0.7167 -0.6974
vn 0.3017 -0.5826 -0.7547
vn 0.2805 0.7139 -0.6416
vn 0.5570 -0.5906 -0.5839
vn 0.5170 0.7064 -0.4834
vn 0.7274 -0.6025 -0.3284
vn 0.6749 0.6954 -0.2468
vn 0.7870 -0.6163 -0.0273
vn 0.7301 0.6826 0.0321
vn 0.7267 -0.6300 0.2737
vn 0.6742 0.6699 0.3109
vn 0.5557 -0.6416 0.5288
vn 0.5158 0.6592 0.5471
vn 0.3000 -0.6491 0.6990
vn 0.2790 0.6522 0.7048
vn 0.0012 0.9696 -0.2446
vn 0.1116 0.9685 -0.2225
vn 0.2052 0.9656 -0.1599
vn 0.2677 0.9612 -0.0663
vn 0.2895 0.9562 0.0441
vn 0.2674 0.9511 0.1544
vn 0.2047 0.9469 0.2479
vn 0.1110 0.9441 0.3103
vn 0.0005 0.9432 0.3321
vn -0.1099 0.9443 0.3101
vn -0.2035 0.9473 0.2474
vn -0.2659 0.9516 0.1538
vn -0.2878 0.9567 0.0435
vn -0.2657 0.9617 -0.0669
vn -0.2030 0.9660 -0.1603
vn -0.1093 0.9687 -0.2227
vn 0.0012 0.9592 -0.2828
vn 0.1261 0.9579 -0.2578
vn 0.2319 0.9546 -0.1870
vn 0.3025 0.9497 -0.0812
vn 0.3272 0.9439 0.0436
vn 0.3022 0.9383 0.1683
vn 0.2314 0.9335 0.2740
vn 0.1254 0.9304 0.3446
vn 0.0005 0.9293 0.3692
vn -0.1244 0.9306 0.3443
vn -0.2302 0.9339 0.2735
vn -0.3008 0.9388 0.1676
vn -0.3255 0.9446 0.0429
vn -0.3005 0.9503 -0.0819
vn -0.2296 0.9550 -0.1876
vn -0.1237 0.9582 -0.2581
vn -0.2793 -0.7171 0.6385
vn -0.0015 -0.7199 0.6941
vn -0.5147 -0.7097 0.4810
vn -0.6719 -0.6988 0.2455
vn -0.7269 -0.6860 -0.0322
vn -0.6713 -0.6734 -0.3098
vn -0.5136 -0.6627 -0.5450
vn -0.2778 -0.6558 -0.7020
vn 0.0002 -0.6535 -0.7569
vn 0.2781 -0.6563 -0.7014
vn 0.5135 -0.6637 -0.5439
vn 0.6707 -0.6746 -0.3083
vn 0.7256 -0.6874 -0.0306
vn 0.6700 -0.7001 0.2469
vn 0.5123 -0.7107 0.4821
vn 0.2765 -0.7177 0.6391
vn -0.2788 -0.7185 0.6372
vn -0.0015 -0.7213 0.6926
vn -0.5138 -0.7111 0.4800
vn -0.8518 -0.4040 0.3334
vn -0.3487 -0.9318 0.1011
vn -0.7255 -0.6875 -0.0323
vn -0.6700 -0.6748 -0.3093
vn -0.5126 -0.6642 -0.5441
vn -0.2773 -0.6573 -0.7008
vn 0.0002 -0.6550 -0.7556
vn 0.2775 -0.6578 -0.7002
vn 0.5125 -0.6652 -0.5430
vn 0.6694 -0.6761 -0.3079
vn 0.7243 -0.6888 -0.0307
vn 0.6688 -0.7015 0.2464
vn 0.5114 -0.7121 0.4811
vn 0.3512 -0.4279 0.8328
vn 0.1428 -0.9415 0.3052
vn 0.1436 -0.9097 -0.3896
vn -0.0004 -0.9083 -0.4183
vn 0.0007 -0.3465 -0.9380
vn 0.3532 -0.3501 -0.8676
vn 0.2656 -0.9136 -0.3079
vn 0.6518 -0.3595 -0.6678
vn 0.3470 -0.9192 -0.1859
vn 0.8511 -0.3733 -0.3690
vn 0.6757 -0.7364 -0.0329
vn 0.6240 -0.7482 0.2256
vn 0.4771 -0.7581 0.4446
vn -0.0014 -0.7667 0.6420
vn -0.2602 -0.7641 0.5903
vn -0.2673 -0.9374 0.2232
vn -0.6525 -0.4178 0.6322
vn -0.3772 -0.9251 -0.0428
vn -0.9216 -0.3878 -0.0188
vn -0.3484 -0.9186 -0.1866
vn -0.8510 -0.3717 -0.3709
vn -0.2667 -0.9131 -0.3085
vn -0.6510 -0.3582 -0.6692
vn -0.1445 -0.9095 -0.3899
vn -0.3519 -0.3494 -0.8684
vn 0.2883 -0.6260 -0.7246
vn 0.0003 -0.6231 -0.7822
vn 0.1007 -0.9523 -0.2882
vn -0.0006 -0.9512 -0.3085
vn 0.5324 -0.6337 -0.5613
vn 0.1865 -0.9550 -0.2308
vn 0.6953 -0.6450 -0.3171
vn 0.2437 -0.9589 -0.1450
vn 0.7523 -0.6582 -0.0293
vn 0.2638 -0.9636 -0.0438
vn 0.6946 -0.6713 0.2585
vn 0.2435 -0.9682 0.0573
vn 0.5311 -0.6824 0.5023
vn 0.1860 -0.9721 0.1430
vn 0.2867 -0.6896 0.6650
vn 0.1001 -0.9746 0.2003
vn -0.0015 -0.6919 0.7220
vn -0.0012 -0.9754 0.2203
vn -0.2895 -0.6890 0.6644
vn -0.1024 -0.9744 0.2000
vn -0.5335 -0.6813 0.5011
vn -0.1882 -0.9717 0.1426
vn -0.6965 -0.6700 0.2569
vn -0.2455 -0.9677 0.0568
vn -0.7534 -0.6568 -0.0309
vn -0.2655 -0.9631 -0.0444
vn -0.6958 -0.6437 -0.3187
vn -0.2452 -0.9585 -0.1455
vn -0.5323 -0.6327 -0.5625
vn -0.1878 -0.9546 -0.2312
vn -0.2879 -0.6254 -0.7252
vn -0.1019 -0.9521 -0.2884
vn -0.1907 -0.3698 0.9093
vn 0.1787 -0.3824 0.9065
vn 0.1927 -0.0072 0.9812
vn -0.1767 0.0066 0.9842
vn -0.9141 0.1839 0.3615
vn -0.9093 0.3108 0.2767
vn -0.9802 0.1571 0.1205
vn -0.9823 0.1018 0.1574
vn -0.9062 0.3955 0.1497
vn -0.9788 0.1940 0.0652
vn -0.9051 0.4253 -0.0000
vn -0.9784 0.2069 -0.0000
vn -0.9062 0.3955 -0.1497
vn -0.9788 0.1940 -0.0652
vn -0.9093 0.3108 -0.2767
vn -0.9802 0.1571 -0.1205
vn -0.9141 0.1839 -0.3615
vn -0.9823 0.1018 -0.1574
vn -0.9196 0.0343 -0.3913
vn -0.9847 0.0367 -0.1704
vn -0.9252 -0.1154 -0.3615
vn -0.9871 -0.0285 -0.1574
vn -0.9299 -0.2422 -0.2767
vn -0.9892 -0.0837 -0.1205
vn -0.9331 -0.3270 -0.1497
vn -0.9906 -0.1206 -0.0652
vn -0.9342 -0.3567 -0.0000
vn -0.9910 -0.1336 -0.0000
vn -0.9331 -0.3270 0.1497
vn -0.9906 -0.1206 0.0652
vn -0.9299 -0.2422 0.2767
vn -0.9892 -0.0837 0.1205
vn -0.1508 0.7021 -0.6960
vn 0.2185 0.6862 -0.6938
vn 0.2067 0.3681 -0.9065
vn -0.1627 0.3830 -0.9093
vn -0.9252 -0.1154 0.3615
vn -0.9871 -0.0285 0.1574
vn -0.9196 0.0343 0.3913
vn -0.9847 0.0367 0.1704
vn -0.9730 0.1184 -0.1983
vn -0.9760 0.0364 -0.2146
vn -0.9850 0.0367 0.1685
vn -0.9874 -0.0277 0.1556
vn 0.9761 0.0512 -0.2113
vn 0.9788 0.1254 -0.1617
vn 0.9955 -0.0828 0.0457
vn 0.9963 -0.0619 0.0596
vn -0.2106 -0.9021 -0.3767
vn 0.1589 -0.9131 -0.3755
vn 0.1561 -0.9877 -0.0000
vn -0.2134 -0.9770 -0.0000
vn -0.1627 0.3830 0.9093
vn 0.2067 0.3681 0.9065
vn 0.2185 0.6862 0.6938
vn -0.1508 0.7021 0.6960
vn -0.1400 0.9901 0.0000
vn 0.2292 0.9734 0.0000
vn 0.2264 0.8987 -0.3755
vn -0.1428 0.9153 -0.3767
vn -0.1907 -0.3698 -0.9093
vn 0.1787 -0.3824 -0.9065
vn 0.1668 -0.7005 -0.6938
vn -0.2026 -0.6889 -0.6960
vn -0.2026 -0.6889 0.6960
vn 0.1668 -0.7005 0.6938
vn 0.2264 0.8987 0.3755
vn -0.1428 0.9153 0.3767
vn 0.1927 -0.0072 -0.9812
vn -0.1767 0.0066 -0.9842
vn 0.1589 -0.9131 0.3755
vn -0.2106 -0.9021 0.3767
vn 0.9807 0.1749 0.0875
vn 0.9788 0.1254 0.1617
vn 0.9955 -0.0828 -0.0457
vn 0.9950 -0.0968 -0.0247
vn 0.8464 -0.3921 -0.3603
vn 0.8526 -0.2269 -0.4708
vn 0.8408 -0.2337 -0.4882
vn 0.8345 -0.4050 -0.3737
vn 0.9696 -0.1237 0.2113
vn 0.9668 -0.1979 0.1617
vn 0.9989 0.0085 -0.0457
vn 0.9981 -0.0125 -0.0596
vn 0.9728 -0.0363 -0.2287
vn 0.9972 -0.0372 0.0646
vn 0.9696 -0.1237 -0.2113
vn 0.9981 -0.0125 0.0596
vn 0.9761 0.0512 0.2113
vn 0.9963 -0.0619 -0.0596
vn 0.9728 -0.0363 0.2287
vn 0.9972 -0.0372 -0.0646
vn 0.9668 -0.1979 -0.1617
vn 0.9989 0.0085 0.0457
vn 0.8423 -0.5025 -0.1950
vn 0.8302 -0.5195 -0.2022
vn 0.9649 -0.2474 -0.0875
vn 0.9994 0.0224 0.0247
vn 0.9813 0.1923 0.0000
vn 0.9948 -0.1017 -0.0000
vn 0.9643 -0.2648 0.0000
vn 0.9996 0.0274 0.0000
vn 0.9807 0.1749 -0.0875
vn 0.9950 -0.0968 0.0247
vn 0.9649 -0.2474 0.0875
vn 0.9994 0.0224 -0.0247
vn -0.9834 -0.1618 -0.0821
vn -0.9840 -0.1781 -0.0000
vn -0.9787 0.2051 -0.0000
vn -0.9792 0.1922 0.0645
vn -0.9834 -0.1618 0.0821
vn -0.9792 0.1922 -0.0645
vn -0.9541 0.1443 0.2624
vn -0.9582 0.0357 0.2840
vn -0.9686 0.2345 -0.0821
vn -0.9704 0.1880 -0.1518
vn -0.9895 -0.0823 0.1191
vn -0.9908 -0.1188 0.0645
vn -0.9656 -0.1650 -0.2008
vn -0.9622 -0.0729 -0.2624
vn -0.2173 -0.3668 -0.9046
vn -0.2291 -0.6843 -0.6923
vn -0.2195 -0.6860 -0.6937
vn -0.2077 -0.3679 -0.9064
vn -0.9686 0.2345 0.0821
vn -0.9680 0.2508 0.0000
vn -0.9913 -0.1316 -0.0000
vn -0.9908 -0.1188 -0.0645
vn -0.9791 -0.0457 -0.1983
vn -0.9826 0.1011 0.1556
vn -0.9817 -0.1153 0.1518
vn -0.9806 0.1557 -0.1191
vn -0.9817 -0.1153 -0.1518
vn -0.9806 0.1557 0.1191
vn -0.9791 -0.0457 0.1983
vn -0.9760 0.0364 0.2146
vn -0.9850 0.0367 -0.1685
vn -0.9826 0.1011 -0.1556
vn -0.2183 -0.6862 0.6939
vn -0.2064 -0.3681 0.9066
vn -0.2077 -0.3679 0.9064
vn -0.2195 -0.6860 0.6937
vn -0.9484 0.2979 0.1087
vn -0.9507 0.2364 0.2008
vn -0.9679 -0.2265 -0.1087
vn -0.9476 0.3195 -0.0000
vn -0.9687 -0.2481 -0.0000
vn -0.9484 0.2979 -0.1087
vn -0.9679 -0.2265 0.1087
vn -0.9507 0.2364 -0.2008
vn -0.9656 -0.1650 0.2008
vn -0.9541 0.1443 -0.2624
vn -0.9622 -0.0729 0.2624
vn -0.9582 0.0357 -0.2840
vn -0.9704 0.1880 0.1518
vn -0.9895 -0.0823 -0.1191
vn -0.1775 0.6994 -0.6923
vn -0.1894 0.3820 -0.9046
vn -0.1797 0.3824 -0.9064
vn -0.1679 0.7004 -0.6937
vn -0.1784 0.3824 -0.9066
vn -0.1924 0.0072 -0.9813
vn -0.1937 0.0072 -0.9810
vn -0.1924 0.0072 0.9813
vn -0.1937 0.0072 0.9810
vn -0.9730 0.1184 0.1983
vn -0.9874 -0.0277 -0.1556
vn -0.2064 -0.3681 -0.9066
vn -0.1784 0.3824 0.9066
vn -0.1666 0.7006 0.6939
vn -0.1679 0.7004 0.6937
vn -0.1797 0.3824 0.9064
vn -0.2183 -0.6862 -0.6939
vn -0.1587 0.9131 0.3755
vn -0.1600 0.9129 0.3754
vn -0.2262 -0.8988 -0.3755
vn -0.2275 -0.8985 -0.3754
vn -0.1559 0.9878 0.0000
vn -0.1572 0.9876 -0.0000
vn -0.2290 -0.9734 -0.0000
vn -0.2302 -0.9731 -0.0000
vn -0.1587 0.9131 -0.3755
vn -0.1600 0.9129 -0.3754
vn -0.2262 -0.8988 0.3755
vn -0.2275 -0.8985 0.3754
vn -0.1666 0.7006 -0.6939
vn -0.2033 0.0076 -0.9791
vn -0.2173 -0.3668 0.9046
vn -0.2033 0.0076 0.9791
vn -0.1894 0.3820 0.9046
vn -0.1775 0.6994 0.6923
vn -0.2370 -0.8964 -0.3747
vn -0.1696 0.9115 0.3747
vn -0.2398 -0.9708 -0.0000
vn -0.1668 0.9860 -0.0000
vn -0.2370 -0.8964 0.3747
vn -0.1696 0.9115 -0.3747
vn -0.2291 -0.6843 0.6923
vn 0.8733 0.3280 -0.3603
vn 0.8774 0.4384 -0.1950
vn 0.8665 0.4563 -0.2022
vn 0.8623 0.3418 -0.3737
vn 0.8671 0.1628 0.4708
vn 0.8598 -0.0320 0.5096
vn 0.8484 -0.0316 0.5285
vn 0.8559 0.1705 0.4882
vn 0.8409 -0.5412 0.0000
vn 0.8287 -0.5597 -0.0000
vn 0.8774 0.4384 0.1950
vn 0.8733 0.3280 0.3603
vn 0.8623 0.3418 0.3737
vn 0.8665 0.4563 0.2022
vn 0.8464 -0.3921 0.3603
vn 0.8423 -0.5025 0.1950
vn 0.8302 -0.5195 0.2022
vn 0.8345 -0.4050 0.3737
vn 0.8788 0.4772 -0.0000
vn 0.8680 0.4965 0.0000
vn 0.8526 -0.2269 0.4708
vn 0.8408 -0.2337 0.4882
vn 0.8598 -0.0320 -0.5096
vn 0.8671 0.1628 -0.4708
vn 0.8559 0.1705 -0.4882
vn 0.8484 -0.0316 -0.5285
vn 0.9928 -0.0756 -0.0932
vn 0.9942 -0.0370 -0.1009
vn 0.9956 0.0015 -0.0932
vn 0.9969 0.0343 -0.0714
vn 0.9977 0.0561 -0.0386
vn 0.9980 0.0638 0.0000
vn 0.9977 0.0561 0.0386
vn 0.9969 0.0343 0.0714
vn 0.9956 0.0015 0.0932
vn 0.9942 -0.0371 0.1009
vn 0.9928 -0.0756 0.0932
vn 0.9915 -0.1084 0.0714
vn 0.9907 -0.1302 0.0386
vn 0.9904 -0.1379 0.0000
vn 0.9907 -0.1302 -0.0386
vn 0.9915 -0.1084 -0.0714
vn -0.6046 0.3241 0.7276
vn -0.6158 0.0229 0.7876
vn 0.6835 -0.0255 0.7295
vn 0.6939 0.2535 0.6739
vn -0.5951 0.5795 0.5569
vn 0.7028 0.4900 0.5158
vn -0.5887 0.7501 0.3014
vn 0.7086 0.6480 0.2792
vn -0.5865 0.8100 -0.0000
vn 0.7107 0.7035 -0.0000
vn -0.5887 0.7501 -0.3014
vn 0.7086 0.6480 -0.2792
vn -0.5951 0.5795 -0.5569
vn 0.7028 0.4900 -0.5158
vn -0.6046 0.3241 -0.7276
vn 0.6939 0.2535 -0.6739
vn -0.6158 0.0229 -0.7876
vn 0.6835 -0.0255 -0.7295
vn -0.6270 -0.2782 -0.7276
vn 0.6731 -0.3044 -0.6739
vn -0.6365 -0.5336 -0.5569
vn 0.6643 -0.5409 -0.5158
vn -0.6429 -0.7042 -0.3014
vn 0.6584 -0.6989 -0.2792
vn -0.6451 -0.7641 -0.0000
vn 0.6564 -0.7544 0.0000
vn -0.6429 -0.7042 0.3014
vn 0.6584 -0.6989 0.2792
vn -0.6365 -0.5336 0.5569
vn 0.6643 -0.5409 0.5158
vn -0.6270 -0.2782 0.7276
vn 0.6731 -0.3044 0.6739
vn 0.9568 -0.0357 -0.2887
vn 0.9527 -0.1460 -0.2667
vn 0.9492 -0.2396 -0.2041
vn 0.9468 -0.3022 -0.1105
vn 0.9460 -0.3241 0.0000
vn 0.9468 -0.3021 0.1105
vn 0.9492 -0.2396 0.2041
vn 0.9527 -0.1460 0.2667
vn 0.9568 -0.0357 0.2887
vn 0.9609 0.0747 0.2667
vn 0.9644 0.1683 0.2041
vn 0.9667 0.2308 0.1105
vn 0.9675 0.2528 -0.0000
vn 0.9667 0.2308 -0.1105
vn 0.9644 0.1683 -0.2041
vn 0.9609 0.0747 -0.2667
vn 0.9446 -0.0352 -0.3264
vn 0.9399 -0.1600 -0.3015
vn 0.9360 -0.2658 -0.2308
vn 0.9334 -0.3365 -0.1249
vn 0.9324 -0.3613 0.0000
vn 0.9334 -0.3365 0.1249
vn 0.9360 -0.2658 0.2308
vn 0.9399 -0.1600 0.3015
vn 0.9446 -0.0352 0.3264
vn 0.9492 0.0896 0.3015
vn 0.9532 0.1954 0.2308
vn 0.9558 0.2661 0.1249
vn 0.9567 0.2909 0.0000
vn 0.9558 0.2661 -0.1249
vn 0.9532 0.1954 -0.2308
vn 0.9492 0.0896 -0.3015
vn -0.6766 0.3033 0.6710
vn -0.6870 0.0256 0.7263
vn -0.6678 0.5388 0.5135
vn -0.6620 0.6961 0.2779
vn -0.6599 0.7513 0.0000
vn -0.6620 0.6961 -0.2779
vn -0.6678 0.5388 -0.5135
vn -0.6766 0.3033 -0.6710
vn -0.6870 0.0256 -0.7263
vn -0.6973 -0.2521 -0.6710
vn -0.7061 -0.4876 -0.5135
vn -0.7119 -0.6449 -0.2779
vn -0.7140 -0.7001 -0.0000
vn -0.7119 -0.6449 0.2779
vn -0.7061 -0.4876 0.5135
vn -0.6973 -0.2521 0.6710
vn -0.6781 0.3029 0.6697
vn -0.6884 0.0257 0.7249
vn -0.6693 0.5379 0.5126
vn -0.6635 0.6949 0.2774
vn -0.6614 0.7500 0.0000
vn -0.6635 0.6949 -0.2774
vn -0.6693 0.5379 -0.5126
vn -0.6781 0.3029 -0.6697
vn -0.6884 0.0257 -0.7249
vn -0.4019 -0.3378 -0.8511
vn -0.9312 -0.1094 -0.3477
vn -0.7075 -0.4866 -0.5126
vn -0.7133 -0.6436 -0.2774
vn -0.7154 -0.6987 -0.0000
vn -0.7133 -0.6436 0.2774
vn -0.7075 -0.4866 0.5126
vn -0.6987 -0.2516 0.6697
vn -0.7457 -0.2312 -0.6249
vn -0.7360 0.0274 -0.6764
vn -0.7538 -0.4505 -0.4783
vn -0.9388 -0.3130 -0.1440
vn -0.4205 -0.8360 -0.3525
vn -0.7612 -0.6485 0.0000
vn -0.7593 -0.5971 0.2588
vn -0.7538 -0.4505 0.4783
vn -0.9312 -0.1094 0.3477
vn -0.4019 -0.3378 0.8511
vn -0.9258 0.0345 0.3764
vn -0.3888 0.0145 0.9212
vn -0.9205 0.1784 0.3477
vn -0.3757 0.3668 0.8511
vn -0.9159 0.3005 0.2661
vn -0.3645 0.6654 0.6514
vn -0.7128 0.6519 0.2588
vn -0.7108 0.7034 -0.0000
vn -0.7128 0.6519 -0.2588
vn -0.9159 0.3005 -0.2661
vn -0.3645 0.6654 -0.6514
vn -0.9205 0.1784 -0.3477
vn -0.3757 0.3668 -0.8511
vn -0.6685 -0.2634 -0.6955
vn -0.6577 0.0245 -0.7528
vn -0.9675 -0.0653 -0.2445
vn -0.9637 0.0359 -0.2646
vn -0.6776 -0.5075 -0.5323
vn -0.9706 -0.1511 -0.1871
vn -0.6836 -0.6705 -0.2881
vn -0.9728 -0.2084 -0.1013
vn -0.6858 -0.7278 -0.0000
vn -0.9735 -0.2285 -0.0000
vn -0.6836 -0.6705 0.2881
vn -0.9728 -0.2084 0.1013
vn -0.6776 -0.5075 0.5323
vn -0.9706 -0.1511 0.1871
vn -0.6685 -0.2634 0.6955
vn -0.9675 -0.0653 0.2445
vn -0.6577 0.0245 0.7528
vn -0.9637 0.0359 0.2646
vn -0.6470 0.3124 0.6955
vn -0.9599 0.1371 0.2445
vn -0.6379 0.5565 0.5323
vn -0.9567 0.2229 0.1871
vn -0.6318 0.7196 0.2881
vn -0.9546 0.2802 0.1013
vn -0.6297 0.7768 0.0000
vn -0.9538 0.3004 0.0000
vn -0.6318 0.7196 -0.2881
vn -0.9546 0.2802 -0.1013
vn -0.6379 0.5565 -0.5323
vn -0.9567 0.2229 -0.1871
vn -0.6470 0.3124 -0.6955
vn -0.9599 0.1371 -0.2445
vn -0.1938 0.3754 -0.9064
vn 0.1938 0.3754 -0.9064
vn 0.1938 0.0000 -0.9810
vn -0.1938 0.0000 -0.9810
vn -0.1938 -0.6937 -0.6937
vn 0.1938 -0.6937 -0.6937
vn 0.1938 -0.9064 -0.3754
vn -0.1938 -0.9064 -0.3754
vn 0.1938 -0.9810 -0.0000
vn -0.1938 -0.9810 -0.0000
vn 0.1938 -0.9064 0.3754
vn -0.1938 -0.9064 0.3754
vn 0.1938 -0.6937 0.6937
vn -0.1938 -0.6937 0.6937
vn 0.1938 -0.3754 0.9064
vn -0.1938 -0.3754 0.9064
vn 0.1938 0.0000 0.9810
vn -0.1938 -0.0000 0.9810
vn 0.1938 0.3754 0.9064
vn -0.1938 0.3754 0.9064
vn 0.1938 0.6937 0.6937
vn -0.1938 0.6937 0.6937
vn 0.1938 0.9064 0.3754
vn -0.1938 0.9064 0.3754
vn 0.1938 0.9810 0.0000
vn -0.1938 0.9810 0.0000
vn 0.1938 0.9064 -0.3754
vn -0.1938 0.9064 -0.3754
vn 0.1938 0.6937 -0.6937
vn -0.1938 0.6937 -0.6937
vn 0.9767 -0.0821 -0.1983
vn 0.9767 0.0000 -0.2146
vn 0.9767 0.0821 -0.1983
vn 0.9767 0.1518 -0.1518
vn 0.9767 0.1983 -0.0821
vn 0.9767 0.2146 0.0000
vn 0.9767 0.1983 0.0821
vn 0.9767 0.1518 0.1518
vn 0.9767 0.0821 0.1983
vn 0.9767 -0.0000 0.2146
vn 0.9767 -0.0821 0.1983
vn 0.9767 -0.1518 0.1518
vn 0.9767 -0.1983 0.0821
vn 0.9767 -0.2146 0.0000
vn 0.9767 -0.1983 -0.0821
vn 0.9767 -0.1518 -0.1518
vn 0.1938 -0.3754 -0.9064
vn -0.1938 -0.3754 -0.9064
vn -0.6889 -0.2774 -0.6697
vn -0.6889 0.0000 -0.7249
vn -0.9767 -0.0821 -0.1983
vn -0.9767 0.0000 -0.2146
vn 0.6889 0.0000 -0.7249
vn 0.6889 -0.2774 -0.6697
vn -0.6889 -0.5126 -0.5126
vn -0.9767 -0.1518 -0.1518
vn 0.6889 -0.5126 -0.5126
vn -0.6889 -0.6697 -0.2774
vn -0.9767 -0.1983 -0.0821
vn 0.6889 -0.6697 -0.2774
vn -0.6889 -0.7249 -0.0000
vn -0.9767 -0.2146 0.0000
vn 0.6889 -0.7249 0.0000
vn -0.6889 -0.6697 0.2774
vn -0.9767 -0.1983 0.0821
vn 0.6889 -0.6697 0.2774
vn -0.6889 -0.5126 0.5126
vn -0.9767 -0.1518 0.1518
vn 0.6889 -0.5126 0.5126
vn -0.6889 -0.2774 0.6697
vn -0.9767 -0.0821 0.1983
vn 0.6889 -0.2774 0.6697
vn -0.6889 -0.0000 0.7249
vn -0.9767 -0.0000 0.2146
vn 0.6889 0.0000 0.7249
vn -0.6889 0.2774 0.6697
vn -0.9767 0.0821 0.1983
vn 0.6889 0.2774 0.6697
vn -0.6889 0.5126 0.5126
vn -0.9767 0.1518 0.1518
vn 0.6889 0.5126 0.5126
vn -0.6889 0.6697 0.2774
vn -0.9767 0.1983 0.0821
vn 0.6889 0.6697 0.2774
vn -0.6889 0.7249 0.0000
vn -0.9767 0.2146 0.0000
vn 0.6889 0.7249 0.0000
vn -0.6889 0.6697 -0.2774
vn -0.9767 0.1983 -0.0821
vn 0.6889 0.6697 -0.2774
vn -0.6889 0.5126 -0.5126
vn -0.9767 0.1518 -0.1518
vn 0.6889 0.5126 -0.5126
vn -0.6889 0.2774 -0.6697
vn -0.9767 0.0821 -0.1983
vn 0.6889 0.2774 -0.6697
vn 0.1939 0.3754 -0.9064
vn 0.1939 0.6937 0.6937
vn 0.0000 0.9767 -0.2144
vn 0.0000 0.9833 -0.1821
vn 0.0000 0.7432 -0.6691
vn 0.0000 0.4949 -0.8689
vn 0.0000 -0.9810 0.1939
vn 0.0000 -0.9776 0.2103
vn 1.0000 0.0000 0.0000
vn -1.0000 0.0000 0.0000
vn 0.0000 0.8875 -0.4607
vn 0.0000 -0.9060 0.4232
vn 0.0000 -0.7413 0.6712
vn 0.0000 -0.5394 0.8421
vn 0.0000 0.0000 1.0000
vn 0.0000 -0.1532 0.9882
vn 0.0000 0.4684 -0.8835
vn 0.0000 0.2739 -0.9618
vn 0.0000 -0.2539 0.9672
vn 0.0000 0.0482 0.9988
vn 0.0000 -0.0385 -0.9993
vn 0.0000 0.0243 -0.9997
vn 0.0000 -0.0413 0.9991
vn 0.0000 0.1919 -0.9814
vn 0.0000 -0.2252 0.9743
vn 0.0000 -0.8780 0.4787
vn 0.0000 0.8455 -0.5339
vn 0.0000 -0.3198 -0.9475
vn 0.0000 0.3198 0.9475
vn 0.0000 0.9884 0.1516
vn 0.0000 0.9884 -0.1516
vn 0.0000 -0.9872 0.1592
vn 0.0000 -0.9493 0.3144
vn 0.0000 0.9540 -0.2997
vn 0.0000 -0.4149 0.9099
vn 0.0000 0.4621 -0.8868
vn 0.0000 -0.9872 -0.1592
vn 0.0000 -0.9493 -0.3144
vn 0.0000 0.9540 0.2997
vn 0.0000 -0.4149 -0.9099
vn 0.0000 0.4621 0.8868
vn 0.0000 0.0000 -1.0000
vn 0.0000 -0.2513 -0.9679
vn 0.0000 0.2163 0.9763
vn 0.0000 -1.0000 0.0000
vn 0.0000 0.7114 0.7028
vn 0.0000 0.9975 0.0706
vn 0.0000 -0.7274 -0.6862
vn 0.0000 -0.9977 -0.0672
vn 0.0000 0.9504 -0.3111
vn 0.0000 0.8498 -0.5271
vn 0.0000 -0.9451 0.3267
vn 0.0000 -0.8307 0.5567
vn 0.0000 -0.5947 0.8039
vn 0.0000 0.5810 -0.8139
vn 0.0000 0.2108 -0.9775
vn 0.0000 -0.0045 -1.0000
vn 0.0000 -0.2614 0.9652
vn 0.0000 -1.0000 0.0067
vn 0.0000 0.0045 1.0000
vn -0.1638 -0.3825 0.9093
vn 0.2056 -0.3687 0.9065
vn 0.1927 0.0066 0.9812
vn -0.1767 -0.0061 0.9842
vn -0.9249 0.1181 0.3615
vn -0.9292 0.2450 0.2767
vn -0.9889 0.0866 0.1205
vn -0.9870 0.0314 0.1574
vn -0.9321 0.3297 0.1497
vn -0.9902 0.1235 0.0652
vn -0.9331 0.3595 -0.0000
vn -0.9906 0.1365 -0.0000
vn -0.9321 0.3297 -0.1497
vn -0.9902 0.1235 -0.0652
vn -0.9292 0.2450 -0.2767
vn -0.9889 0.0866 -0.1205
vn -0.9249 0.1181 -0.3615
vn -0.9870 0.0314 -0.1574
vn -0.9197 -0.0316 -0.3913
vn -0.9848 -0.0338 -0.1704
vn -0.9146 -0.1812 -0.3615
vn -0.9826 -0.0990 -0.1574
vn -0.9102 -0.3081 -0.2767
vn -0.9807 -0.1542 -0.1205
vn -0.9073 -0.3928 -0.1497
vn -0.9794 -0.1911 -0.0652
vn -0.9063 -0.4226 -0.0000
vn -0.9790 -0.2041 -0.0000
vn -0.9073 -0.3928 0.1497
vn -0.9794 -0.1911 0.0652
vn -0.9102 -0.3081 0.2767
vn -0.9807 -0.1542 0.1205
vn -0.2006 0.6895 -0.6960
vn 0.1689 0.7000 -0.6938
vn 0.1798 0.3819 -0.9065
vn -0.1896 0.3704 -0.9093
vn -0.9146 -0.1812 0.3615
vn -0.9826 -0.0990 0.1574
vn -0.9197 -0.0316 0.3913
vn -0.9848 -0.0338 0.1704
vn -0.9789 0.0486 -0.1983
vn -0.9761 -0.0335 -0.2146
vn -0.9851 -0.0338 0.1685
vn -0.9829 -0.0982 0.1556
vn 0.9699 0.1209 -0.2113
vn 0.9674 0.1950 -0.1617
vn 0.9989 -0.0114 0.0457
vn 0.9982 0.0095 0.0596
vn -0.1455 -0.9148 -0.3767
vn 0.2238 -0.8994 -0.3755
vn 0.2263 -0.9740 0.0000
vn -0.1430 -0.9897 -0.0000
vn -0.1896 0.3704 0.9093
vn 0.1798 0.3819 0.9065
vn 0.1689 0.7000 0.6938
vn -0.2006 0.6895 0.6960
vn -0.2105 0.9776 0.0000
vn 0.1590 0.9873 0.0000
vn 0.1616 0.9126 -0.3755
vn -0.2079 0.9027 -0.3767
vn -0.1638 -0.3825 -0.9093
vn 0.2056 -0.3687 -0.9065
vn 0.2165 -0.6868 -0.6938
vn -0.1529 -0.7016 -0.6960
vn -0.1529 -0.7016 0.6960
vn 0.2165 -0.6868 0.6938
vn 0.1616 0.9126 0.3755
vn -0.2079 0.9027 0.3767
vn 0.1927 0.0066 -0.9812
vn -0.1767 -0.0061 -0.9842
vn 0.2238 -0.8994 0.3755
vn -0.1455 -0.9149 0.3767
vn 0.9657 0.2446 0.0875
vn 0.9674 0.1950 0.1617
vn 0.9989 -0.0114 -0.0457
vn 0.9994 -0.0254 -0.0247
vn 0.8723 -0.3306 -0.3603
vn 0.8666 -0.1654 -0.4708
vn 0.8554 -0.1730 -0.4882
vn 0.8613 -0.3443 -0.3737
vn 0.9759 -0.0541 0.2113
vn 0.9785 -0.1283 0.1617
vn 0.9958 0.0798 -0.0457
vn 0.9965 0.0589 -0.0596
vn 0.9729 0.0334 -0.2287
vn 0.9973 0.0342 0.0646
vn 0.9759 -0.0541 -0.2113
vn 0.9965 0.0589 0.0596
vn 0.9699 0.1209 0.2113
vn 0.9982 0.0095 -0.0596
vn 0.9729 0.0334 0.2287
vn 0.9973 0.0342 -0.0646
vn 0.9785 -0.1283 -0.1617
vn 0.9958 0.0798 0.0457
vn 0.8761 -0.4410 -0.1950
vn 0.8652 -0.4588 -0.2022
vn 0.9802 -0.1778 -0.0875
vn 0.9953 0.0938 0.0247
vn 0.9651 0.2620 0.0000
vn 0.9995 -0.0303 -0.0000
vn 0.9808 -0.1952 0.0000
vn 0.9951 0.0987 0.0000
vn 0.9657 0.2446 -0.0875
vn 0.9994 -0.0254 0.0247
vn 0.9802 -0.1778 0.0875
vn 0.9953 0.0938 -0.0247
vn -0.9693 -0.2317 -0.0821
vn -0.9688 -0.2480 -0.0000
vn -0.9909 0.1346 -0.0000
vn -0.9905 0.1217 0.0645
vn -0.9693 -0.2317 0.0821
vn -0.9905 0.1217 -0.0645
vn -0.9620 0.0757 0.2624
vn -0.9583 -0.0329 0.2840
vn -0.9829 0.1647 -0.0821
vn -0.9813 0.1182 -0.1518
vn -0.9810 -0.1529 0.1191
vn -0.9798 -0.1894 0.0645
vn -0.9514 -0.2336 -0.2008
vn -0.9545 -0.1415 -0.2624
vn -0.1905 -0.3814 -0.9046
vn -0.1796 -0.6989 -0.6923
vn -0.1699 -0.6999 -0.6937
vn -0.1809 -0.3819 -0.9064
vn -0.9829 0.1647 0.0821
vn -0.9835 0.1810 0.0000
vn -0.9794 -0.2022 -0.0000
vn -0.9798 -0.1894 -0.0645
vn -0.9733 -0.1156 -0.1983
vn -0.9873 0.0306 0.1556
vn -0.9709 -0.1852 0.1518
vn -0.9892 0.0853 -0.1191
vn -0.9709 -0.1852 -0.1518
vn -0.9892 0.0853 0.1191
vn -0.9733 -0.1156 0.1983
vn -0.9761 -0.0335 0.2146
vn -0.9851 -0.0338 -0.1685
vn -0.9873 0.0306 -0.1556
vn -0.1686 -0.7001 0.6939
vn -0.1796 -0.3819 0.9066
vn -0.1809 -0.3819 0.9064
vn -0.1699 -0.6999 0.6937
vn -0.9673 0.2293 0.1087
vn -0.9651 0.1678 0.2008
vn -0.9493 -0.2951 -0.1087
vn -0.9680 0.2509 -0.0000
vn -0.9485 -0.3167 -0.0000
vn -0.9673 0.2293 -0.1087
vn -0.9493 -0.2951 0.1087
vn -0.9651 0.1678 -0.2008
vn -0.9514 -0.2336 0.2008
vn -0.9620 0.0757 -0.2624
vn -0.9545 -0.1415 0.2624
vn -0.9583 -0.0329 -0.2840
vn -0.9813 0.1182 0.1518
vn -0.9810 -0.1529 -0.1191
vn -0.2271 0.6849 -0.6923
vn -0.2162 0.3675 -0.9046
vn -0.2066 0.3686 -0.9064
vn -0.2175 0.6866 -0.6937
vn -0.2053 0.3687 -0.9066
vn -0.1924 -0.0066 -0.9813
vn -0.1937 -0.0066 -0.9810
vn -0.1924 -0.0066 0.9813
vn -0.1937 -0.0066 0.9810
vn -0.9789 0.0486 0.1983
vn -0.9829 -0.0982 -0.1556
vn -0.1796 -0.3819 -0.9066
vn -0.2053 0.3687 0.9066
vn -0.2162 0.6869 0.6939
vn -0.2175 0.6866 0.6937
vn -0.2066 0.3686 0.9064
vn -0.1686 -0.7001 -0.6939
vn -0.2235 0.8995 0.3755
vn -0.2248 0.8992 0.3754
vn -0.1613 -0.9127 -0.3755
vn -0.1626 -0.9125 -0.3754
vn -0.2261 0.9741 0.0000
vn -0.2274 0.9738 0.0000
vn -0.1588 -0.9873 -0.0000
vn -0.1601 -0.9871 -0.0000
vn -0.2235 0.8995 -0.3755
vn -0.2248 0.8992 -0.3754
vn -0.1613 -0.9127 0.3755
vn -0.1626 -0.9125 0.3754
vn -0.2162 0.6869 -0.6939
vn -0.2033 -0.0070 -0.9791
vn -0.1905 -0.3814 0.9046
vn -0.2033 -0.0070 0.9791
vn -0.2162 0.3675 0.9046
vn -0.2271 0.6849 0.6923
vn -0.1723 -0.9110 -0.3747
vn -0.2343 0.8970 0.3747
vn -0.1698 -0.9855 -0.0000
vn -0.2369 0.9715 0.0000
vn -0.1723 -0.9110 0.3747
vn -0.2343 0.8970 -0.3747
vn -0.1796 -0.6989 0.6923
vn 0.8476 0.3896 -0.3603
vn 0.8438 0.5000 -0.1950
vn 0.8317 0.5171 -0.2022
vn 0.8356 0.4026 -0.3737
vn 0.8532 0.2244 0.4708
vn 0.8599 0.0295 0.5096
vn 0.8485 0.0291 0.5285
vn 0.8415 0.2312 0.4882
vn 0.8774 -0.4797 -0.0000
vn 0.8666 -0.4990 -0.0000
vn 0.8438 0.5000 0.1950
vn 0.8476 0.3896 0.3603
vn 0.8356 0.4026 0.3737
vn 0.8317 0.5171 0.2022
vn 0.8723 -0.3306 0.3603
vn 0.8761 -0.4410 0.1950
vn 0.8652 -0.4588 0.2022
vn 0.8613 -0.3443 0.3737
vn 0.8425 0.5388 0.0000
vn 0.8303 0.5573 -0.0000
vn 0.8666 -0.1654 0.4708
vn 0.8554 -0.1730 0.4882
vn 0.8599 0.0295 -0.5096
vn 0.8532 0.2244 -0.4708
vn 0.8415 0.2312 -0.4882
vn 0.8485 0.0291 -0.5285
vn 0.9956 -0.0045 -0.0932
vn 0.9943 0.0341 -0.1009
vn 0.9930 0.0727 -0.0932
vn 0.9919 0.1054 -0.0714
vn 0.9911 0.1273 -0.0386
vn 0.9909 0.1350 0.0000
vn 0.9911 0.1273 0.0386
vn 0.9919 0.1054 0.0714
vn 0.9930 0.0727 0.0932
vn 0.9943 0.0341 0.1009
vn 0.9956 -0.0045 0.0932
vn 0.9968 -0.0372 0.0714
vn 0.9975 -0.0591 0.0386
vn 0.9978 -0.0667 0.0000
vn 0.9975 -0.0590 -0.0386
vn 0.9968 -0.0372 -0.0714
vn -0.6262 0.2801 0.7276
vn -0.6159 -0.0211 0.7876
vn 0.6836 0.0235 0.7295
vn 0.6740 0.3024 0.6739
vn -0.6350 0.5354 0.5569
vn 0.6659 0.5390 0.5158
vn -0.6408 0.7061 0.3014
vn 0.6605 0.6970 0.2792
vn -0.6429 0.7660 -0.0000
vn 0.6586 0.7525 0.0000
vn -0.6408 0.7061 -0.3014
vn 0.6605 0.6970 -0.2792
vn -0.6350 0.5354 -0.5569
vn 0.6659 0.5390 -0.5158
vn -0.6262 0.2801 -0.7276
vn 0.6740 0.3024 -0.6739
vn -0.6159 -0.0211 -0.7876
vn 0.6836 0.0235 -0.7295
vn -0.6055 -0.3223 -0.7276
vn 0.6932 -0.2555 -0.6739
vn -0.5968 -0.5777 -0.5569
vn 0.7013 -0.4920 -0.5158
vn -0.5909 -0.7483 -0.3014
vn 0.7067 -0.6501 -0.2792
vn -0.5889 -0.8082 -0.0000
vn 0.7086 -0.7056 0.0000
vn -0.5909 -0.7483 0.3014
vn 0.7067 -0.6501 0.2792
vn -0.5968 -0.5777 0.5569
vn 0.7013 -0.4920 0.5158
vn -0.6055 -0.3223 0.7276
vn 0.6932 -0.2555 0.6739
vn 0.9569 0.0328 -0.2887
vn 0.9607 -0.0776 -0.2667
vn 0.9639 -0.1712 -0.2041
vn 0.9660 -0.2337 -0.1105
vn 0.9668 -0.2556 -0.0000
vn 0.9660 -0.2337 0.1105
vn 0.9639 -0.1712 0.2041
vn 0.9607 -0.0776 0.2667
vn 0.9569 0.0328 0.2887
vn 0.9531 0.1432 0.2667
vn 0.9499 0.2368 0.2041
vn 0.9477 0.2994 0.1105
vn 0.9470 0.3213 0.0000
vn 0.9477 0.2994 -0.1105
vn 0.9499 0.2368 -0.2041
vn 0.9531 0.1432 -0.2667
vn 0.9447 0.0324 -0.3264
vn 0.9490 -0.0924 -0.3015
vn 0.9526 -0.1982 -0.2308
vn 0.9550 -0.2689 -0.1249
vn 0.9559 -0.2937 0.0000
vn 0.9550 -0.2689 0.1249
vn 0.9526 -0.1982 0.2308
vn 0.9490 -0.0924 0.3015
vn 0.9447 0.0324 0.3264
vn 0.9404 0.1572 0.3015
vn 0.9368 0.2630 0.2308
vn 0.9344 0.3337 0.1249
vn 0.9335 0.3586 -0.0000
vn 0.9344 0.3337 -0.1249
vn 0.9368 0.2630 -0.2308
vn 0.9404 0.1572 -0.3015
vn -0.6966 0.2542 0.6710
vn -0.6870 -0.0236 0.7263
vn -0.7046 0.4897 0.5135
vn -0.7100 0.6470 0.2779
vn -0.7119 0.7022 0.0000
vn -0.7100 0.6470 -0.2779
vn -0.7046 0.4897 -0.5135
vn -0.6966 0.2542 -0.6710
vn -0.6870 -0.0236 -0.7263
vn -0.6775 -0.3013 -0.6710
vn -0.6694 -0.5368 -0.5135
vn -0.6640 -0.6942 -0.2779
vn -0.6621 -0.7494 -0.0000
vn -0.6640 -0.6941 0.2779
vn -0.6694 -0.5368 0.5135
vn -0.6775 -0.3013 0.6710
vn -0.6980 0.2536 0.6697
vn -0.6885 -0.0236 0.7249
vn -0.7060 0.4886 0.5126
vn -0.7114 0.6457 0.2774
vn -0.7133 0.7008 0.0000
vn -0.7114 0.6457 -0.2774
vn -0.7060 0.4886 -0.5126
vn -0.6980 0.2536 -0.6697
vn -0.6885 -0.0236 -0.7249
vn -0.6790 -0.3009 -0.6697
vn -0.6709 -0.5359 -0.5126
vn -0.6655 -0.6929 -0.2774
vn -0.3572 -0.9340 0.0000
vn -0.9130 -0.4079 -0.0000
vn -0.6655 -0.6929 0.2774
vn -0.6709 -0.5359 0.5126
vn -0.6790 -0.3009 0.6697
vn -0.9210 -0.1757 -0.3477
vn -0.7361 -0.0253 -0.6764
vn -0.3767 -0.3657 -0.8511
vn -0.7197 -0.5033 -0.4783
vn -0.7147 -0.6498 -0.2588
vn -0.9140 -0.3793 0.1440
vn -0.3596 -0.8639 0.3525
vn -0.7197 -0.5033 0.4783
vn -0.7272 -0.2840 0.6249
vn -0.7361 -0.0253 0.6764
vn -0.9309 0.1122 0.3477
vn -0.4009 0.3390 0.8511
vn -0.9350 0.2342 0.2661
vn -0.4112 0.6377 0.6514
vn -0.7575 0.5993 0.2588
vn -0.7593 0.6507 -0.0000
vn -0.7575 0.5993 -0.2588
vn -0.9350 0.2342 -0.2661
vn -0.4112 0.6377 -0.6514
vn -0.7450 0.2334 -0.6249
vn -0.6479 -0.3105 -0.6955
vn -0.6578 -0.0226 -0.7528
vn -0.9603 -0.1343 -0.2445
vn -0.9638 -0.0331 -0.2646
vn -0.6396 -0.5546 -0.5323
vn -0.9574 -0.2201 -0.1871
vn -0.6340 -0.7177 -0.2881
vn -0.9554 -0.2774 -0.1013
vn -0.6320 -0.7750 -0.0000
vn -0.9547 -0.2976 -0.0000
vn -0.6340 -0.7177 0.2881
vn -0.9554 -0.2774 0.1013
vn -0.6396 -0.5546 0.5323
vn -0.9574 -0.2201 0.1871
vn -0.6479 -0.3105 0.6955
vn -0.9603 -0.1343 0.2445
vn -0.6578 -0.0226 0.7528
vn -0.9638 -0.0331 0.2646
vn -0.6677 0.2654 0.6955
vn -0.9673 0.0681 0.2445
vn -0.6761 0.5095 0.5323
vn -0.9702 0.1539 0.1871
vn -0.6817 0.6726 0.2881
vn -0.9722 0.2113 0.1013
vn -0.6836 0.7298 0.0000
vn -0.9729 0.2314 -0.0000
vn -0.6817 0.6726 -0.2881
vn -0.9722 0.2113 -0.1013
vn -0.6761 0.5095 -0.5323
vn -0.9702 0.1539 -0.1871
vn -0.6677 0.2654 -0.6955
vn -0.9673 0.0681 -0.2445
usemtl None
s 1
f 128/1/1 105/2/2 104/3/3 131/4/4
f 98/5/5 36/6/6 30/7/7 92/8/8
f 6/9/9 56/10/10 62/11/11 12/12/12
f 77/13/13 84/14/14 3/15/15
f 65/16/16 72/17/17 2/18/15
f 108/19/15 107/20/15 116/21/15 118/22/15 3/15/15 81/23/18 65/16/16 2/18/15
f 33/24/19 90/25/20 56/10/10 6/9/9
f 86/26/21 48/27/22 42/28/23 80/29/24
f 74/30/25 24/31/26 18/32/27 68/33/28
f 118/22/15 117/34/15 111/35/15 113/36/15 4/37/15 93/38/29 77/13/13 3/15/15
f 131/39/4 104/40/3 101/41/30 125/42/31
f 113/36/15 112/43/15 101/44/15 103/45/15 1/46/15 57/47/32 89/48/33 4/37/15
f 9/49/34 54/50/35 68/33/28 18/32/27
f 12/12/12 62/11/11 59/51/36 15/52/37
f 103/45/15 102/53/15 106/54/15 108/19/15 2/18/15 69/55/38 53/56/39 1/46/15
f 21/57/40 66/58/41 80/29/24 42/28/23
f 71/59/42 27/60/43 24/31/26 74/30/25
f 72/17/17 75/61/44 2/18/15
f 45/62/45 78/63/46 92/8/8 30/7/7
f 89/48/33 96/64/47 4/37/15
f 83/65/48 51/66/49 48/67/22 86/68/21
f 90/25/20 33/24/19 39/69/50 95/70/51
f 95/71/51 39/72/50 36/6/6 98/5/5
f 60/73/52 63/74/53 1/46/15
f 75/61/44 69/55/38 2/18/15
f 15/75/37 59/76/36 54/50/35 9/49/34
f 66/58/41 21/57/40 27/77/43 71/78/42
f 99/79/54 93/38/29 4/37/15
f 106/80/55 137/81/56 143/82/57 109/83/58
f 84/14/14 87/84/59 3/15/15
f 155/85/60 119/86/61 116/87/62 149/88/63
f 96/64/47 99/79/54 4/37/15
f 87/84/59 81/23/18 3/15/15
f 78/63/46 45/62/45 51/66/49 83/65/48
f 63/74/53 57/47/32 1/46/15
f 11/89/64 5/90/65 7/91/66 13/92/67
f 13/93/67 7/94/66 6/9/9 12/12/12
f 14/95/68 11/89/64 13/92/67 16/96/69
f 16/97/69 13/93/67 12/12/12 15/52/37
f 8/98/70 14/95/68 16/96/69 10/99/71
f 10/100/71 16/101/69 15/75/37 9/49/34
f 20/102/72 26/103/73 28/104/74 22/105/75
f 22/106/75 28/107/74 27/77/43 21/57/40
f 26/103/73 23/108/76 25/109/77 28/104/74
f 28/110/74 25/111/77 24/31/26 27/60/43
f 23/108/76 17/112/78 19/113/79 25/109/77
f 25/111/77 19/114/79 18/32/27 24/31/26
f 44/115/80 50/116/81 52/117/82 46/118/83
f 46/119/83 52/120/82 51/66/49 45/62/45
f 50/116/81 47/121/84 49/122/85 52/117/82
f 52/120/82 49/123/85 48/67/22 51/66/49
f 47/121/84 41/124/86 43/125/87 49/122/85
f 49/126/85 43/127/87 42/28/23 48/27/22
f 32/128/88 38/129/89 40/130/90 34/131/91
f 34/132/91 40/133/90 39/69/50 33/24/19
f 38/129/89 35/134/92 37/135/93 40/130/90
f 40/136/90 37/137/93 36/6/6 39/72/50
f 35/134/92 29/138/94 31/139/95 37/135/93
f 37/137/93 31/140/95 30/7/7 36/6/6
f 9/49/34 18/32/27 19/114/79 10/100/71
f 10/99/71 19/113/79 17/112/78 8/98/70
f 21/57/40 42/28/23 43/127/87 22/106/75
f 22/105/75 43/125/87 41/124/86 20/102/72
f 45/62/45 30/7/7 31/140/95 46/119/83
f 46/118/83 31/139/95 29/138/94 44/115/80
f 33/24/19 6/9/9 7/94/66 34/132/91
f 34/131/91 7/91/66 5/90/65 32/128/88
f 17/112/78 23/108/76 26/103/73 20/102/72 41/124/86 47/121/84 50/116/81 44/115/80 29/138/94 35/134/92 38/129/89 32/128/88 5/90/65 11/89/64 14/95/68 8/98/70
f 54/50/35 59/76/36 61/141/96 55/142/97
f 55/143/97 61/144/96 60/73/52 53/56/39
f 59/51/36 62/11/11 64/145/98 61/146/96
f 61/144/96 64/147/98 63/74/53 60/73/52
f 62/11/11 56/10/10 58/148/99 64/145/98
f 64/147/98 58/149/99 57/47/32 63/74/53
f 66/58/41 71/78/42 73/150/100 67/151/101
f 67/152/101 73/153/100 72/17/17 65/16/16
f 71/59/42 74/30/25 76/154/102 73/155/100
f 73/153/100 76/156/102 75/61/44 72/17/17
f 74/30/25 68/33/28 70/157/103 76/154/102
f 76/156/102 70/158/103 69/55/38 75/61/44
f 78/63/46 83/65/48 85/159/104 79/160/105
f 79/161/105 85/162/104 84/14/14 77/13/13
f 83/163/48 86/26/21 88/164/106 85/165/104
f 85/162/104 88/166/106 87/84/59 84/14/14
f 86/26/21 80/29/24 82/167/107 88/164/106
f 88/166/106 82/168/107 81/23/18 87/84/59
f 90/25/20 95/70/51 97/169/108 91/170/109
f 91/171/109 97/172/108 96/64/47 89/48/33
f 95/71/51 98/5/5 100/173/110 97/174/108
f 97/172/108 100/175/110 99/79/54 96/64/47
f 98/5/5 92/8/8 94/176/111 100/173/110
f 100/175/110 94/177/111 93/38/29 99/79/54
f 53/56/39 69/55/38 70/158/103 55/143/97
f 55/142/97 70/157/103 68/33/28 54/50/35
f 89/48/33 57/47/32 58/149/99 91/171/109
f 91/170/109 58/148/99 56/10/10 90/25/20
f 65/16/16 81/23/18 82/168/107 67/152/101
f 67/151/101 82/167/107 80/29/24 66/58/41
f 77/13/13 93/38/29 94/177/111 79/161/105
f 79/160/105 94/176/111 92/8/8 78/63/46
f 53/56/39 60/73/52 1/46/15
f 101/44/15 104/178/15 103/45/15
f 104/178/15 105/179/15 103/45/15
f 105/179/15 102/53/15 103/45/15
f 106/54/15 109/180/15 108/19/15
f 109/180/15 110/181/15 108/19/15
f 110/181/15 107/20/15 108/19/15
f 111/35/15 114/182/15 113/36/15
f 114/182/15 115/183/15 113/36/15
f 115/183/15 112/43/15 113/36/15
f 116/21/15 119/184/15 118/22/15
f 119/184/15 120/185/15 118/22/15
f 120/185/15 117/34/15 118/22/15
f 114/186/112 167/187/113 164/188/114 115/189/115
f 111/190/116 161/191/117 167/187/113 114/186/112
f 106/80/55 102/192/118 122/193/119 137/81/56
f 110/194/120 140/195/121 134/196/122 107/197/123
f 101/41/30 112/198/124 158/199/125 125/42/31
f 109/83/58 143/82/57 140/200/121 110/201/120
f 146/202/126 117/203/127 120/204/128 152/205/129
f 116/87/62 107/197/123 134/196/122 149/88/63
f 111/190/116 117/203/127 146/202/126 161/191/117
f 115/206/115 164/207/114 158/199/125 112/198/124
f 152/208/129 120/209/128 119/86/61 155/85/60
f 145/210/130 151/211/131 154/212/132 148/213/133 133/214/134 139/215/135 142/216/136 136/217/137 121/218/138 127/219/139 130/220/140 124/221/141 157/222/142 163/223/143 166/224/144 160/225/145
f 160/225/145 166/224/144 168/226/146 162/227/147
f 162/228/147 168/229/146 167/187/113 161/191/117
f 166/224/144 163/223/143 165/230/148 168/226/146
f 168/229/146 165/231/148 164/188/114 167/187/113
f 163/223/143 157/222/142 159/232/149 165/230/148
f 165/233/148 159/234/149 158/199/125 164/207/114
f 127/219/139 121/218/138 123/235/150 129/236/151
f 129/237/151 123/238/152 122/193/119 128/1/1
f 130/220/140 127/219/139 129/236/151 132/239/153
f 132/240/153 129/241/151 128/242/1 131/39/4
f 124/221/141 130/220/140 132/239/153 126/243/154
f 126/244/154 132/240/153 131/39/4 125/42/31
f 136/217/137 142/216/136 144/245/155 138/246/156
f 138/247/157 144/248/155 143/82/57 137/81/56
f 142/216/136 139/215/135 141/249/158 144/245/155
f 144/248/155 141/250/158 140/200/121 143/82/57
f 139/215/135 133/214/134 135/251/159 141/249/158
f 141/252/158 135/253/159 134/196/122 140/195/121
f 151/211/131 145/210/130 147/254/160 153/255/161
f 153/256/162 147/257/160 146/202/126 152/205/129
f 154/212/132 151/211/131 153/255/161 156/258/163
f 156/259/163 153/260/162 152/208/129 155/85/60
f 148/213/133 154/212/132 156/258/163 150/261/164
f 150/262/164 156/259/163 155/85/60 149/88/63
f 121/218/138 136/217/137 138/246/156 123/235/150
f 123/238/152 138/247/157 137/81/56 122/193/119
f 157/222/142 124/221/141 126/243/154 159/232/149
f 159/234/149 126/244/154 125/42/31 158/199/125
f 133/214/134 148/213/133 150/261/164 135/251/159
f 135/253/159 150/262/164 149/88/63 134/196/122
f 145/210/130 160/225/145 162/227/147 147/254/160
f 147/257/160 162/228/147 161/191/117 146/202/126
f 122/193/119 102/192/118 105/2/2 128/1/1
f 170/263/165 233/264/166 237/265/167 173/266/168
f 245/267/169 242/268/170 291/269/171 294/270/172
f 248/271/173 245/267/169 294/270/172 297/272/174
f 251/273/175 248/271/173 297/272/174 300/274/176
f 254/275/177 251/273/175 300/274/176 303/276/178
f 257/277/179 254/275/177 303/276/178 306/278/180
f 260/279/181 257/277/179 306/278/180 309/280/182
f 263/281/183 260/279/181 309/280/182 312/282/184
f 266/283/185 263/281/183 312/282/184 315/284/186
f 269/285/187 266/283/185 315/284/186 318/286/188
f 272/287/189 269/285/187 318/286/188 321/288/190
f 275/289/191 272/287/189 321/288/190 324/290/192
f 278/291/193 275/289/191 324/290/192 327/292/194
f 285/293/195 326/294/196 375/295/197 332/296/198
f 203/297/199 267/298/200 270/299/201 206/300/202
f 242/268/170 239/301/203 288/302/204 291/269/171
f 234/303/205 278/291/193 327/292/194 284/304/206
f 296/305/207 293/306/208 342/307/201 345/308/209
f 182/309/210 246/310/211 249/311/212 185/312/213
f 197/313/214 261/314/215 264/315/216 200/316/217
f 212/317/218 276/318/219 279/319/220 215/320/221
f 176/321/222 240/322/223 243/323/224 179/324/225
f 191/325/226 255/326/197 258/327/198 194/328/227
f 215/320/221 279/319/220 233/329/166 170/330/165
f 206/331/202 270/332/201 273/333/209 209/334/228
f 185/312/213 249/311/212 252/335/229 188/336/230
f 200/316/217 264/315/216 267/298/200 203/297/199
f 239/301/203 236/337/231 282/338/232 288/302/204
f 179/324/225 243/323/224 246/339/211 182/340/210
f 194/341/227 258/342/198 261/314/215 197/313/214
f 209/334/228 273/333/209 276/318/219 212/317/218
f 173/266/168 237/265/167 240/322/223 176/321/222
f 188/336/230 252/335/229 255/326/197 191/325/226
f 287/343/233 281/344/234 330/345/215 336/346/216
f 320/347/235 317/348/236 366/349/211 369/350/212
f 299/351/237 296/305/207 345/308/209 348/352/219
f 323/353/238 320/347/235 369/350/212 372/354/229
f 302/355/239 299/351/237 348/352/219 351/356/220
f 326/294/196 323/353/238 372/354/229 375/295/197
f 305/357/240 302/355/239 351/356/220 354/358/166
f 308/359/241 305/360/240 354/361/166 357/362/167
f 311/363/242 308/359/241 357/362/167 360/364/223
f 281/344/234 285/365/195 332/366/198 330/345/215
f 293/367/208 290/368/243 339/369/200 342/370/201
f 314/371/244 311/363/242 360/364/223 363/372/224
f 290/368/243 287/343/233 336/346/216 339/369/200
f 317/373/236 314/371/244 363/372/224 366/374/211
f 170/263/165 173/266/168 174/375/245 171/376/246
f 171/377/246 174/378/245 172/379/247 169/380/248
f 173/266/168 176/321/222 177/381/249 174/375/245
f 174/378/245 177/382/249 175/383/250 172/379/247
f 176/321/222 179/324/225 180/384/251 177/381/249
f 177/382/249 180/385/251 178/386/252 175/383/250
f 179/324/225 182/340/210 183/387/253 180/384/251
f 180/385/251 183/388/253 181/389/254 178/386/252
f 182/309/210 185/312/213 186/390/255 183/391/253
f 183/388/253 186/392/255 184/393/256 181/389/254
f 185/312/213 188/336/230 189/394/257 186/390/255
f 186/392/255 189/395/257 187/396/258 184/393/256
f 188/336/230 191/325/226 192/397/259 189/394/257
f 189/395/257 192/398/259 190/399/260 187/396/258
f 191/325/226 194/328/227 195/400/261 192/397/259
f 192/398/259 195/401/261 193/402/262 190/399/260
f 194/341/227 197/313/214 198/403/263 195/404/261
f 195/401/261 198/405/263 196/406/264 193/402/262
f 197/313/214 200/316/217 201/407/265 198/403/263
f 198/405/263 201/408/265 199/409/266 196/406/264
f 200/316/217 203/297/199 204/410/267 201/407/265
f 201/408/265 204/411/267 202/412/268 199/409/266
f 203/297/199 206/300/202 207/413/269 204/410/267
f 204/411/267 207/414/269 205/415/270 202/412/268
f 206/331/202 209/334/228 210/416/271 207/417/269
f 207/414/269 210/418/271 208/419/272 205/415/270
f 209/334/228 212/317/218 213/420/273 210/416/271
f 210/418/271 213/421/273 211/422/274 208/419/272
f 212/317/218 215/320/221 216/423/275 213/420/273
f 213/421/273 216/424/275 214/425/276 211/422/274
f 215/320/221 170/330/165 171/426/246 216/423/275
f 216/424/275 171/377/246 169/380/248 214/425/276
f 417/427/277 420/428/278 231/429/279 230/430/280
f 402/431/281 405/432/282 226/433/283 225/434/284
f 387/435/285 390/436/286 221/437/287 220/438/288
f 396/439/289 399/440/290 224/441/291 223/442/292
f 405/432/282 408/443/293 227/444/294 226/433/283
f 414/445/295 417/427/277 230/430/280 229/446/296
f 423/447/297 380/448/298 218/449/299 232/450/300
f 393/451/301 396/439/289 223/442/292 222/452/302
f 399/440/290 402/431/281 225/434/284 224/441/291
f 411/453/303 414/445/295 229/446/296 228/454/304
f 420/428/278 423/447/297 232/450/300 231/429/279
f 384/455/305 387/435/285 220/438/288 219/456/306
f 378/457/307 384/455/305 219/456/306 217/458/308
f 390/436/286 393/451/301 222/452/302 221/437/287
f 190/399/309 193/402/310 401/459/311 398/460/312
f 408/443/293 411/453/303 228/454/304 227/444/294
f 218/449/299 217/458/308 219/456/306 220/438/288 221/437/287 222/452/302 223/442/292 224/441/291 225/434/284 226/433/283 227/444/294 228/454/304 229/446/296 230/430/280 231/429/279 232/450/300
f 169/380/313 172/379/314 377/461/315 381/462/316
f 214/425/317 169/380/313 381/462/316 422/463/318
f 193/402/310 196/406/319 404/464/320 401/459/311
f 172/379/314 175/383/321 383/465/322 377/461/315
f 196/406/319 199/409/323 407/466/324 404/464/320
f 175/383/321 178/386/325 386/467/326 383/465/322
f 199/409/323 202/412/327 410/468/328 407/466/324
f 178/386/325 181/389/329 389/469/330 386/467/326
f 202/412/327 205/415/331 413/470/332 410/468/328
f 181/389/329 184/393/333 392/471/334 389/469/330
f 205/415/331 208/419/335 416/472/336 413/470/332
f 184/393/333 187/396/337 395/473/338 392/471/334
f 208/419/335 211/422/339 419/474/340 416/472/336
f 187/396/337 190/399/309 398/460/312 395/473/338
f 211/422/339 214/425/317 422/463/318 419/474/340
f 237/265/167 233/264/166 235/475/341 238/476/342
f 238/477/342 235/478/341 234/303/205 236/337/231
f 240/322/223 237/265/167 238/476/342 241/479/343
f 241/480/343 238/477/342 236/337/231 239/301/203
f 243/323/224 240/322/223 241/479/343 244/481/344
f 244/482/344 241/480/343 239/301/203 242/268/170
f 246/339/211 243/323/224 244/481/344 247/483/345
f 247/484/346 244/482/344 242/268/170 245/267/169
f 249/311/212 246/310/211 247/485/345 250/486/347
f 250/487/347 247/484/346 245/267/169 248/271/173
f 252/335/229 249/311/212 250/486/347 253/488/348
f 253/489/348 250/487/347 248/271/173 251/273/175
f 255/326/197 252/335/229 253/488/348 256/490/349
f 256/491/349 253/489/348 251/273/175 254/275/177
f 258/327/198 255/326/197 256/490/349 259/492/350
f 259/493/350 256/491/349 254/275/177 257/277/179
f 261/314/215 258/342/198 259/494/350 262/495/351
f 262/496/352 259/493/350 257/277/179 260/279/181
f 264/315/216 261/314/215 262/495/351 265/497/353
f 265/498/353 262/496/352 260/279/181 263/281/183
f 267/298/200 264/315/216 265/497/353 268/499/354
f 268/500/354 265/498/353 263/281/183 266/283/185
f 270/299/201 267/298/200 268/499/354 271/501/355
f 271/502/355 268/500/354 266/283/185 269/285/187
f 273/333/209 270/332/201 271/503/355 274/504/356
f 274/505/356 271/502/355 269/285/187 272/287/189
f 276/318/219 273/333/209 274/504/356 277/506/357
f 277/507/358 274/505/356 272/287/189 275/289/191
f 279/319/220 276/318/219 277/506/357 280/508/359
f 280/509/359 277/507/358 275/289/191 278/291/193
f 233/329/166 279/319/220 280/508/359 235/510/341
f 235/478/341 280/509/359 278/291/193 234/303/205
f 282/338/232 284/304/206 286/511/360 283/512/352
f 283/513/351 286/514/360 285/365/195 281/344/234
f 288/302/204 282/338/232 283/512/352 289/515/361
f 289/516/362 283/513/351 281/344/234 287/343/233
f 291/269/171 288/302/204 289/515/361 292/517/363
f 292/518/364 289/516/362 287/343/233 290/368/243
f 294/270/172 291/269/171 292/517/363 295/519/365
f 295/520/365 292/518/364 290/368/243 293/367/208
f 297/272/174 294/270/172 295/519/365 298/521/366
f 298/522/366 295/523/365 293/306/208 296/305/207
f 300/274/176 297/272/174 298/521/366 301/524/367
f 301/525/367 298/522/366 296/305/207 299/351/237
f 303/276/178 300/274/176 301/524/367 304/526/368
f 304/527/368 301/525/367 299/351/237 302/355/239
f 306/278/180 303/276/178 304/526/368 307/528/369
f 307/529/370 304/527/368 302/355/239 305/357/240
f 309/280/182 306/278/180 307/528/369 310/530/371
f 310/531/372 307/532/370 305/360/240 308/359/241
f 312/282/184 309/280/182 310/530/371 313/533/373
f 313/534/374 310/531/372 308/359/241 311/363/242
f 315/284/186 312/282/184 313/533/373 316/535/375
f 316/536/375 313/534/374 311/363/242 314/371/244
f 318/286/188 315/284/186 316/535/375 319/537/376
f 319/538/376 316/536/375 314/371/244 317/373/236
f 321/288/190 318/286/188 319/537/376 322/539/377
f 322/540/377 319/541/376 317/348/236 320/347/235
f 324/290/192 321/288/190 322/539/377 325/542/378
f 325/543/378 322/540/377 320/347/235 323/353/238
f 327/292/194 324/290/192 325/542/378 328/544/379
f 328/545/379 325/543/378 323/353/238 326/294/196
f 284/304/206 327/292/194 328/544/379 286/511/360
f 286/546/360 328/545/379 326/294/196 285/293/195
f 236/337/231 234/303/205 284/304/206 282/338/232
f 330/345/215 332/366/198 334/547/380 331/548/381
f 331/549/381 334/550/380 333/551/382 329/552/383
f 336/346/216 330/345/215 331/548/381 337/553/384
f 337/554/384 331/549/381 329/552/383 335/555/385
f 339/369/200 336/346/216 337/553/384 340/556/386
f 340/557/386 337/554/384 335/555/385 338/558/387
f 342/370/201 339/369/200 340/556/386 343/559/388
f 343/560/388 340/557/386 338/558/387 341/561/389
f 345/308/209 342/307/201 343/562/388 346/563/390
f 346/564/390 343/560/388 341/561/389 344/565/391
f 348/352/219 345/308/209 346/563/390 349/566/392
f 349/567/392 346/564/390 344/565/391 347/568/393
f 351/356/220 348/352/219 349/566/392 352/569/394
f 352/570/394 349/567/392 347/568/393 350/571/395
f 354/358/166 351/356/220 352/569/394 355/572/396
f 355/573/396 352/570/394 350/571/395 353/574/397
f 357/362/167 354/361/166 355/575/396 358/576/398
f 358/577/398 355/573/396 353/574/397 356/578/399
f 360/364/223 357/362/167 358/576/398 361/579/400
f 361/580/400 358/577/398 356/578/399 359/581/401
f 363/372/224 360/364/223 361/579/400 364/582/402
f 364/583/402 361/580/400 359/581/401 362/584/403
f 366/374/211 363/372/224 364/582/402 367/585/404
f 367/586/404 364/583/402 362/584/403 365/587/405
f 369/350/212 366/349/211 367/588/404 370/589/406
f 370/590/406 367/586/404 365/587/405 368/591/407
f 372/354/229 369/350/212 370/589/406 373/592/408
f 373/593/408 370/590/406 368/591/407 371/594/409
f 375/295/197 372/354/229 373/592/408 376/595/410
f 376/596/410 373/593/408 371/594/409 374/597/411
f 332/296/198 375/295/197 376/595/410 334/598/380
f 334/550/380 376/596/410 374/597/411 333/551/382
f 329/552/383 333/551/382 374/597/411 371/594/409 368/591/407 365/587/405 362/584/403 359/581/401 356/578/399 353/574/397 350/571/395 347/568/393 344/565/391 341/561/389 338/558/387 335/555/385
f 378/457/307 380/448/298 382/599/412 379/600/413
f 379/600/413 382/599/412 381/462/316 377/461/315
f 384/455/305 378/457/307 379/600/413 385/601/414
f 385/601/414 379/600/413 377/461/315 383/465/322
f 387/435/285 384/455/305 385/601/414 388/602/415
f 388/602/415 385/601/414 383/465/322 386/467/326
f 390/436/286 387/435/285 388/602/415 391/603/416
f 391/603/416 388/602/415 386/467/326 389/469/330
f 393/451/301 390/436/286 391/603/416 394/604/417
f 394/604/417 391/603/416 389/469/330 392/471/334
f 396/439/289 393/451/301 394/604/417 397/605/418
f 397/605/418 394/604/417 392/471/334 395/473/338
f 399/440/290 396/439/289 397/605/418 400/606/419
f 400/606/419 397/605/418 395/473/338 398/460/312
f 402/431/281 399/440/290 400/606/419 403/607/420
f 403/607/420 400/606/419 398/460/312 401/459/311
f 405/432/282 402/431/281 403/607/420 406/608/421
f 406/608/421 403/607/420 401/459/311 404/464/320
f 408/443/293 405/432/282 406/608/421 409/609/422
f 409/609/422 406/608/421 404/464/320 407/466/324
f 411/453/303 408/443/293 409/609/422 412/610/423
f 412/610/423 409/609/422 407/466/324 410/468/328
f 414/445/295 411/453/303 412/610/423 415/611/424
f 415/611/424 412/610/423 410/468/328 413/470/332
f 417/427/277 414/445/295 415/611/424 418/612/425
f 418/612/425 415/611/424 413/470/332 416/472/336
f 420/428/278 417/427/277 418/612/425 421/613/426
f 421/613/426 418/612/425 416/472/336 419/474/340
f 423/447/297 420/428/278 421/613/426 424/614/427
f 424/614/427 421/613/426 419/474/340 422/463/318
f 380/448/298 423/447/297 424/614/427 382/599/412
f 382/599/412 424/614/427 422/463/318 381/462/316
f 380/448/298 378/457/307 217/458/308 218/449/299
f 437/615/428 441/616/429 428/617/430 426/618/431
f 431/619/432 444/620/433 567/621/434 560/622/435
f 440/623/436 447/624/437 459/625/438 455/626/439
f 437/615/428 426/618/431 558/627/440 563/628/441
f 434/629/442 429/630/443 450/631/444 452/632/445
f 443/633/446 438/634/447 564/635/448 566/636/449
f 488/637/450 486/638/451 498/639/452 500/640/453
f 452/632/445 450/631/444 479/641/454 482/642/455
f 428/617/430 441/616/429 456/643/456 449/644/457
f 431/619/432 435/645/458 446/646/459 444/620/433
f 480/647/460 477/648/461 468/649/462 461/650/463
f 461/650/463 468/649/462 492/651/464 485/652/465
f 470/653/466 465/654/467 489/655/468 494/656/469
f 467/657/470 471/658/471 495/659/472 491/660/473
f 455/626/439 459/625/438 473/661/474 476/662/475
f 458/663/476 453/664/477 483/665/478 474/666/479
f 449/644/457 456/643/456 477/648/461 480/647/460
f 464/667/480 462/668/481 486/638/451 488/637/450
f 500/640/453 498/639/452 510/669/482 512/670/483
f 474/666/479 483/665/478 465/654/467 470/653/466
f 476/662/475 473/661/474 471/671/471 467/672/470
f 482/642/455 479/641/454 462/673/481 464/674/480
f 506/675/484 501/676/485 513/677/486 518/678/487
f 485/652/465 492/651/464 504/679/488 497/680/489
f 494/656/469 489/655/468 501/676/485 506/675/484
f 491/660/473 495/659/472 507/681/490 503/682/491
f 524/683/492 522/684/493 534/685/494 536/686/495
f 503/682/491 507/681/490 519/687/496 515/688/497
f 512/670/483 510/669/482 522/684/493 524/683/492
f 497/680/489 504/679/488 516/689/498 509/690/499
f 521/691/500 528/692/501 540/693/502 533/694/503
f 509/690/499 516/689/498 528/692/501 521/691/500
f 518/695/487 513/696/486 525/697/504 530/698/505
f 515/688/497 519/687/496 531/699/506 527/700/507
f 542/701/508 537/702/509 548/703/510 555/704/511
f 530/698/505 525/697/504 537/702/509 542/701/508
f 527/700/507 531/699/506 543/705/512 539/706/513
f 536/686/495 534/685/494 545/707/514 549/708/515
f 539/706/513 543/705/512 554/709/516 552/710/517
f 557/711/518 561/712/519 573/713/520 569/714/521
f 533/694/503 540/693/502 551/715/522 546/716/523
f 560/622/435 567/621/434 579/717/524 572/718/525
f 446/646/459 435/645/458 453/664/477 458/663/476
f 425/719/526 429/630/443 434/629/442 432/720/527
f 443/633/446 447/624/437 440/623/436 438/634/447
f 578/721/528 576/722/529 588/723/530 590/724/531
f 566/636/449 564/635/448 576/722/529 578/721/528
f 569/714/521 573/713/520 585/725/532 581/726/533
f 563/628/441 558/627/440 570/727/534 575/728/535
f 617/729/536 621/730/537 633/731/538 629/732/539
f 581/733/533 585/734/532 611/735/540 614/736/541
f 575/728/535 570/727/534 582/737/542 587/738/543
f 572/718/525 579/717/524 591/739/544 584/740/545
f 596/741/546 603/742/547 627/743/548 620/744/549
f 599/745/550 594/746/551 618/747/552 623/748/553
f 614/736/541 611/735/540 597/749/554 593/750/555
f 602/751/556 600/752/557 624/753/558 626/754/559
f 590/755/531 588/756/530 605/757/560 608/758/561
f 584/740/545 591/739/544 609/759/562 612/760/563
f 587/738/543 582/737/542 615/761/564 606/762/565
f 593/750/555 597/749/554 621/730/537 617/729/536
f 629/732/539 633/731/538 644/763/566 642/764/567
f 612/760/563 609/759/562 603/742/547 596/741/546
f 608/758/561 605/757/560 600/752/557 602/751/556
f 606/762/565 615/761/564 594/746/551 599/745/550
f 632/765/568 639/766/569 650/767/570 645/768/571
f 623/748/553 618/747/552 630/769/572 635/770/573
f 620/771/549 627/772/548 639/766/569 632/765/568
f 626/754/559 624/753/558 636/773/574 638/774/575
f 638/774/575 636/773/574 647/775/576 651/776/577
f 635/770/573 630/769/572 641/777/578 648/778/579
f 426/779/431 428/780/430 430/781/580 427/782/581
f 427/782/581 430/781/580 429/783/443 425/784/526
f 435/645/458 431/619/432 433/785/582 436/786/583
f 436/786/583 433/785/584 432/720/527 434/629/442
f 447/624/437 443/633/446 445/787/585 448/788/586
f 448/788/586 445/787/587 444/789/433 446/790/459
f 441/616/429 437/615/428 439/791/588 442/792/589
f 442/792/589 439/791/590 438/793/447 440/794/436
f 434/629/442 452/632/445 454/795/591 436/786/583
f 436/786/583 454/795/591 453/664/477 435/645/458
f 459/625/438 447/624/437 448/788/586 460/796/592
f 460/796/592 448/788/586 446/790/459 458/797/476
f 456/643/456 441/616/429 442/792/589 457/798/593
f 457/798/593 442/792/589 440/794/436 455/799/439
f 428/780/430 449/800/457 451/801/594 430/781/580
f 430/781/580 451/801/594 450/802/444 429/783/443
f 474/803/479 470/804/466 472/805/595 475/806/596
f 475/806/596 472/805/595 471/671/471 473/661/474
f 477/648/461 456/643/456 457/798/593 478/807/597
f 478/807/597 457/798/593 455/799/439 476/808/475
f 480/809/460 461/810/463 463/811/598 481/812/599
f 481/812/599 463/811/598 462/813/481 479/814/454
f 483/665/478 453/664/477 454/795/591 484/815/600
f 484/815/600 454/795/591 452/632/445 482/642/455
f 458/797/476 474/803/479 475/806/596 460/796/592
f 460/796/592 475/806/596 473/661/474 459/625/438
f 468/649/462 477/648/461 478/807/597 469/816/601
f 469/816/601 478/807/597 476/808/475 467/817/470
f 449/800/457 480/809/460 481/812/599 451/801/594
f 451/801/594 481/812/599 479/814/454 450/802/444
f 465/654/467 483/665/478 484/815/600 466/818/602
f 466/818/602 484/815/600 482/642/455 464/674/480
f 467/817/470 491/819/473 493/820/603 469/816/601
f 469/816/601 493/820/603 492/651/464 468/649/462
f 486/821/451 462/813/481 463/811/598 487/822/604
f 487/822/604 463/811/598 461/810/463 485/823/465
f 464/674/480 488/824/450 490/825/605 466/818/602
f 466/818/602 490/825/605 489/655/468 465/654/467
f 495/826/472 471/671/471 472/805/595 496/827/606
f 496/827/606 472/805/595 470/804/466 494/828/469
f 494/828/469 506/829/484 508/830/607 496/827/606
f 496/831/606 508/832/607 507/681/490 495/659/472
f 504/679/488 492/651/464 493/820/603 505/833/608
f 505/834/608 493/835/603 491/660/473 503/682/491
f 485/823/465 497/836/489 499/837/609 487/822/604
f 487/838/604 499/839/609 498/639/452 486/638/451
f 501/676/485 489/655/468 490/825/605 502/840/610
f 502/841/610 490/842/605 488/637/450 500/640/453
f 503/682/491 515/688/497 517/843/611 505/834/608
f 505/844/608 517/845/611 516/846/498 504/847/488
f 510/669/482 498/639/452 499/839/609 511/848/612
f 511/849/612 499/850/609 497/680/489 509/690/499
f 500/640/453 512/670/483 514/851/613 502/841/610
f 502/840/610 514/852/613 513/677/486 501/676/485
f 519/687/496 507/681/490 508/832/607 520/853/614
f 520/854/614 508/855/607 506/675/484 518/678/487
f 518/695/487 530/698/505 532/856/615 520/857/614
f 520/853/614 532/858/615 531/699/506 519/687/496
f 528/692/501 516/689/498 517/859/611 529/860/616
f 529/861/616 517/843/611 515/688/497 527/700/507
f 509/690/499 521/691/500 523/862/617 511/849/612
f 511/848/612 523/863/617 522/684/493 510/669/482
f 525/697/504 513/696/486 514/864/613 526/865/618
f 526/866/618 514/851/613 512/670/483 524/683/492
f 521/691/500 533/694/503 535/867/619 523/862/617
f 523/862/617 535/867/619 534/868/494 522/869/493
f 537/702/509 525/697/504 526/865/618 538/870/620
f 538/870/620 526/865/618 524/871/492 536/872/495
f 527/700/507 539/706/513 541/873/621 529/861/616
f 529/860/616 541/874/621 540/693/502 528/692/501
f 543/705/512 531/699/506 532/858/615 544/875/622
f 544/876/622 532/856/615 530/698/505 542/701/508
f 539/706/513 552/710/517 553/877/623 541/873/621
f 541/874/621 553/878/623 551/715/522 540/693/502
f 545/707/514 534/685/494 535/879/619 547/880/624
f 547/881/624 535/867/619 533/694/503 546/716/523
f 536/686/495 549/708/515 550/882/625 538/883/620
f 538/870/620 550/884/625 548/703/510 537/702/509
f 554/709/516 543/705/512 544/875/622 556/885/626
f 556/886/626 544/876/622 542/701/508 555/704/511
f 425/784/526 557/887/518 559/888/627 427/782/581
f 427/782/581 559/888/627 558/889/440 426/779/431
f 564/890/448 438/793/447 439/791/590 565/891/628
f 565/891/628 439/791/588 437/615/428 563/628/441
f 443/633/446 566/636/449 568/892/629 445/787/585
f 445/787/587 568/892/629 567/893/434 444/789/433
f 561/712/519 432/720/527 433/785/584 562/894/630
f 562/894/630 433/785/582 431/619/432 560/622/435
f 557/887/518 569/895/521 571/896/631 559/888/627
f 559/888/627 571/896/631 570/897/534 558/889/440
f 576/898/529 564/890/448 565/891/628 577/899/632
f 577/899/632 565/891/628 563/628/441 575/728/535
f 566/636/449 578/721/528 580/900/633 568/892/629
f 568/892/629 580/900/633 579/901/524 567/893/434
f 573/713/520 561/712/519 562/894/630 574/902/634
f 574/902/634 562/894/630 560/622/435 572/718/525
f 578/721/528 590/724/531 592/903/635 580/900/633
f 580/900/633 592/903/635 591/904/544 579/901/524
f 585/725/532 573/713/520 574/902/634 586/905/636
f 586/905/636 574/902/634 572/718/525 584/740/545
f 575/728/535 587/738/543 589/906/637 577/899/632
f 577/899/632 589/906/637 588/907/530 576/898/529
f 582/908/542 570/897/534 571/896/631 583/909/638
f 583/909/638 571/896/631 569/895/521 581/910/533
f 606/762/565 599/745/550 601/911/639 607/912/640
f 607/913/640 601/914/639 600/752/557 605/757/560
f 609/915/562 591/904/544 592/903/635 610/916/641
f 610/917/641 592/918/635 590/755/531 608/758/561
f 612/760/563 596/741/546 598/919/642 613/920/643
f 613/921/643 598/922/642 597/749/554 611/735/540
f 615/923/564 582/908/542 583/909/638 616/924/644
f 616/925/644 583/926/638 581/733/533 614/736/541
f 587/738/543 606/762/565 607/912/640 589/906/637
f 589/927/637 607/913/640 605/757/560 588/756/530
f 603/928/547 609/915/562 610/916/641 604/929/645
f 604/930/645 610/917/641 608/758/561 602/751/556
f 584/740/545 612/760/563 613/920/643 586/905/636
f 586/905/636 613/920/643 611/931/540 585/725/532
f 594/932/551 615/923/564 616/924/644 595/933/646
f 595/934/646 616/925/644 614/736/541 593/750/555
f 593/750/555 617/729/536 619/935/647 595/934/646
f 595/936/646 619/937/647 618/747/552 594/746/551
f 624/753/558 600/752/557 601/914/639 625/938/648
f 625/939/648 601/911/639 599/745/550 623/748/553
f 602/751/556 626/754/559 628/940/649 604/930/645
f 604/941/645 628/942/649 627/743/548 603/742/547
f 621/730/537 597/749/554 598/922/642 622/943/650
f 622/944/650 598/945/642 596/946/546 620/771/549
f 623/748/553 635/770/573 637/947/651 625/939/648
f 625/938/648 637/948/651 636/773/574 624/753/558
f 639/766/569 627/772/548 628/949/649 640/950/652
f 640/951/652 628/940/649 626/754/559 638/774/575
f 620/771/549 632/765/568 634/952/653 622/944/650
f 622/944/650 634/952/653 633/953/538 621/954/537
f 630/769/572 618/747/552 619/937/647 631/955/654
f 631/955/654 619/937/647 617/956/536 629/957/539
f 629/732/539 642/764/567 643/958/655 631/959/654
f 631/955/654 643/960/655 641/777/578 630/769/572
f 647/775/576 636/773/574 637/948/651 649/961/656
f 649/962/656 637/947/651 635/770/573 648/778/579
f 638/774/575 651/776/577 652/963/657 640/951/652
f 640/950/652 652/964/657 650/767/570 639/766/569
f 644/965/566 633/953/538 634/952/653 646/966/658
f 646/966/658 634/952/653 632/765/568 645/768/571
f 425/719/526 432/720/527 561/712/519 557/711/518
f 654/967/659 717/968/660 721/969/661 657/970/662
f 729/971/663 726/972/664 775/973/665 778/974/666
f 732/975/667 729/971/663 778/974/666 781/976/668
f 735/977/669 732/975/667 781/976/668 784/978/670
f 738/979/671 735/977/669 784/978/670 787/980/672
f 741/981/673 738/979/671 787/980/672 790/982/674
f 744/983/675 741/981/673 790/982/674 793/984/676
f 747/985/677 744/983/675 793/984/676 796/986/678
f 750/987/679 747/985/677 796/986/678 799/988/680
f 753/989/681 750/987/679 799/988/680 802/990/682
f 756/991/683 753/989/681 802/990/682 805/992/684
f 759/993/685 756/991/683 805/992/684 808/994/686
f 762/995/687 759/993/685 808/994/686 811/996/688
f 769/997/689 810/998/690 859/999/691 816/1000/692
f 687/1001/693 751/1002/694 754/1003/695 690/1004/696
f 726/972/664 723/1005/697 772/1006/698 775/973/665
f 718/1007/699 762/995/687 811/996/688 768/1008/700
f 780/1009/701 777/1010/702 826/1011/695 829/1012/703
f 666/1013/704 730/1014/705 733/1015/706 669/1016/707
f 681/1017/708 745/1018/709 748/1019/710 684/1020/711
f 696/1021/712 760/1022/713 763/1023/714 699/1024/715
f 660/1025/716 724/1026/717 727/1027/718 663/1028/719
f 675/1029/720 739/1030/691 742/1031/692 678/1032/721
f 699/1024/715 763/1023/714 717/968/660 654/967/659
f 690/1004/696 754/1003/695 757/1033/703 693/1034/722
f 669/1016/707 733/1015/706 736/1035/723 672/1036/724
f 684/1037/711 748/1038/710 751/1002/694 687/1001/693
f 723/1005/697 720/1039/725 766/1040/726 772/1006/698
f 663/1028/719 727/1027/718 730/1014/705 666/1013/704
f 678/1032/721 742/1031/692 745/1018/709 681/1017/708
f 693/1034/722 757/1033/703 760/1041/713 696/1042/712
f 657/970/662 721/969/661 724/1043/717 660/1044/716
f 672/1045/724 736/1046/723 739/1030/691 675/1029/720
f 771/1047/727 765/1048/728 814/1049/709 820/1050/710
f 804/1051/729 801/1052/730 850/1053/705 853/1054/706
f 783/1055/731 780/1009/701 829/1012/703 832/1056/713
f 807/1057/732 804/1051/729 853/1054/706 856/1058/723
f 786/1059/733 783/1060/731 832/1061/713 835/1062/714
f 810/998/690 807/1063/732 856/1064/723 859/999/691
f 789/1065/734 786/1059/733 835/1062/714 838/1066/660
f 792/1067/735 789/1065/734 838/1066/660 841/1068/661
f 795/1069/736 792/1067/735 841/1068/661 844/1070/717
f 765/1048/728 769/997/689 816/1000/692 814/1049/709
f 777/1010/702 774/1071/737 823/1072/694 826/1011/695
f 798/1073/738 795/1074/736 844/1075/717 847/1076/718
f 774/1071/737 771/1077/727 820/1078/710 823/1072/694
f 801/1052/730 798/1073/738 847/1076/718 850/1053/705
f 654/967/659 657/970/662 658/1079/739 655/1080/740
f 655/1081/740 658/1082/739 656/1083/741 653/1084/742
f 657/970/662 660/1044/716 661/1085/743 658/1079/739
f 658/1082/739 661/1086/743 659/1087/744 656/1083/741
f 660/1025/716 663/1028/719 664/1088/745 661/1089/743
f 661/1086/743 664/1090/745 662/1091/746 659/1087/744
f 663/1028/719 666/1013/704 667/1092/747 664/1088/745
f 664/1090/745 667/1093/747 665/1094/748 662/1091/746
f 666/1013/704 669/1016/707 670/1095/749 667/1092/747
f 667/1093/747 670/1096/749 668/1097/750 665/1094/748
f 669/1016/707 672/1036/724 673/1098/751 670/1095/749
f 670/1096/749 673/1099/751 671/1100/752 668/1097/750
f 672/1045/724 675/1029/720 676/1101/753 673/1102/751
f 673/1099/751 676/1103/753 674/1104/754 671/1100/752
f 675/1029/720 678/1032/721 679/1105/755 676/1101/753
f 676/1103/753 679/1106/755 677/1107/756 674/1104/754
f 678/1032/721 681/1017/708 682/1108/757 679/1105/755
f 679/1106/755 682/1109/757 680/1110/758 677/1107/756
f 681/1017/708 684/1020/711 685/1111/759 682/1108/757
f 682/1109/757 685/1112/759 683/1113/760 680/1110/758
f 684/1037/711 687/1001/693 688/1114/761 685/1115/759
f 685/1112/759 688/1116/761 686/1117/762 683/1113/760
f 687/1001/693 690/1004/696 691/1118/763 688/1114/761
f 688/1116/761 691/1119/763 689/1120/764 686/1117/762
f 690/1004/696 693/1034/722 694/1121/765 691/1118/763
f 691/1119/763 694/1122/765 692/1123/766 689/1120/764
f 693/1034/722 696/1042/712 697/1124/767 694/1121/765
f 694/1122/765 697/1125/767 695/1126/768 692/1123/766
f 696/1021/712 699/1024/715 700/1127/769 697/1128/767
f 697/1125/767 700/1129/769 698/1130/770 695/1126/768
f 699/1024/715 654/967/659 655/1080/740 700/1127/769
f 700/1129/769 655/1081/740 653/1084/742 698/1130/770
f 901/1131/771 904/1132/772 715/1133/773 714/1134/774
f 886/1135/775 889/1136/776 710/1137/777 709/1138/778
f 871/1139/779 874/1140/780 705/1141/781 704/1142/782
f 880/1143/783 883/1144/784 708/1145/785 707/1146/786
f 889/1136/776 892/1147/787 711/1148/788 710/1137/777
f 898/1149/789 901/1131/771 714/1134/774 713/1150/790
f 907/1151/791 864/1152/792 702/1153/793 716/1154/794
f 877/1155/795 880/1143/783 707/1146/786 706/1156/796
f 883/1144/784 886/1135/775 709/1138/778 708/1145/785
f 895/1157/797 898/1149/789 713/1150/790 712/1158/798
f 904/1132/772 907/1151/791 716/1154/794 715/1133/773
f 868/1159/799 871/1139/779 704/1142/782 703/1160/800
f 862/1161/801 868/1159/799 703/1160/800 701/1162/802
f 874/1140/780 877/1155/795 706/1156/796 705/1141/781
f 674/1104/803 677/1107/804 885/1163/805 882/1164/806
f 892/1147/787 895/1157/797 712/1158/798 711/1148/788
f 702/1153/793 701/1162/802 703/1160/800 704/1142/782 705/1141/781 706/1156/796 707/1146/786 708/1145/785 709/1138/778 710/1137/777 711/1148/788 712/1158/798 713/1150/790 714/1134/774 715/1133/773 716/1154/794
f 653/1084/807 656/1083/808 861/1165/809 865/1166/810
f 698/1130/811 653/1084/807 865/1166/810 906/1167/812
f 677/1107/804 680/1110/813 888/1168/814 885/1163/805
f 656/1083/808 659/1087/815 867/1169/816 861/1165/809
f 680/1110/813 683/1113/817 891/1170/818 888/1168/814
f 659/1087/815 662/1091/819 870/1171/820 867/1169/816
f 683/1113/817 686/1117/821 894/1172/822 891/1170/818
f 662/1091/819 665/1094/823 873/1173/824 870/1171/820
f 686/1117/821 689/1120/825 897/1174/826 894/1172/822
f 665/1094/823 668/1097/827 876/1175/828 873/1173/824
f 689/1120/825 692/1123/829 900/1176/830 897/1174/826
f 668/1097/827 671/1100/831 879/1177/832 876/1175/828
f 692/1123/829 695/1126/833 903/1178/834 900/1176/830
f 671/1100/831 674/1104/803 882/1164/806 879/1177/832
f 695/1126/833 698/1130/811 906/1167/812 903/1178/834
f 721/969/661 717/968/660 719/1179/835 722/1180/836
f 722/1181/837 719/1182/838 718/1007/699 720/1039/725
f 724/1043/717 721/969/661 722/1180/836 725/1183/839
f 725/1184/840 722/1181/837 720/1039/725 723/1005/697
f 727/1027/718 724/1026/717 725/1185/839 728/1186/841
f 728/1187/841 725/1184/840 723/1005/697 726/972/664
f 730/1014/705 727/1027/718 728/1186/841 731/1188/842
f 731/1189/842 728/1187/841 726/972/664 729/971/663
f 733/1015/706 730/1014/705 731/1188/842 734/1190/843
f 734/1191/843 731/1189/842 729/971/663 732/975/667
f 736/1035/723 733/1015/706 734/1190/843 737/1192/844
f 737/1193/844 734/1191/843 732/975/667 735/977/669
f 739/1030/691 736/1046/723 737/1194/844 740/1195/845
f 740/1196/845 737/1193/844 735/977/669 738/979/671
f 742/1031/692 739/1030/691 740/1195/845 743/1197/846
f 743/1198/846 740/1196/845 738/979/671 741/981/673
f 745/1018/709 742/1031/692 743/1197/846 746/1199/847
f 746/1200/847 743/1198/846 741/981/673 744/983/675
f 748/1019/710 745/1018/709 746/1199/847 749/1201/848
f 749/1202/848 746/1200/847 744/983/675 747/985/677
f 751/1002/694 748/1038/710 749/1203/848 752/1204/849
f 752/1205/849 749/1202/848 747/985/677 750/987/679
f 754/1003/695 751/1002/694 752/1204/849 755/1206/850
f 755/1207/851 752/1205/849 750/987/679 753/989/681
f 757/1033/703 754/1003/695 755/1206/850 758/1208/852
f 758/1209/853 755/1207/851 753/989/681 756/991/683
f 760/1041/713 757/1033/703 758/1208/852 761/1210/854
f 761/1211/855 758/1209/853 756/991/683 759/993/685
f 763/1023/714 760/1022/713 761/1212/854 764/1213/856
f 764/1214/857 761/1211/855 759/993/685 762/995/687
f 717/968/660 763/1023/714 764/1213/856 719/1179/835
f 719/1182/838 764/1214/857 762/995/687 718/1007/699
f 766/1040/726 768/1008/700 770/1215/858 767/1216/859
f 767/1217/859 770/1218/858 769/997/689 765/1048/728
f 772/1006/698 766/1040/726 767/1216/859 773/1219/860
f 773/1220/860 767/1217/859 765/1048/728 771/1047/727
f 775/973/665 772/1006/698 773/1219/860 776/1221/861
f 776/1222/861 773/1223/860 771/1077/727 774/1071/737
f 778/974/666 775/973/665 776/1221/861 779/1224/862
f 779/1225/862 776/1222/861 774/1071/737 777/1010/702
f 781/976/668 778/974/666 779/1224/862 782/1226/863
f 782/1227/863 779/1225/862 777/1010/702 780/1009/701
f 784/978/670 781/976/668 782/1226/863 785/1228/864
f 785/1229/864 782/1227/863 780/1009/701 783/1055/731
f 787/980/672 784/978/670 785/1228/864 788/1230/865
f 788/1231/865 785/1232/864 783/1060/731 786/1059/733
f 790/982/674 787/980/672 788/1230/865 791/1233/866
f 791/1234/866 788/1231/865 786/1059/733 789/1065/734
f 793/984/676 790/982/674 791/1233/866 794/1235/867
f 794/1236/867 791/1234/866 789/1065/734 792/1067/735
f 796/986/678 793/984/676 794/1235/867 797/1237/840
f 797/1238/868 794/1236/867 792/1067/735 795/1069/736
f 799/988/680 796/986/678 797/1237/840 800/1239/869
f 800/1240/870 797/1241/868 795/1074/736 798/1073/738
f 802/990/682 799/988/680 800/1239/869 803/1242/871
f 803/1243/871 800/1240/870 798/1073/738 801/1052/730
f 805/992/684 802/990/682 803/1242/871 806/1244/872
f 806/1245/872 803/1243/871 801/1052/730 804/1051/729
f 808/994/686 805/992/684 806/1244/872 809/1246/873
f 809/1247/873 806/1245/872 804/1051/729 807/1057/732
f 811/996/688 808/994/686 809/1246/873 812/1248/874
f 812/1249/874 809/1250/873 807/1063/732 810/998/690
f 768/1008/700 811/996/688 812/1248/874 770/1215/858
f 770/1218/858 812/1249/874 810/998/690 769/997/689
f 720/1039/725 718/1007/699 768/1008/700 766/1040/726
f 814/1049/709 816/1000/692 818/1251/875 815/1252/876
f 815/1253/876 818/1254/875 817/1255/877 813/1256/878
f 820/1050/710 814/1049/709 815/1252/876 821/1257/879
f 821/1258/879 815/1253/876 813/1256/878 819/1259/880
f 823/1072/694 820/1078/710 821/1260/879 824/1261/881
f 824/1262/881 821/1258/879 819/1259/880 822/1263/882
f 826/1011/695 823/1072/694 824/1261/881 827/1264/883
f 827/1265/883 824/1262/881 822/1263/882 825/1266/884
f 829/1012/703 826/1011/695 827/1264/883 830/1267/885
f 830/1268/885 827/1265/883 825/1266/884 828/1269/886
f 832/1056/713 829/1012/703 830/1267/885 833/1270/887
f 833/1271/887 830/1268/885 828/1269/886 831/1272/888
f 835/1062/714 832/1061/713 833/1273/887 836/1274/889
f 836/1275/889 833/1271/887 831/1272/888 834/1276/890
f 838/1066/660 835/1062/714 836/1274/889 839/1277/891
f 839/1278/891 836/1275/889 834/1276/890 837/1279/892
f 841/1068/661 838/1066/660 839/1277/891 842/1280/893
f 842/1281/893 839/1278/891 837/1279/892 840/1282/894
f 844/1070/717 841/1068/661 842/1280/893 845/1283/895
f 845/1284/895 842/1281/893 840/1282/894 843/1285/896
f 847/1076/718 844/1075/717 845/1286/895 848/1287/897
f 848/1288/897 845/1284/895 843/1285/896 846/1289/898
f 850/1053/705 847/1076/718 848/1287/897 851/1290/899
f 851/1291/899 848/1288/897 846/1289/898 849/1292/900
f 853/1054/706 850/1053/705 851/1290/899 854/1293/901
f 854/1294/901 851/1291/899 849/1292/900 852/1295/902
f 856/1058/723 853/1054/706 854/1293/901 857/1296/903
f 857/1297/903 854/1294/901 852/1295/902 855/1298/904
f 859/999/691 856/1064/723 857/1299/903 860/1300/905
f 860/1301/905 857/1297/903 855/1298/904 858/1302/906
f 816/1000/692 859/999/691 860/1300/905 818/1251/875
f 818/1254/875 860/1301/905 858/1302/906 817/1255/877
f 813/1256/878 817/1255/877 858/1302/906 855/1298/904 852/1295/902 849/1292/900 846/1289/898 843/1285/896 840/1282/894 837/1279/892 834/1276/890 831/1272/888 828/1269/886 825/1266/884 822/1263/882 819/1259/880
f 862/1161/801 864/1152/792 866/1303/907 863/1304/908
f 863/1304/908 866/1303/907 865/1166/810 861/1165/809
f 868/1159/799 862/1161/801 863/1304/908 869/1305/909
f 869/1305/909 863/1304/908 861/1165/809 867/1169/816
f 871/1139/779 868/1159/799 869/1305/909 872/1306/910
f 872/1306/910 869/1305/909 867/1169/816 870/1171/820
f 874/1140/780 871/1139/779 872/1306/910 875/1307/911
f 875/1307/911 872/1306/910 870/1171/820 873/1173/824
f 877/1155/795 874/1140/780 875/1307/911 878/1308/912
f 878/1308/912 875/1307/911 873/1173/824 876/1175/828
f 880/1143/783 877/1155/795 878/1308/912 881/1309/913
f 881/1309/913 878/1308/912 876/1175/828 879/1177/832
f 883/1144/784 880/1143/783 881/1309/913 884/1310/914
f 884/1310/914 881/1309/913 879/1177/832 882/1164/806
f 886/1135/775 883/1144/784 884/1310/914 887/1311/915
f 887/1311/915 884/1310/914 882/1164/806 885/1163/805
f 889/1136/776 886/1135/775 887/1311/915 890/1312/916
f 890/1312/916 887/1311/915 885/1163/805 888/1168/814
f 892/1147/787 889/1136/776 890/1312/916 893/1313/917
f 893/1313/917 890/1312/916 888/1168/814 891/1170/818
f 895/1157/797 892/1147/787 893/1313/917 896/1314/918
f 896/1314/918 893/1313/917 891/1170/818 894/1172/822
f 898/1149/789 895/1157/797 896/1314/918 899/1315/919
f 899/1315/919 896/1314/918 894/1172/822 897/1174/826
f 901/1131/771 898/1149/789 899/1315/919 902/1316/920
f 902/1316/920 899/1315/919 897/1174/826 900/1176/830
f 904/1132/772 901/1131/771 902/1316/920 905/1317/921
f 905/1317/921 902/1316/920 900/1176/830 903/1178/834
f 907/1151/791 904/1132/772 905/1317/921 908/1318/922
f 908/1318/922 905/1317/921 903/1178/834 906/1167/812
f 864/1152/792 907/1151/791 908/1318/922 866/1303/907
f 866/1303/907 908/1318/922 906/1167/812 865/1166/810
f 864/1152/792 862/1161/801 701/1162/802 702/1153/793
f 921/1319/923 925/1320/924 912/1321/925 910/1322/926
f 915/1323/927 928/1324/928 1051/1325/929 1044/1326/930
f 924/1327/931 931/1328/932 943/1329/933 939/1330/934
f 921/1319/923 910/1322/926 1042/1331/935 1047/1332/936
f 918/1333/937 913/1334/938 934/1335/939 936/1336/940
f 927/1337/941 922/1338/942 1048/1339/943 1050/1340/944
f 972/1341/945 970/1342/946 982/1343/947 984/1344/948
f 936/1336/940 934/1335/939 963/1345/949 966/1346/950
f 912/1321/925 925/1320/924 940/1347/951 933/1348/952
f 915/1323/927 919/1349/953 930/1350/954 928/1324/928
f 964/1351/955 961/1352/956 952/1353/957 945/1354/958
f 945/1354/958 952/1353/957 976/1355/959 969/1356/960
f 954/1357/961 949/1358/962 973/1359/963 978/1360/964
f 951/1361/965 955/1362/966 979/1363/967 975/1364/968
f 939/1330/934 943/1329/933 957/1365/969 960/1366/970
f 942/1367/971 937/1368/972 967/1369/973 958/1370/974
f 933/1348/952 940/1347/951 961/1352/956 964/1351/955
f 948/1371/975 946/1372/976 970/1373/946 972/1374/945
f 984/1344/948 982/1343/947 994/1375/977 996/1376/978
f 958/1370/974 967/1369/973 949/1358/962 954/1357/961
f 960/1366/970 957/1365/969 955/1362/966 951/1361/965
f 966/1346/950 963/1345/949 946/1372/976 948/1371/975
f 990/1377/979 985/1378/980 997/1379/981 1002/1380/982
f 969/1356/960 976/1355/959 988/1381/983 981/1382/984
f 978/1360/964 973/1359/963 985/1378/980 990/1377/979
f 975/1383/968 979/1384/967 991/1385/985 987/1386/986
f 1008/1387/987 1006/1388/988 1018/1389/989 1020/1390/990
f 987/1386/986 991/1385/985 1003/1391/991 999/1392/992
f 996/1376/978 994/1375/977 1006/1393/988 1008/1394/987
f 981/1382/984 988/1381/983 1000/1395/993 993/1396/994
f 1005/1397/995 1012/1398/996 1024/1399/997 1017/1400/998
f 993/1396/994 1000/1395/993 1012/1398/996 1005/1397/995
f 1002/1380/982 997/1379/981 1009/1401/999 1014/1402/1000
f 999/1392/992 1003/1391/991 1015/1403/1001 1011/1404/1002
f 1026/1405/1003 1021/1406/1004 1032/1407/1005 1039/1408/1006
f 1014/1402/1000 1009/1401/999 1021/1406/1004 1026/1405/1003
f 1011/1404/1002 1015/1403/1001 1027/1409/1007 1023/1410/1008
f 1020/1411/990 1018/1412/989 1029/1413/1009 1033/1414/1010
f 1023/1410/1008 1027/1409/1007 1038/1415/1011 1036/1416/1012
f 1041/1417/1013 1045/1418/1014 1057/1419/1015 1053/1420/1016
f 1017/1400/998 1024/1399/997 1035/1421/1017 1030/1422/1018
f 1044/1326/930 1051/1325/929 1063/1423/1019 1056/1424/1020
f 930/1350/954 919/1349/953 937/1368/972 942/1367/971
f 909/1425/1021 913/1334/938 918/1333/937 916/1426/1022
f 927/1337/941 931/1328/932 924/1327/931 922/1338/942
f 1062/1427/1023 1060/1428/1024 1072/1429/1025 1074/1430/1026
f 1050/1340/944 1048/1339/943 1060/1428/1024 1062/1427/1023
f 1053/1420/1016 1057/1419/1015 1069/1431/1027 1065/1432/1028
f 1047/1332/936 1042/1331/935 1054/1433/1029 1059/1434/1030
f 1101/1435/1031 1105/1436/1032 1117/1437/1033 1113/1438/1034
f 1065/1439/1028 1069/1440/1027 1095/1441/1035 1098/1442/1036
f 1059/1434/1030 1054/1433/1029 1066/1443/1037 1071/1444/1038
f 1056/1424/1020 1063/1423/1019 1075/1445/1039 1068/1446/1040
f 1080/1447/1041 1087/1448/1042 1111/1449/1043 1104/1450/1044
f 1083/1451/1045 1078/1452/1046 1102/1453/1047 1107/1454/1048
f 1098/1442/1036 1095/1441/1035 1081/1455/1049 1077/1456/1050
f 1086/1457/1051 1084/1458/1052 1108/1459/1053 1110/1460/1054
f 1074/1461/1026 1072/1462/1025 1089/1463/1055 1092/1464/1056
f 1068/1446/1040 1075/1445/1039 1093/1465/1057 1096/1466/1058
f 1071/1444/1038 1066/1443/1037 1099/1467/1059 1090/1468/1060
f 1077/1456/1050 1081/1455/1049 1105/1436/1032 1101/1435/1031
f 1113/1438/1034 1117/1437/1033 1128/1469/1061 1126/1470/1062
f 1096/1466/1058 1093/1465/1057 1087/1448/1042 1080/1447/1041
f 1092/1464/1056 1089/1463/1055 1084/1458/1052 1086/1457/1051
f 1090/1468/1060 1099/1467/1059 1078/1452/1046 1083/1451/1045
f 1116/1471/1063 1123/1472/1064 1134/1473/1065 1129/1474/1066
f 1107/1454/1048 1102/1453/1047 1114/1475/1067 1119/1476/1068
f 1104/1450/1044 1111/1449/1043 1123/1472/1064 1116/1471/1063
f 1110/1460/1054 1108/1459/1053 1120/1477/1069 1122/1478/1070
f 1122/1478/1070 1120/1477/1069 1131/1479/1071 1135/1480/1072
f 1119/1476/1068 1114/1475/1067 1125/1481/1073 1132/1482/1074
f 910/1322/926 912/1321/925 914/1483/1075 911/1484/1076
f 911/1485/1077 914/1486/1075 913/1334/938 909/1425/1021
f 919/1349/953 915/1323/927 917/1487/1078 920/1488/1079
f 920/1489/1079 917/1490/1080 916/1426/1022 918/1333/937
f 931/1328/932 927/1337/941 929/1491/1081 932/1492/1082
f 932/1493/1082 929/1494/1083 928/1324/928 930/1350/954
f 925/1320/924 921/1319/923 923/1495/1084 926/1496/1085
f 926/1497/1085 923/1498/1086 922/1338/942 924/1327/931
f 918/1333/937 936/1336/940 938/1499/1087 920/1489/1079
f 920/1488/1079 938/1500/1087 937/1368/972 919/1349/953
f 943/1329/933 931/1328/932 932/1492/1082 944/1501/1088
f 944/1502/1088 932/1493/1082 930/1350/954 942/1367/971
f 940/1347/951 925/1320/924 926/1496/1085 941/1503/1089
f 941/1504/1089 926/1497/1085 924/1327/931 939/1330/934
f 912/1321/925 933/1348/952 935/1505/1090 914/1483/1075
f 914/1486/1075 935/1506/1090 934/1335/939 913/1334/938
f 958/1370/974 954/1357/961 956/1507/1091 959/1508/1092
f 959/1509/1092 956/1510/1091 955/1362/966 957/1365/969
f 961/1352/956 940/1347/951 941/1503/1089 962/1511/1093
f 962/1512/1093 941/1504/1089 939/1330/934 960/1366/970
f 964/1351/955 945/1354/958 947/1513/1094 965/1514/1095
f 965/1515/1095 947/1516/1094 946/1372/976 963/1345/949
f 967/1369/973 937/1368/972 938/1500/1087 968/1517/1096
f 968/1518/1096 938/1499/1087 936/1336/940 966/1346/950
f 942/1367/971 958/1370/974 959/1508/1092 944/1502/1088
f 944/1501/1088 959/1509/1092 957/1365/969 943/1329/933
f 952/1353/957 961/1352/956 962/1511/1093 953/1519/1097
f 953/1520/1097 962/1512/1093 960/1366/970 951/1361/965
f 933/1348/952 964/1351/955 965/1514/1095 935/1505/1090
f 935/1506/1090 965/1515/1095 963/1345/949 934/1335/939
f 949/1358/962 967/1369/973 968/1517/1096 950/1521/1098
f 950/1522/1098 968/1518/1096 966/1346/950 948/1371/975
f 951/1361/965 975/1364/968 977/1523/1099 953/1520/1097
f 953/1519/1097 977/1524/1099 976/1355/959 952/1353/957
f 970/1342/946 946/1525/976 947/1526/1094 971/1527/1100
f 971/1528/1100 947/1513/1094 945/1354/958 969/1356/960
f 948/1371/975 972/1374/945 974/1529/1101 950/1522/1098
f 950/1521/1098 974/1530/1101 973/1359/963 949/1358/962
f 979/1363/967 955/1362/966 956/1510/1091 980/1531/1102
f 980/1532/1102 956/1507/1091 954/1357/961 978/1360/964
f 978/1360/964 990/1377/979 992/1533/1103 980/1532/1102
f 980/1534/1102 992/1535/1103 991/1385/985 979/1384/967
f 988/1381/983 976/1355/959 977/1524/1099 989/1536/1104
f 989/1537/1104 977/1538/1099 975/1383/968 987/1386/986
f 969/1356/960 981/1382/984 983/1539/1105 971/1528/1100
f 971/1527/1100 983/1540/1105 982/1343/947 970/1342/946
f 985/1378/980 973/1359/963 974/1530/1101 986/1541/1106
f 986/1542/1106 974/1543/1101 972/1341/945 984/1344/948
f 987/1386/986 999/1392/992 1001/1544/1107 989/1537/1104
f 989/1536/1104 1001/1545/1107 1000/1395/993 988/1381/983
f 994/1375/977 982/1343/947 983/1540/1105 995/1546/1108
f 995/1547/1108 983/1539/1105 981/1382/984 993/1396/994
f 984/1344/948 996/1376/978 998/1548/1109 986/1542/1106
f 986/1541/1106 998/1549/1109 997/1379/981 985/1378/980
f 1003/1391/991 991/1385/985 992/1535/1103 1004/1550/1110
f 1004/1551/1110 992/1533/1103 990/1377/979 1002/1380/982
f 1002/1380/982 1014/1402/1000 1016/1552/1111 1004/1551/1110
f 1004/1550/1110 1016/1553/1111 1015/1403/1001 1003/1391/991
f 1012/1398/996 1000/1395/993 1001/1545/1107 1013/1554/1112
f 1013/1555/1112 1001/1544/1107 999/1392/992 1011/1404/1002
f 993/1396/994 1005/1397/995 1007/1556/1113 995/1547/1108
f 995/1546/1108 1007/1557/1113 1006/1393/988 994/1375/977
f 1009/1401/999 997/1379/981 998/1549/1109 1010/1558/1114
f 1010/1559/1114 998/1548/1109 996/1376/978 1008/1394/987
f 1005/1560/995 1017/1561/998 1019/1562/1115 1007/1563/1113
f 1007/1563/1113 1019/1562/1115 1018/1389/989 1006/1388/988
f 1021/1564/1004 1009/1565/999 1010/1566/1114 1022/1567/1116
f 1022/1567/1116 1010/1566/1114 1008/1387/987 1020/1390/990
f 1011/1404/1002 1023/1410/1008 1025/1568/1117 1013/1555/1112
f 1013/1569/1112 1025/1570/1117 1024/1571/997 1012/1572/996
f 1027/1409/1007 1015/1403/1001 1016/1553/1111 1028/1573/1118
f 1028/1574/1118 1016/1575/1111 1014/1576/1000 1026/1577/1003
f 1023/1410/1008 1036/1416/1012 1037/1578/1119 1025/1568/1117
f 1025/1579/1117 1037/1580/1119 1035/1421/1017 1024/1399/997
f 1029/1413/1009 1018/1412/989 1019/1581/1115 1031/1582/1120
f 1031/1583/1120 1019/1562/1115 1017/1561/998 1030/1584/1018
f 1020/1390/990 1033/1585/1010 1034/1586/1121 1022/1567/1116
f 1022/1587/1116 1034/1588/1121 1032/1407/1005 1021/1406/1004
f 1038/1415/1011 1027/1409/1007 1028/1573/1118 1040/1589/1122
f 1040/1590/1122 1028/1591/1118 1026/1405/1003 1039/1408/1006
f 909/1425/1021 1041/1417/1013 1043/1592/1123 911/1485/1077
f 911/1484/1076 1043/1593/1123 1042/1331/935 910/1322/926
f 1048/1339/943 922/1338/942 923/1498/1086 1049/1594/1124
f 1049/1595/1124 923/1495/1084 921/1319/923 1047/1332/936
f 927/1337/941 1050/1340/944 1052/1596/1125 929/1491/1081
f 929/1494/1083 1052/1597/1125 1051/1325/929 928/1324/928
f 1045/1418/1014 916/1426/1022 917/1490/1080 1046/1598/1126
f 1046/1599/1126 917/1487/1078 915/1323/927 1044/1326/930
f 1041/1417/1013 1053/1420/1016 1055/1600/1127 1043/1592/1123
f 1043/1593/1123 1055/1601/1127 1054/1433/1029 1042/1331/935
f 1060/1428/1024 1048/1339/943 1049/1594/1124 1061/1602/1128
f 1061/1603/1128 1049/1595/1124 1047/1332/936 1059/1434/1030
f 1050/1340/944 1062/1427/1023 1064/1604/1129 1052/1596/1125
f 1052/1597/1125 1064/1605/1129 1063/1423/1019 1051/1325/929
f 1057/1419/1015 1045/1418/1014 1046/1598/1126 1058/1606/1130
f 1058/1607/1130 1046/1599/1126 1044/1326/930 1056/1424/1020
f 1062/1427/1023 1074/1430/1026 1076/1608/1131 1064/1604/1129
f 1064/1605/1129 1076/1609/1131 1075/1445/1039 1063/1423/1019
f 1069/1431/1027 1057/1419/1015 1058/1606/1130 1070/1610/1132
f 1070/1611/1132 1058/1607/1130 1056/1424/1020 1068/1446/1040
f 1059/1434/1030 1071/1444/1038 1073/1612/1133 1061/1603/1128
f 1061/1602/1128 1073/1613/1133 1072/1429/1025 1060/1428/1024
f 1066/1443/1037 1054/1433/1029 1055/1601/1127 1067/1614/1134
f 1067/1615/1134 1055/1600/1127 1053/1420/1016 1065/1432/1028
f 1090/1468/1060 1083/1451/1045 1085/1616/1135 1091/1617/1136
f 1091/1618/1136 1085/1619/1135 1084/1458/1052 1089/1463/1055
f 1093/1465/1057 1075/1445/1039 1076/1609/1131 1094/1620/1137
f 1094/1621/1137 1076/1622/1131 1074/1461/1026 1092/1464/1056
f 1096/1466/1058 1080/1447/1041 1082/1623/1138 1097/1624/1139
f 1097/1625/1139 1082/1626/1138 1081/1455/1049 1095/1441/1035
f 1099/1467/1059 1066/1443/1037 1067/1614/1134 1100/1627/1140
f 1100/1628/1140 1067/1629/1134 1065/1439/1028 1098/1442/1036
f 1071/1444/1038 1090/1468/1060 1091/1617/1136 1073/1612/1133
f 1073/1630/1133 1091/1618/1136 1089/1463/1055 1072/1462/1025
f 1087/1448/1042 1093/1465/1057 1094/1620/1137 1088/1631/1141
f 1088/1632/1141 1094/1621/1137 1092/1464/1056 1086/1457/1051
f 1068/1446/1040 1096/1466/1058 1097/1624/1139 1070/1611/1132
f 1070/1633/1132 1097/1625/1139 1095/1441/1035 1069/1440/1027
f 1078/1452/1046 1099/1467/1059 1100/1627/1140 1079/1634/1142
f 1079/1635/1142 1100/1628/1140 1098/1442/1036 1077/1456/1050
f 1077/1456/1050 1101/1435/1031 1103/1636/1143 1079/1635/1142
f 1079/1634/1142 1103/1637/1143 1102/1453/1047 1078/1452/1046
f 1108/1459/1053 1084/1458/1052 1085/1619/1135 1109/1638/1144
f 1109/1639/1144 1085/1616/1135 1083/1451/1045 1107/1454/1048
f 1086/1457/1051 1110/1460/1054 1112/1640/1145 1088/1632/1141
f 1088/1631/1141 1112/1641/1145 1111/1449/1043 1087/1448/1042
f 1105/1436/1032 1081/1455/1049 1082/1626/1138 1106/1642/1146
f 1106/1643/1146 1082/1623/1138 1080/1447/1041 1104/1450/1044
f 1107/1454/1048 1119/1476/1068 1121/1644/1147 1109/1639/1144
f 1109/1638/1144 1121/1645/1147 1120/1477/1069 1108/1459/1053
f 1123/1472/1064 1111/1449/1043 1112/1641/1145 1124/1646/1148
f 1124/1647/1148 1112/1640/1145 1110/1460/1054 1122/1478/1070
f 1104/1450/1044 1116/1471/1063 1118/1648/1149 1106/1643/1146
f 1106/1649/1146 1118/1650/1149 1117/1651/1033 1105/1652/1032
f 1114/1475/1067 1102/1453/1047 1103/1637/1143 1115/1653/1150
f 1115/1654/1150 1103/1655/1143 1101/1656/1031 1113/1657/1034
f 1113/1657/1034 1126/1658/1062 1127/1659/1151 1115/1654/1150
f 1115/1654/1150 1127/1659/1151 1125/1660/1073 1114/1661/1067
f 1131/1479/1071 1120/1477/1069 1121/1645/1147 1133/1662/1152
f 1133/1663/1152 1121/1644/1147 1119/1476/1068 1132/1482/1074
f 1122/1478/1070 1135/1480/1072 1136/1664/1153 1124/1647/1148
f 1124/1646/1148 1136/1665/1153 1134/1473/1065 1123/1472/1064
f 1128/1469/1061 1117/1437/1033 1118/1666/1149 1130/1667/1154
f 1130/1668/1154 1118/1648/1149 1116/1471/1063 1129/1474/1066
f 909/1425/1021 916/1426/1022 1045/1418/1014 1041/1417/1013
f 1243/1669/1155 1247/1670/1156 1156/1671/1157 1154/1672/1158
f 1160/1673/1159 1166/1674/1160 1149/1675/1161 1150/1676/1162
f 1166/1674/1160 1172/1677/1163 1144/1678/1164 1149/1675/1161
f 1172/1677/1163 1178/1679/1165 1143/1680/1166 1144/1678/1164
f 1178/1679/1165 1184/1681/1167 1138/1682/1168 1143/1680/1166
f 1184/1681/1167 1190/1683/1169 1137/1684/1170 1138/1682/1168
f 1190/1683/1169 1196/1685/1171 1151/1686/1172 1137/1684/1170
f 1196/1685/1171 1202/1687/1173 1146/1688/1174 1151/1686/1172
f 1202/1687/1173 1208/1689/1175 1145/1690/1176 1146/1688/1174
f 1208/1689/1175 1214/1691/1177 1140/1692/1178 1145/1690/1176
f 1214/1691/1177 1220/1693/1179 1139/1694/1180 1140/1692/1178
f 1220/1693/1179 1226/1695/1181 1152/1696/1182 1139/1694/1180
f 1226/1695/1181 1232/1697/1183 1148/1698/1184 1152/1696/1182
f 1232/1697/1183 1238/1699/1185 1147/1700/1186 1148/1698/1184
f 1189/1701/1187 1193/1702/1188 1199/1703/1189 1195/1704/1190
f 1238/1699/1185 1244/1705/1191 1142/1706/1192 1147/1700/1186
f 1244/1705/1191 1153/1707/1193 1141/1708/1194 1142/1706/1192
f 1415/1709/1195 1418/1710/1196 1465/1711/1197 1462/1712/1198
f 1198/1713/1199 1192/1714/1200 1268/1715/1201 1271/1716/1202
f 1219/1717/1203 1223/1718/1204 1229/1719/1205 1225/1720/1206
f 1159/1721/1207 1163/1722/1208 1169/1723/1209 1165/1724/1210
f 1177/1725/1211 1181/1726/1212 1187/1727/1213 1183/1728/1214
f 1207/1729/1215 1211/1730/1216 1217/1731/1217 1213/1732/1218
f 1237/1733/1219 1241/1734/1220 1247/1670/1156 1243/1669/1155
f 1165/1735/1210 1169/1736/1209 1175/1737/1221 1171/1738/1222
f 1195/1704/1190 1199/1703/1189 1205/1739/1223 1201/1740/1224
f 1225/1720/1206 1229/1719/1205 1235/1741/1225 1231/1742/1226
f 1183/1728/1214 1187/1727/1213 1193/1743/1188 1189/1744/1187
f 1213/1745/1218 1217/1746/1217 1223/1718/1204 1219/1717/1203
f 1171/1738/1222 1175/1737/1221 1181/1726/1212 1177/1725/1211
f 1201/1740/1224 1205/1739/1223 1211/1730/1216 1207/1729/1215
f 1174/1747/1227 1168/1748/1228 1256/1749/1229 1259/1750/1230
f 1231/1742/1226 1235/1741/1225 1241/1751/1220 1237/1752/1219
f 1255/1753/1231 1249/1754/1232 1298/1755/1233 1304/1756/1234
f 1246/1757/1235 1240/1758/1236 1292/1759/1237 1295/1760/1238
f 1204/1761/1239 1198/1713/1199 1271/1716/1202 1274/1762/1240
f 1210/1763/1241 1204/1761/1239 1274/1762/1240 1277/1764/1242
f 1168/1748/1228 1162/1765/1243 1250/1766/1244 1256/1749/1229
f 1157/1767/1245 1246/1757/1235 1295/1760/1238 1252/1768/1246
f 1216/1769/1247 1210/1763/1241 1277/1764/1242 1280/1770/1248
f 1258/1771/1249 1255/1753/1231 1304/1756/1234 1307/1772/1250
f 1222/1773/1251 1216/1769/1247 1280/1770/1248 1283/1774/1252
f 1180/1775/1253 1174/1747/1227 1259/1750/1230 1262/1776/1254
f 1228/1777/1255 1222/1773/1251 1283/1774/1252 1286/1778/1256
f 1186/1779/1257 1180/1775/1253 1262/1776/1254 1265/1780/1258
f 1234/1781/1259 1228/1777/1255 1286/1778/1256 1289/1782/1260
f 1192/1714/1200 1186/1779/1257 1265/1780/1258 1268/1715/1201
f 1240/1758/1236 1234/1781/1259 1289/1782/1260 1292/1759/1237
f 1427/1783/1261 1430/1784/1262 1477/1785/1263 1474/1786/1264
f 1430/1784/1262 1433/1787/1265 1480/1788/1266 1477/1785/1263
f 1141/1708/1194 1150/1676/1162 1348/1789/1267 1346/1790/1268
f 1409/1791/1269 1412/1792/1270 1459/1793/1271 1456/1794/1272
f 1145/1690/1176 1140/1692/1178 1375/1795/1273 1372/1796/1274
f 1445/1797/1275 1448/1798/1276 1495/1799/1277 1492/1800/1278
f 1403/1801/1279 1406/1802/1280 1453/1803/1281 1450/1804/1282
f 1418/1710/1196 1421/1805/1283 1468/1806/1284 1465/1711/1197
f 1433/1787/1265 1436/1807/1285 1483/1808/1286 1480/1788/1266
f 1412/1792/1270 1415/1709/1195 1462/1712/1198 1459/1793/1271
f 1424/1809/1287 1427/1783/1261 1474/1786/1264 1471/1810/1288
f 1406/1802/1280 1409/1791/1269 1456/1794/1272 1453/1803/1281
f 1421/1805/1283 1424/1809/1287 1471/1810/1288 1468/1806/1284
f 1439/1811/1289 1393/1812/1290 1442/1813/1291 1486/1814/1292
f 1436/1807/1285 1439/1811/1289 1486/1814/1292 1483/1808/1286
f 1388/1815/1293 1391/1816/1294 1438/1817/1295 1435/1818/1296
f 1149/1675/1161 1144/1678/1164 1354/1819/1297 1351/1820/1298
f 1140/1692/1178 1139/1694/1180 1378/1821/1299 1375/1795/1273
f 1144/1678/1164 1143/1680/1166 1357/1822/1300 1354/1819/1297
f 1139/1694/1180 1152/1696/1182 1381/1823/1301 1378/1821/1299
f 1143/1680/1166 1138/1682/1168 1360/1824/1302 1357/1822/1300
f 1152/1696/1182 1148/1698/1184 1384/1825/1303 1381/1823/1301
f 1138/1682/1168 1137/1684/1170 1363/1826/1304 1360/1824/1302
f 1148/1698/1184 1147/1700/1186 1387/1827/1305 1384/1825/1303
f 1137/1684/1170 1151/1686/1172 1366/1828/1306 1363/1826/1304
f 1147/1700/1186 1142/1706/1192 1390/1829/1307 1387/1827/1305
f 1151/1686/1172 1146/1688/1174 1369/1830/1308 1366/1828/1306
f 1142/1706/1192 1141/1708/1194 1346/1790/1268 1390/1829/1307
f 1400/1831/1309 1403/1801/1279 1450/1804/1282 1447/1832/1310
f 1146/1688/1174 1145/1690/1176 1372/1796/1274 1369/1830/1308
f 1150/1676/1162 1149/1675/1161 1351/1820/1298 1348/1789/1267
f 1484/1833/1311 1487/1834/1312 1534/1835/1313 1531/1836/1314
f 1367/1837/1315 1370/1838/1316 1417/1839/1317 1414/1840/1313
f 1391/1816/1294 1345/1841/1318 1394/1842/1319 1438/1817/1295
f 1397/1843/1320 1400/1831/1309 1447/1832/1310 1444/1844/1321
f 1370/1838/1316 1373/1845/1322 1420/1846/1278 1417/1839/1317
f 1349/1847/1323 1352/1848/1324 1399/1849/1325 1396/1850/1326
f 1373/1845/1322 1376/1851/1327 1423/1852/1277 1420/1846/1278
f 1352/1853/1324 1355/1854/1328 1402/1855/1329 1399/1856/1325
f 1376/1857/1327 1379/1858/1330 1426/1859/1331 1423/1860/1277
f 1355/1854/1328 1358/1861/1332 1405/1862/1333 1402/1855/1329
f 1379/1858/1330 1382/1863/1334 1429/1864/1335 1426/1859/1331
f 1358/1861/1332 1361/1865/1336 1408/1866/1337 1405/1862/1333
f 1382/1863/1334 1385/1867/1338 1432/1868/1339 1429/1864/1335
f 1361/1865/1336 1364/1869/1340 1411/1870/1314 1408/1866/1337
f 1385/1867/1338 1388/1871/1293 1435/1872/1296 1432/1868/1339
f 1364/1873/1340 1367/1837/1315 1414/1840/1313 1411/1874/1314
f 1487/1834/1312 1441/1875/1341 1490/1876/1317 1534/1835/1313
f 1463/1877/1342 1466/1878/1343 1513/1879/1319 1510/1880/1295
f 1466/1878/1343 1469/1881/1344 1516/1882/1326 1513/1879/1319
f 1469/1881/1344 1472/1883/1345 1519/1884/1325 1516/1882/1326
f 1441/1875/1341 1445/1797/1275 1492/1800/1278 1490/1876/1317
f 1448/1885/1276 1451/1886/1346 1498/1887/1331 1495/1888/1277
f 1472/1889/1345 1475/1890/1347 1522/1891/1329 1519/1892/1325
f 1451/1886/1346 1454/1893/1348 1501/1894/1335 1498/1887/1331
f 1475/1890/1347 1478/1895/1349 1525/1896/1333 1522/1891/1329
f 1454/1893/1348 1457/1897/1350 1504/1898/1339 1501/1894/1335
f 1478/1895/1349 1481/1899/1351 1528/1900/1337 1525/1896/1333
f 1457/1897/1350 1460/1901/1352 1507/1902/1296 1504/1898/1339
f 1481/1899/1351 1484/1903/1311 1531/1904/1314 1528/1900/1337
f 1460/1905/1352 1463/1877/1342 1510/1880/1295 1507/1906/1296
f 1291/1907/1353 1288/1908/1354 1337/1909/1355 1340/1910/1356
f 1154/1672/1158 1156/1671/1157 1163/1722/1208 1159/1721/1207
f 1276/1911/1357 1273/1912/1358 1322/1913/1359 1325/1914/1360
f 1261/1915/1361 1258/1771/1249 1307/1772/1250 1310/1916/1362
f 1282/1917/1363 1279/1918/1364 1328/1919/1365 1331/1920/1366
f 1267/1921/1367 1264/1922/1368 1313/1923/1369 1316/1924/1370
f 1288/1908/1354 1285/1925/1371 1334/1926/1372 1337/1909/1355
f 1273/1912/1358 1270/1927/1373 1319/1928/1374 1322/1913/1359
f 1253/1929/1375 1294/1930/1376 1343/1931/1377 1300/1932/1378
f 1294/1930/1376 1291/1907/1353 1340/1910/1356 1343/1931/1377
f 1279/1918/1364 1276/1911/1357 1325/1914/1360 1328/1919/1365
f 1264/1922/1368 1261/1915/1361 1310/1916/1362 1313/1923/1369
f 1297/1933/1379 1301/1934/1380 1342/1935/1381 1339/1936/1382 1336/1937/1383 1333/1938/1384 1330/1939/1385 1327/1940/1386 1324/1941/1387 1321/1942/1388 1318/1943/1389 1315/1944/1390 1312/1945/1391 1309/1946/1392 1306/1947/1393 1303/1948/1394
f 1285/1925/1371 1282/1917/1363 1331/1920/1366 1334/1926/1372
f 1270/1927/1373 1267/1921/1367 1316/1924/1370 1319/1928/1374
f 1154/1672/1158 1159/1721/1207 1161/1949/1395 1155/1950/1396
f 1155/1951/1396 1161/1952/1395 1160/1673/1159 1153/1707/1193
f 1163/1722/1208 1156/1671/1157 1158/1953/1397 1164/1954/1398
f 1164/1955/1398 1158/1956/1397 1157/1767/1245 1162/1765/1243
f 1159/1721/1207 1165/1724/1210 1167/1957/1399 1161/1949/1395
f 1161/1952/1395 1167/1958/1399 1166/1674/1160 1160/1673/1159
f 1169/1723/1209 1163/1722/1208 1164/1954/1398 1170/1959/1400
f 1170/1960/1400 1164/1955/1398 1162/1765/1243 1168/1748/1228
f 1165/1735/1210 1171/1738/1222 1173/1961/1401 1167/1962/1399
f 1167/1958/1399 1173/1963/1401 1172/1677/1163 1166/1674/1160
f 1175/1737/1221 1169/1736/1209 1170/1964/1400 1176/1965/1402
f 1176/1966/1402 1170/1960/1400 1168/1748/1228 1174/1747/1227
f 1171/1738/1222 1177/1725/1211 1179/1967/1403 1173/1961/1401
f 1173/1963/1401 1179/1968/1403 1178/1679/1165 1172/1677/1163
f 1181/1726/1212 1175/1737/1221 1176/1965/1402 1182/1969/1404
f 1182/1970/1404 1176/1966/1402 1174/1747/1227 1180/1775/1253
f 1177/1725/1211 1183/1728/1214 1185/1971/1405 1179/1967/1403
f 1179/1968/1403 1185/1972/1405 1184/1681/1167 1178/1679/1165
f 1187/1727/1213 1181/1726/1212 1182/1969/1404 1188/1973/1406
f 1188/1974/1406 1182/1970/1404 1180/1775/1253 1186/1779/1257
f 1183/1728/1214 1189/1744/1187 1191/1975/1407 1185/1971/1405
f 1185/1972/1405 1191/1976/1407 1190/1683/1169 1184/1681/1167
f 1193/1743/1188 1187/1727/1213 1188/1973/1406 1194/1977/1408
f 1194/1978/1408 1188/1974/1406 1186/1779/1257 1192/1714/1200
f 1189/1701/1187 1195/1704/1190 1197/1979/1409 1191/1980/1407
f 1191/1976/1407 1197/1981/1409 1196/1685/1171 1190/1683/1169
f 1199/1703/1189 1193/1702/1188 1194/1982/1408 1200/1983/1410
f 1200/1984/1410 1194/1978/1408 1192/1714/1200 1198/1713/1199
f 1195/1704/1190 1201/1740/1224 1203/1985/1411 1197/1979/1409
f 1197/1981/1409 1203/1986/1411 1202/1687/1173 1196/1685/1171
f 1205/1739/1223 1199/1703/1189 1200/1983/1410 1206/1987/1412
f 1206/1988/1412 1200/1984/1410 1198/1713/1199 1204/1761/1239
f 1201/1740/1224 1207/1729/1215 1209/1989/1413 1203/1985/1411
f 1203/1986/1411 1209/1990/1413 1208/1689/1175 1202/1687/1173
f 1211/1730/1216 1205/1739/1223 1206/1987/1412 1212/1991/1414
f 1212/1992/1414 1206/1988/1412 1204/1761/1239 1210/1763/1241
f 1207/1729/1215 1213/1732/1218 1215/1993/1415 1209/1989/1413
f 1209/1990/1413 1215/1994/1415 1214/1691/1177 1208/1689/1175
f 1217/1731/1217 1211/1730/1216 1212/1991/1414 1218/1995/1416
f 1218/1996/1416 1212/1992/1414 1210/1763/1241 1216/1769/1247
f 1213/1745/1218 1219/1717/1203 1221/1997/1417 1215/1998/1415
f 1215/1994/1415 1221/1999/1417 1220/1693/1179 1214/1691/1177
f 1223/1718/1204 1217/1746/1217 1218/2000/1416 1224/2001/1418
f 1224/2002/1418 1218/1996/1416 1216/1769/1247 1222/1773/1251
f 1219/1717/1203 1225/1720/1206 1227/2003/1419 1221/1997/1417
f 1221/1999/1417 1227/2004/1419 1226/1695/1181 1220/1693/1179
f 1229/1719/1205 1223/1718/1204 1224/2001/1418 1230/2005/1420
f 1230/2006/1420 1224/2002/1418 1222/1773/1251 1228/1777/1255
f 1225/1720/1206 1231/1742/1226 1233/2007/1421 1227/2003/1419
f 1227/2004/1419 1233/2008/1421 1232/1697/1183 1226/1695/1181
f 1235/1741/1225 1229/1719/1205 1230/2005/1420 1236/2009/1422
f 1236/2010/1422 1230/2006/1420 1228/1777/1255 1234/1781/1259
f 1231/1742/1226 1237/1752/1219 1239/2011/1423 1233/2007/1421
f 1233/2008/1421 1239/2012/1423 1238/1699/1185 1232/1697/1183
f 1241/1751/1220 1235/1741/1225 1236/2009/1422 1242/2013/1424
f 1242/2014/1424 1236/2010/1422 1234/1781/1259 1240/1758/1236
f 1237/1733/1219 1243/1669/1155 1245/2015/1425 1239/2016/1423
f 1239/2012/1423 1245/2017/1425 1244/1705/1191 1238/1699/1185
f 1247/1670/1156 1241/1734/1220 1242/2018/1424 1248/2019/1426
f 1248/2020/1426 1242/2014/1424 1240/1758/1236 1246/1757/1235
f 1243/1669/1155 1154/1672/1158 1155/1950/1396 1245/2015/1425
f 1245/2017/1425 1155/1951/1396 1153/1707/1193 1244/1705/1191
f 1156/1671/1157 1247/1670/1156 1248/2019/1426 1158/1953/1397
f 1158/1956/1397 1248/2020/1426 1246/1757/1235 1157/1767/1245
f 1153/1707/1193 1160/1673/1159 1150/1676/1162 1141/1708/1194
f 1250/1766/1244 1252/1768/1246 1254/2021/1427 1251/2022/1428
f 1251/2022/1428 1254/2021/1427 1253/1929/1375 1249/1754/1232
f 1256/1749/1229 1250/1766/1244 1251/2022/1428 1257/2023/1429
f 1257/2023/1429 1251/2022/1428 1249/1754/1232 1255/1753/1231
f 1259/1750/1230 1256/1749/1229 1257/2023/1429 1260/2024/1430
f 1260/2024/1430 1257/2023/1429 1255/1753/1231 1258/1771/1249
f 1262/1776/1254 1259/1750/1230 1260/2024/1430 1263/2025/1431
f 1263/2025/1431 1260/2024/1430 1258/1771/1249 1261/1915/1361
f 1265/1780/1258 1262/1776/1254 1263/2025/1431 1266/2026/1432
f 1266/2026/1432 1263/2025/1431 1261/1915/1361 1264/1922/1368
f 1268/1715/1201 1265/1780/1258 1266/2026/1432 1269/2027/1433
f 1269/2027/1433 1266/2026/1432 1264/1922/1368 1267/1921/1367
f 1271/1716/1202 1268/1715/1201 1269/2027/1433 1272/2028/1434
f 1272/2028/1434 1269/2027/1433 1267/1921/1367 1270/1927/1373
f 1274/1762/1240 1271/1716/1202 1272/2028/1434 1275/2029/1435
f 1275/2029/1435 1272/2028/1434 1270/1927/1373 1273/1912/1358
f 1277/1764/1242 1274/1762/1240 1275/2029/1435 1278/2030/1436
f 1278/2030/1436 1275/2029/1435 1273/1912/1358 1276/1911/1357
f 1280/1770/1248 1277/1764/1242 1278/2030/1436 1281/2031/1437
f 1281/2031/1437 1278/2030/1436 1276/1911/1357 1279/1918/1364
f 1283/1774/1252 1280/1770/1248 1281/2031/1437 1284/2032/1438
f 1284/2032/1438 1281/2031/1437 1279/1918/1364 1282/1917/1363
f 1286/1778/1256 1283/1774/1252 1284/2032/1438 1287/2033/1439
f 1287/2033/1439 1284/2032/1438 1282/1917/1363 1285/1925/1371
f 1289/1782/1260 1286/1778/1256 1287/2033/1439 1290/2034/1440
f 1290/2034/1440 1287/2033/1439 1285/1925/1371 1288/1908/1354
f 1292/1759/1237 1289/1782/1260 1290/2034/1440 1293/2035/1441
f 1293/2035/1441 1290/2034/1440 1288/1908/1354 1291/1907/1353
f 1295/1760/1238 1292/1759/1237 1293/2035/1441 1296/2036/1442
f 1296/2036/1442 1293/2035/1441 1291/1907/1353 1294/1930/1376
f 1252/1768/1246 1295/1760/1238 1296/2036/1442 1254/2021/1427
f 1254/2021/1427 1296/2036/1442 1294/1930/1376 1253/1929/1375
f 1162/1765/1243 1157/1767/1245 1252/1768/1246 1250/1766/1244
f 1298/1755/1233 1300/1932/1378 1302/2037/1443 1299/2038/1444
f 1299/2038/1444 1302/2037/1443 1301/1934/1380 1297/1933/1379
f 1304/1756/1234 1298/1755/1233 1299/2038/1444 1305/2039/1445
f 1305/2039/1445 1299/2038/1444 1297/1933/1379 1303/1948/1394
f 1307/1772/1250 1304/1756/1234 1305/2039/1445 1308/2040/1446
f 1308/2040/1446 1305/2039/1445 1303/1948/1394 1306/1947/1393
f 1310/1916/1362 1307/1772/1250 1308/2040/1446 1311/2041/1447
f 1311/2041/1447 1308/2040/1446 1306/1947/1393 1309/1946/1392
f 1313/1923/1369 1310/1916/1362 1311/2041/1447 1314/2042/1448
f 1314/2042/1448 1311/2041/1447 1309/1946/1392 1312/1945/1391
f 1316/1924/1370 1313/1923/1369 1314/2042/1448 1317/2043/1449
f 1317/2043/1449 1314/2042/1448 1312/1945/1391 1315/1944/1390
f 1319/1928/1374 1316/1924/1370 1317/2043/1449 1320/2044/1450
f 1320/2044/1450 1317/2043/1449 1315/1944/1390 1318/1943/1389
f 1322/1913/1359 1319/1928/1374 1320/2044/1450 1323/2045/1451
f 1323/2045/1451 1320/2044/1450 1318/1943/1389 1321/1942/1388
f 1325/1914/1360 1322/1913/1359 1323/2045/1451 1326/2046/1452
f 1326/2046/1452 1323/2045/1451 1321/1942/1388 1324/1941/1387
f 1328/1919/1365 1325/1914/1360 1326/2046/1452 1329/2047/1453
f 1329/2047/1453 1326/2046/1452 1324/1941/1387 1327/1940/1386
f 1331/1920/1366 1328/1919/1365 1329/2047/1453 1332/2048/1454
f 1332/2048/1454 1329/2047/1453 1327/1940/1386 1330/1939/1385
f 1334/1926/1372 1331/1920/1366 1332/2048/1454 1335/2049/1455
f 1335/2049/1455 1332/2048/1454 1330/1939/1385 1333/1938/1384
f 1337/1909/1355 1334/1926/1372 1335/2049/1455 1338/2050/1456
f 1338/2050/1456 1335/2049/1455 1333/1938/1384 1336/1937/1383
f 1340/1910/1356 1337/1909/1355 1338/2050/1456 1341/2051/1457
f 1341/2051/1457 1338/2050/1456 1336/1937/1383 1339/1936/1382
f 1343/1931/1377 1340/1910/1356 1341/2051/1457 1344/2052/1458
f 1344/2052/1458 1341/2051/1457 1339/1936/1382 1342/1935/1381
f 1300/1932/1378 1343/1931/1377 1344/2052/1458 1302/2037/1443
f 1302/2037/1443 1344/2052/1458 1342/1935/1381 1301/1934/1380
f 1249/1754/1232 1253/1929/1375 1300/1932/1378 1298/1755/1233
f 1346/1790/1268 1348/1789/1267 1350/2053/1459 1347/2054/1460
f 1347/2055/1460 1350/2056/1459 1349/1847/1323 1345/1841/1318
f 1348/1789/1267 1351/1820/1298 1353/2057/1461 1350/2053/1459
f 1350/2056/1459 1353/2058/1461 1352/1848/1324 1349/1847/1323
f 1351/1820/1298 1354/1819/1297 1356/2059/1462 1353/2057/1461
f 1353/2060/1461 1356/2061/1462 1355/1854/1328 1352/1853/1324
f 1354/1819/1297 1357/1822/1300 1359/2062/1463 1356/2059/1462
f 1356/2061/1462 1359/2063/1463 1358/1861/1332 1355/1854/1328
f 1357/1822/1300 1360/1824/1302 1362/2064/1464 1359/2062/1463
f 1359/2063/1463 1362/2065/1464 1361/1865/1336 1358/1861/1332
f 1360/1824/1302 1363/1826/1304 1365/2066/1465 1362/2064/1464
f 1362/2065/1464 1365/2067/1465 1364/1869/1340 1361/1865/1336
f 1363/1826/1304 1366/1828/1306 1368/2068/1466 1365/2066/1465
f 1365/2069/1465 1368/2070/1466 1367/1837/1315 1364/1873/1340
f 1366/1828/1306 1369/1830/1308 1371/2071/1467 1368/2068/1466
f 1368/2070/1466 1371/2072/1467 1370/1838/1316 1367/1837/1315
f 1369/1830/1308 1372/1796/1274 1374/2073/1468 1371/2071/1467
f 1371/2072/1467 1374/2074/1468 1373/1845/1322 1370/1838/1316
f 1372/1796/1274 1375/1795/1273 1377/2075/1469 1374/2073/1468
f 1374/2074/1468 1377/2076/1469 1376/1851/1327 1373/1845/1322
f 1375/1795/1273 1378/1821/1299 1380/2077/1470 1377/2075/1469
f 1377/2078/1469 1380/2079/1470 1379/1858/1330 1376/1857/1327
f 1378/1821/1299 1381/1823/1301 1383/2080/1471 1380/2077/1470
f 1380/2079/1470 1383/2081/1471 1382/1863/1334 1379/1858/1330
f 1381/1823/1301 1384/1825/1303 1386/2082/1472 1383/2080/1471
f 1383/2081/1471 1386/2083/1472 1385/1867/1338 1382/1863/1334
f 1384/1825/1303 1387/1827/1305 1389/2084/1473 1386/2082/1472
f 1386/2083/1472 1389/2085/1473 1388/1871/1293 1385/1867/1338
f 1387/1827/1305 1390/1829/1307 1392/2086/1474 1389/2084/1473
f 1389/2087/1473 1392/2088/1474 1391/1816/1294 1388/1815/1293
f 1390/1829/1307 1346/1790/1268 1347/2054/1460 1392/2086/1474
f 1392/2088/1474 1347/2055/1460 1345/1841/1318 1391/1816/1294
f 1393/1812/1290 1397/1843/1320 1444/1844/1321 1442/1813/1291
f 1394/1842/1319 1396/1850/1326 1398/2089/1475 1395/2090/1476
f 1395/2091/1476 1398/2092/1475 1397/1843/1320 1393/1812/1290
f 1396/1850/1326 1399/1849/1325 1401/2093/1477 1398/2089/1475
f 1398/2092/1475 1401/2094/1477 1400/1831/1309 1397/1843/1320
f 1399/1856/1325 1402/1855/1329 1404/2095/1478 1401/2096/1477
f 1401/2094/1477 1404/2097/1479 1403/1801/1279 1400/1831/1309
f 1402/1855/1329 1405/1862/1333 1407/2098/1480 1404/2095/1478
f 1404/2097/1479 1407/2099/1480 1406/1802/1280 1403/1801/1279
f 1405/1862/1333 1408/1866/1337 1410/2100/1481 1407/2098/1480
f 1407/2099/1480 1410/2101/1481 1409/1791/1269 1406/1802/1280
f 1408/1866/1337 1411/1870/1314 1413/2102/1482 1410/2100/1481
f 1410/2101/1481 1413/2103/1482 1412/1792/1270 1409/1791/1269
f 1411/1874/1314 1414/1840/1313 1416/2104/1483 1413/2105/1482
f 1413/2103/1482 1416/2106/1483 1415/1709/1195 1412/1792/1270
f 1414/1840/1313 1417/1839/1317 1419/2107/1484 1416/2104/1483
f 1416/2106/1483 1419/2108/1484 1418/1710/1196 1415/1709/1195
f 1417/1839/1317 1420/1846/1278 1422/2109/1485 1419/2107/1484
f 1419/2108/1484 1422/2110/1485 1421/1805/1283 1418/1710/1196
f 1420/1846/1278 1423/1852/1277 1425/2111/1486 1422/2109/1485
f 1422/2110/1485 1425/2112/1486 1424/1809/1287 1421/1805/1283
f 1423/1860/1277 1426/1859/1331 1428/2113/1487 1425/2114/1486
f 1425/2112/1486 1428/2115/1487 1427/1783/1261 1424/1809/1287
f 1426/1859/1331 1429/1864/1335 1431/2116/1488 1428/2113/1487
f 1428/2115/1487 1431/2117/1488 1430/1784/1262 1427/1783/1261
f 1429/1864/1335 1432/1868/1339 1434/2118/1489 1431/2116/1488
f 1431/2117/1488 1434/2119/1489 1433/1787/1265 1430/1784/1262
f 1432/1868/1339 1435/1872/1296 1437/2120/1490 1434/2118/1489
f 1434/2119/1489 1437/2121/1490 1436/1807/1285 1433/1787/1265
f 1435/1818/1296 1438/1817/1295 1440/2122/1491 1437/2123/1490
f 1437/2121/1490 1440/2124/1492 1439/1811/1289 1436/1807/1285
f 1438/1817/1295 1394/1842/1319 1395/2090/1476 1440/2122/1491
f 1440/2124/1492 1395/2091/1476 1393/1812/1290 1439/1811/1289
f 1442/1813/1291 1444/1844/1321 1446/2125/1493 1443/2126/1494
f 1443/2127/1495 1446/2128/1496 1445/1797/1275 1441/1875/1341
f 1444/1844/1321 1447/1832/1310 1449/2129/1497 1446/2125/1493
f 1446/2128/1496 1449/2130/1498 1448/1798/1276 1445/1797/1275
f 1447/1832/1310 1450/1804/1282 1452/2131/1499 1449/2129/1497
f 1449/2132/1498 1452/2133/1500 1451/1886/1346 1448/1885/1276
f 1450/1804/1282 1453/1803/1281 1455/2134/1501 1452/2131/1499
f 1452/2133/1500 1455/2135/1501 1454/1893/1348 1451/1886/1346
f 1453/1803/1281 1456/1794/1272 1458/2136/1502 1455/2134/1501
f 1455/2135/1501 1458/2137/1502 1457/1897/1350 1454/1893/1348
f 1456/1794/1272 1459/1793/1271 1461/2138/1503 1458/2136/1502
f 1458/2137/1502 1461/2139/1503 1460/1901/1352 1457/1897/1350
f 1459/1793/1271 1462/1712/1198 1464/2140/1492 1461/2138/1503
f 1461/2141/1503 1464/2142/1491 1463/1877/1342 1460/1905/1352
f 1462/1712/1198 1465/1711/1197 1467/2143/1504 1464/2140/1492
f 1464/2142/1491 1467/2144/1504 1466/1878/1343 1463/1877/1342
f 1465/1711/1197 1468/1806/1284 1470/2145/1505 1467/2143/1504
f 1467/2144/1504 1470/2146/1505 1469/1881/1344 1466/1878/1343
f 1468/1806/1284 1471/1810/1288 1473/2147/1506 1470/2145/1505
f 1470/2146/1505 1473/2148/1507 1472/1883/1345 1469/1881/1344
f 1471/1810/1288 1474/1786/1264 1476/2149/1479 1473/2147/1506
f 1473/2150/1507 1476/2151/1478 1475/1890/1347 1472/1889/1345
f 1474/1786/1264 1477/1785/1263 1479/2152/1508 1476/2149/1479
f 1476/2151/1478 1479/2153/1509 1478/1895/1349 1475/1890/1347
f 1477/1785/1263 1480/1788/1266 1482/2154/1510 1479/2152/1508
f 1479/2153/1509 1482/2155/1511 1481/1899/1351 1478/1895/1349
f 1480/1788/1266 1483/1808/1286 1485/2156/1512 1482/2154/1510
f 1482/2155/1511 1485/2157/1513 1484/1903/1311 1481/1899/1351
f 1483/1808/1286 1486/1814/1292 1488/2158/1514 1485/2156/1512
f 1485/2159/1513 1488/2160/1515 1487/1834/1312 1484/1833/1311
f 1486/1814/1292 1442/1813/1291 1443/2126/1494 1488/2158/1514
f 1488/2160/1515 1443/2127/1495 1441/1875/1341 1487/1834/1312
f 1345/1841/1318 1349/1847/1323 1396/1850/1326 1394/1842/1319
f 1490/1876/1317 1492/1800/1278 1494/2161/1516 1491/2162/1517
f 1491/2163/1517 1494/2164/1516 1493/2165/1518 1489/2166/1519
f 1492/1800/1278 1495/1799/1277 1497/2167/1520 1494/2161/1516
f 1494/2164/1516 1497/2168/1520 1496/2169/1521 1493/2165/1518
f 1495/1888/1277 1498/1887/1331 1500/2170/1522 1497/2171/1520
f 1497/2168/1520 1500/2172/1522 1499/2173/1523 1496/2169/1521
f 1498/1887/1331 1501/1894/1335 1503/2174/1524 1500/2170/1522
f 1500/2172/1522 1503/2175/1524 1502/2176/1525 1499/2173/1523
f 1501/1894/1335 1504/1898/1339 1506/2177/1526 1503/2174/1524
f 1503/2175/1524 1506/2178/1526 1505/2179/1527 1502/2176/1525
f 1504/1898/1339 1507/1902/1296 1509/2180/1528 1506/2177/1526
f 1506/2178/1526 1509/2181/1528 1508/2182/1529 1505/2179/1527
f 1507/1906/1296 1510/1880/1295 1512/2183/1530 1509/2184/1528
f 1509/2181/1528 1512/2185/1530 1511/2186/1531 1508/2182/1529
f 1510/1880/1295 1513/1879/1319 1515/2187/1532 1512/2183/1530
f 1512/2185/1530 1515/2188/1532 1514/2189/1533 1511/2186/1531
f 1513/1879/1319 1516/1882/1326 1518/2190/1534 1515/2187/1532
f 1515/2188/1532 1518/2191/1534 1517/2192/1535 1514/2189/1533
f 1516/1882/1326 1519/1884/1325 1521/2193/1536 1518/2190/1534
f 1518/2191/1534 1521/2194/1536 1520/2195/1537 1517/2192/1535
f 1519/1892/1325 1522/1891/1329 1524/2196/1538 1521/2197/1536
f 1521/2194/1536 1524/2198/1538 1523/2199/1539 1520/2195/1537
f 1522/1891/1329 1525/1896/1333 1527/2200/1540 1524/2196/1538
f 1524/2198/1538 1527/2201/1540 1526/2202/1541 1523/2199/1539
f 1525/1896/1333 1528/1900/1337 1530/2203/1542 1527/2200/1540
f 1527/2201/1540 1530/2204/1542 1529/2205/1543 1526/2202/1541
f 1528/1900/1337 1531/1904/1314 1533/2206/1544 1530/2203/1542
f 1530/2204/1542 1533/2207/1544 1532/2208/1545 1529/2205/1543
f 1531/1836/1314 1534/1835/1313 1536/2209/1546 1533/2210/1544
f 1533/2207/1544 1536/2211/1546 1535/2212/1547 1532/2208/1545
f 1534/1835/1313 1490/1876/1317 1491/2162/1517 1536/2209/1546
f 1536/2211/1546 1491/2163/1517 1489/2166/1519 1535/2212/1547
f 1489/2166/1519 1493/2165/1518 1496/2169/1521 1499/2173/1523 1502/2176/1525 1505/2179/1527 1508/2182/1529 1511/2186/1531 1514/2189/1533 1517/2192/1535 1520/2195/1537 1523/2199/1539 1526/2202/1541 1529/2205/1543 1532/2208/1545 1535/2212/1547
f 1643/2213/1548 1647/2214/1549 1556/2215/1550 1554/2216/1551
f 1560/2217/1552 1566/2218/1553 1549/2219/1554 1550/2220/1555
f 1566/2218/1553 1572/2221/1556 1544/2222/1557 1549/2219/1554
f 1572/2221/1556 1578/2223/1558 1543/2224/1559 1544/2222/1557
f 1578/2223/1558 1584/2225/1560 1538/2226/1561 1543/2224/1559
f 1584/2225/1560 1590/2227/1562 1537/2228/1563 1538/2226/1561
f 1590/2227/1562 1596/2229/1564 1551/2230/1565 1537/2228/1563
f 1596/2229/1564 1602/2231/1566 1546/2232/1567 1551/2230/1565
f 1602/2231/1566 1608/2233/1568 1545/2234/1569 1546/2232/1567
f 1608/2233/1568 1614/2235/1570 1540/2236/1571 1545/2234/1569
f 1614/2235/1570 1620/2237/1572 1539/2238/1573 1540/2236/1571
f 1620/2237/1572 1626/2239/1574 1552/2240/1575 1539/2238/1573
f 1626/2239/1574 1632/2241/1576 1548/2242/1577 1552/2240/1575
f 1632/2241/1576 1638/2243/1578 1547/2244/1579 1548/2242/1577
f 1589/2245/1580 1593/2246/1581 1599/2247/1582 1595/2248/1583
f 1638/2243/1578 1644/2249/1584 1542/2250/1585 1547/2244/1579
f 1644/2249/1584 1553/2251/1586 1541/2252/1587 1542/2250/1585
f 1815/2253/1588 1818/2254/1589 1865/2255/1590 1862/2256/1591
f 1598/2257/1592 1592/2258/1593 1668/2259/1594 1671/2260/1595
f 1619/2261/1596 1623/2262/1597 1629/2263/1598 1625/2264/1599
f 1559/2265/1600 1563/2266/1601 1569/2267/1602 1565/2268/1603
f 1577/2269/1604 1581/2270/1605 1587/2271/1606 1583/2272/1607
f 1607/2273/1608 1611/2274/1609 1617/2275/1610 1613/2276/1611
f 1637/2277/1612 1641/2278/1613 1647/2214/1549 1643/2213/1548
f 1565/2279/1603 1569/2280/1602 1575/2281/1614 1571/2282/1615
f 1595/2248/1583 1599/2247/1582 1605/2283/1616 1601/2284/1617
f 1625/2264/1599 1629/2263/1598 1635/2285/1618 1631/2286/1619
f 1583/2272/1607 1587/2271/1606 1593/2287/1581 1589/2288/1580
f 1613/2289/1611 1617/2290/1610 1623/2262/1597 1619/2261/1596
f 1571/2282/1615 1575/2281/1614 1581/2270/1605 1577/2269/1604
f 1601/2284/1617 1605/2283/1616 1611/2274/1609 1607/2273/1608
f 1574/2291/1620 1568/2292/1621 1656/2293/1622 1659/2294/1623
f 1631/2286/1619 1635/2285/1618 1641/2295/1613 1637/2296/1612
f 1655/2297/1624 1649/2298/1625 1698/2299/1626 1704/2300/1627
f 1646/2301/1628 1640/2302/1629 1692/2303/1630 1695/2304/1631
f 1604/2305/1632 1598/2257/1592 1671/2260/1595 1674/2306/1633
f 1610/2307/1634 1604/2305/1632 1674/2306/1633 1677/2308/1635
f 1568/2292/1621 1562/2309/1636 1650/2310/1637 1656/2293/1622
f 1557/2311/1638 1646/2301/1628 1695/2304/1631 1652/2312/1639
f 1616/2313/1640 1610/2307/1634 1677/2308/1635 1680/2314/1641
f 1658/2315/1642 1655/2297/1624 1704/2300/1627 1707/2316/1643
f 1622/2317/1644 1616/2313/1640 1680/2314/1641 1683/2318/1645
f 1580/2319/1646 1574/2291/1620 1659/2294/1623 1662/2320/1647
f 1628/2321/1648 1622/2317/1644 1683/2318/1645 1686/2322/1649
f 1586/2323/1650 1580/2319/1646 1662/2320/1647 1665/2324/1651
f 1634/2325/1652 1628/2321/1648 1686/2322/1649 1689/2326/1653
f 1592/2258/1593 1586/2323/1650 1665/2324/1651 1668/2259/1594
f 1640/2302/1629 1634/2325/1652 1689/2326/1653 1692/2303/1630
f 1827/2327/1654 1830/2328/1655 1877/2329/1656 1874/2330/1657
f 1830/2328/1655 1833/2331/1658 1880/2332/1659 1877/2329/1656
f 1541/2252/1587 1550/2220/1555 1748/2333/1660 1746/2334/1661
f 1809/2335/1662 1812/2336/1663 1859/2337/1664 1856/2338/1665
f 1545/2234/1569 1540/2236/1571 1775/2339/1666 1772/2340/1667
f 1845/2341/1668 1848/2342/1669 1895/2343/1670 1892/2344/1671
f 1803/2345/1672 1806/2346/1673 1853/2347/1674 1850/2348/1675
f 1818/2254/1589 1821/2349/1676 1868/2350/1677 1865/2255/1590
f 1833/2331/1658 1836/2351/1678 1883/2352/1679 1880/2332/1659
f 1812/2336/1663 1815/2253/1588 1862/2256/1591 1859/2337/1664
f 1824/2353/1680 1827/2327/1654 1874/2330/1657 1871/2354/1681
f 1806/2346/1673 1809/2335/1662 1856/2338/1665 1853/2347/1674
f 1821/2349/1676 1824/2353/1680 1871/2354/1681 1868/2350/1677
f 1839/2355/1682 1793/2356/1683 1842/2357/1684 1886/2358/1685
f 1836/2351/1678 1839/2355/1682 1886/2358/1685 1883/2352/1679
f 1788/2359/1686 1791/2360/1687 1838/2361/1688 1835/2362/1689
f 1549/2219/1554 1544/2222/1557 1754/2363/1690 1751/2364/1691
f 1540/2236/1571 1539/2238/1573 1778/2365/1692 1775/2339/1666
f 1544/2222/1557 1543/2224/1559 1757/2366/1693 1754/2363/1690
f 1539/2238/1573 1552/2240/1575 1781/2367/1694 1778/2365/1692
f 1543/2224/1559 1538/2226/1561 1760/2368/1695 1757/2366/1693
f 1552/2240/1575 1548/2242/1577 1784/2369/1696 1781/2367/1694
f 1538/2226/1561 1537/2228/1563 1763/2370/1697 1760/2368/1695
f 1548/2242/1577 1547/2244/1579 1787/2371/1698 1784/2369/1696
f 1537/2228/1563 1551/2230/1565 1766/2372/1699 1763/2370/1697
f 1547/2244/1579 1542/2250/1585 1790/2373/1700 1787/2371/1698
f 1551/2230/1565 1546/2232/1567 1769/2374/1701 1766/2372/1699
f 1542/2250/1585 1541/2252/1587 1746/2334/1661 1790/2373/1700
f 1800/2375/1702 1803/2345/1672 1850/2348/1675 1847/2376/1703
f 1546/2232/1567 1545/2234/1569 1772/2340/1667 1769/2374/1701
f 1550/2220/1555 1549/2219/1554 1751/2364/1691 1748/2333/1660
f 1884/2377/1704 1887/2378/1705 1934/2379/1706 1931/2380/1707
f 1767/2381/1708 1770/2382/1709 1817/2383/1710 1814/2384/1706
f 1791/2360/1687 1745/2385/1711 1794/2386/1712 1838/2361/1688
f 1797/2387/1713 1800/2375/1702 1847/2376/1703 1844/2388/1714
f 1770/2382/1709 1773/2389/1715 1820/2390/1671 1817/2383/1710
f 1749/2391/1716 1752/2392/1717 1799/2393/1718 1796/2394/1719
f 1773/2389/1715 1776/2395/1720 1823/2396/1670 1820/2390/1671
f 1752/2397/1717 1755/2398/1721 1802/2399/1722 1799/2400/1718
f 1776/2401/1720 1779/2402/1723 1826/2403/1724 1823/2404/1670
f 1755/2398/1721 1758/2405/1725 1805/2406/1726 1802/2399/1722
f 1779/2402/1723 1782/2407/1727 1829/2408/1728 1826/2403/1724
f 1758/2405/1725 1761/2409/1729 1808/2410/1730 1805/2406/1726
f 1782/2407/1727 1785/2411/1731 1832/2412/1732 1829/2408/1728
f 1761/2409/1729 1764/2413/1733 1811/2414/1707 1808/2410/1730
f 1785/2411/1731 1788/2415/1686 1835/2416/1689 1832/2412/1732
f 1764/2417/1733 1767/2381/1708 1814/2384/1706 1811/2418/1707
f 1887/2378/1705 1841/2419/1734 1890/2420/1710 1934/2379/1706
f 1863/2421/1735 1866/2422/1736 1913/2423/1712 1910/2424/1688
f 1866/2422/1736 1869/2425/1737 1916/2426/1719 1913/2423/1712
f 1869/2425/1737 1872/2427/1738 1919/2428/1718 1916/2426/1719
f 1841/2419/1734 1845/2341/1668 1892/2344/1671 1890/2420/1710
f 1848/2429/1669 1851/2430/1739 1898/2431/1724 1895/2432/1670
f 1872/2433/1738 1875/2434/1740 1922/2435/1722 1919/2436/1718
f 1851/2430/1739 1854/2437/1741 1901/2438/1728 1898/2431/1724
f 1875/2434/1740 1878/2439/1742 1925/2440/1726 1922/2435/1722
f 1854/2437/1741 1857/2441/1743 1904/2442/1732 1901/2438/1728
f 1878/2439/1742 1881/2443/1744 1928/2444/1730 1925/2440/1726
f 1857/2441/1743 1860/2445/1745 1907/2446/1689 1904/2442/1732
f 1881/2443/1744 1884/2447/1704 1931/2448/1707 1928/2444/1730
f 1860/2449/1745 1863/2421/1735 1910/2424/1688 1907/2450/1689
f 1691/2451/1746 1688/2452/1747 1737/2453/1748 1740/2454/1749
f 1554/2216/1551 1556/2215/1550 1563/2266/1601 1559/2265/1600
f 1676/2455/1750 1673/2456/1751 1722/2457/1752 1725/2458/1753
f 1661/2459/1754 1658/2315/1642 1707/2316/1643 1710/2460/1755
f 1682/2461/1756 1679/2462/1757 1728/2463/1758 1731/2464/1759
f 1667/2465/1760 1664/2466/1761 1713/2467/1762 1716/2468/1763
f 1688/2452/1747 1685/2469/1764 1734/2470/1765 1737/2453/1748
f 1673/2456/1751 1670/2471/1766 1719/2472/1767 1722/2457/1752
f 1653/2473/1768 1694/2474/1769 1743/2475/1770 1700/2476/1771
f 1694/2474/1769 1691/2451/1746 1740/2454/1749 1743/2475/1770
f 1679/2462/1757 1676/2455/1750 1725/2458/1753 1728/2463/1758
f 1664/2466/1761 1661/2459/1754 1710/2460/1755 1713/2467/1762
f 1697/2477/1772 1701/2478/1773 1742/2479/1774 1739/2480/1775 1736/2481/1776 1733/2482/1777 1730/2483/1778 1727/2484/1779 1724/2485/1780 1721/2486/1781 1718/2487/1782 1715/2488/1783 1712/2489/1784 1709/2490/1785 1706/2491/1786 1703/2492/1787
f 1685/2469/1764 1682/2461/1756 1731/2464/1759 1734/2470/1765
f 1670/2471/1766 1667/2465/1760 1716/2468/1763 1719/2472/1767
f 1554/2216/1551 1559/2265/1600 1561/2493/1788 1555/2494/1789
f 1555/2495/1789 1561/2496/1788 1560/2217/1552 1553/2251/1586
f 1563/2266/1601 1556/2215/1550 1558/2497/1790 1564/2498/1791
f 1564/2499/1791 1558/2500/1790 1557/2311/1638 1562/2309/1636
f 1559/2265/1600 1565/2268/1603 1567/2501/1792 1561/2493/1788
f 1561/2496/1788 1567/2502/1792 1566/2218/1553 1560/2217/1552
f 1569/2267/1602 1563/2266/1601 1564/2498/1791 1570/2503/1793
f 1570/2504/1793 1564/2499/1791 1562/2309/1636 1568/2292/1621
f 1565/2279/1603 1571/2282/1615 1573/2505/1794 1567/2506/1792
f 1567/2502/1792 1573/2507/1794 1572/2221/1556 1566/2218/1553
f 1575/2281/1614 1569/2280/1602 1570/2508/1793 1576/2509/1795
f 1576/2510/1795 1570/2504/1793 1568/2292/1621 1574/2291/1620
f 1571/2282/1615 1577/2269/1604 1579/2511/1796 1573/2505/1794
f 1573/2507/1794 1579/2512/1796 1578/2223/1558 1572/2221/1556
f 1581/2270/1605 1575/2281/1614 1576/2509/1795 1582/2513/1797
f 1582/2514/1797 1576/2510/1795 1574/2291/1620 1580/2319/1646
f 1577/2269/1604 1583/2272/1607 1585/2515/1798 1579/2511/1796
f 1579/2512/1796 1585/2516/1798 1584/2225/1560 1578/2223/1558
f 1587/2271/1606 1581/2270/1605 1582/2513/1797 1588/2517/1799
f 1588/2518/1799 1582/2514/1797 1580/2319/1646 1586/2323/1650
f 1583/2272/1607 1589/2288/1580 1591/2519/1800 1585/2515/1798
f 1585/2516/1798 1591/2520/1800 1590/2227/1562 1584/2225/1560
f 1593/2287/1581 1587/2271/1606 1588/2517/1799 1594/2521/1801
f 1594/2522/1801 1588/2518/1799 1586/2323/1650 1592/2258/1593
f 1589/2245/1580 1595/2248/1583 1597/2523/1802 1591/2524/1800
f 1591/2520/1800 1597/2525/1802 1596/2229/1564 1590/2227/1562
f 1599/2247/1582 1593/2246/1581 1594/2526/1801 1600/2527/1803
f 1600/2528/1803 1594/2522/1801 1592/2258/1593 1598/2257/1592
f 1595/2248/1583 1601/2284/1617 1603/2529/1804 1597/2523/1802
f 1597/2525/1802 1603/2530/1804 1602/2231/1566 1596/2229/1564
f 1605/2283/1616 1599/2247/1582 1600/2527/1803 1606/2531/1805
f 1606/2532/1805 1600/2528/1803 1598/2257/1592 1604/2305/1632
f 1601/2284/1617 1607/2273/1608 1609/2533/1806 1603/2529/1804
f 1603/2530/1804 1609/2534/1806 1608/2233/1568 1602/2231/1566
f 1611/2274/1609 1605/2283/1616 1606/2531/1805 1612/2535/1807
f 1612/2536/1807 1606/2532/1805 1604/2305/1632 1610/2307/1634
f 1607/2273/1608 1613/2276/1611 1615/2537/1808 1609/2533/1806
f 1609/2534/1806 1615/2538/1808 1614/2235/1570 1608/2233/1568
f 1617/2275/1610 1611/2274/1609 1612/2535/1807 1618/2539/1809
f 1618/2540/1809 1612/2536/1807 1610/2307/1634 1616/2313/1640
f 1613/2289/1611 1619/2261/1596 1621/2541/1810 1615/2542/1808
f 1615/2538/1808 1621/2543/1810 1620/2237/1572 1614/2235/1570
f 1623/2262/1597 1617/2290/1610 1618/2544/1809 1624/2545/1811
f 1624/2546/1811 1618/2540/1809 1616/2313/1640 1622/2317/1644
f 1619/2261/1596 1625/2264/1599 1627/2547/1812 1621/2541/1810
f 1621/2543/1810 1627/2548/1812 1626/2239/1574 1620/2237/1572
f 1629/2263/1598 1623/2262/1597 1624/2545/1811 1630/2549/1813
f 1630/2550/1813 1624/2546/1811 1622/2317/1644 1628/2321/1648
f 1625/2264/1599 1631/2286/1619 1633/2551/1814 1627/2547/1812
f 1627/2548/1812 1633/2552/1814 1632/2241/1576 1626/2239/1574
f 1635/2285/1618 1629/2263/1598 1630/2549/1813 1636/2553/1815
f 1636/2554/1815 1630/2550/1813 1628/2321/1648 1634/2325/1652
f 1631/2286/1619 1637/2296/1612 1639/2555/1816 1633/2551/1814
f 1633/2552/1814 1639/2556/1816 1638/2243/1578 1632/2241/1576
f 1641/2295/1613 1635/2285/1618 1636/2553/1815 1642/2557/1817
f 1642/2558/1817 1636/2554/1815 1634/2325/1652 1640/2302/1629
f 1637/2277/1612 1643/2213/1548 1645/2559/1818 1639/2560/1816
f 1639/2556/1816 1645/2561/1818 1644/2249/1584 1638/2243/1578
f 1647/2214/1549 1641/2278/1613 1642/2562/1817 1648/2563/1819
f 1648/2564/1819 1642/2558/1817 1640/2302/1629 1646/2301/1628
f 1643/2213/1548 1554/2216/1551 1555/2494/1789 1645/2559/1818
f 1645/2561/1818 1555/2495/1789 1553/2251/1586 1644/2249/1584
f 1556/2215/1550 1647/2214/1549 1648/2563/1819 1558/2497/1790
f 1558/2500/1790 1648/2564/1819 1646/2301/1628 1557/2311/1638
f 1553/2251/1586 1560/2217/1552 1550/2220/1555 1541/2252/1587
f 1650/2310/1637 1652/2312/1639 1654/2565/1820 1651/2566/1821
f 1651/2566/1821 1654/2565/1820 1653/2473/1768 1649/2298/1625
f 1656/2293/1622 1650/2310/1637 1651/2566/1821 1657/2567/1822
f 1657/2567/1822 1651/2566/1821 1649/2298/1625 1655/2297/1624
f 1659/2294/1623 1656/2293/1622 1657/2567/1822 1660/2568/1823
f 1660/2568/1823 1657/2567/1822 1655/2297/1624 1658/2315/1642
f 1662/2320/1647 1659/2294/1623 1660/2568/1823 1663/2569/1824
f 1663/2569/1824 1660/2568/1823 1658/2315/1642 1661/2459/1754
f 1665/2324/1651 1662/2320/1647 1663/2569/1824 1666/2570/1825
f 1666/2570/1825 1663/2569/1824 1661/2459/1754 1664/2466/1761
f 1668/2259/1594 1665/2324/1651 1666/2570/1825 1669/2571/1826
f 1669/2571/1826 1666/2570/1825 1664/2466/1761 1667/2465/1760
f 1671/2260/1595 1668/2259/1594 1669/2571/1826 1672/2572/1827
f 1672/2572/1827 1669/2571/1826 1667/2465/1760 1670/2471/1766
f 1674/2306/1633 1671/2260/1595 1672/2572/1827 1675/2573/1828
f 1675/2573/1828 1672/2572/1827 1670/2471/1766 1673/2456/1751
f 1677/2308/1635 1674/2306/1633 1675/2573/1828 1678/2574/1829
f 1678/2574/1829 1675/2573/1828 1673/2456/1751 1676/2455/1750
f 1680/2314/1641 1677/2308/1635 1678/2574/1829 1681/2575/1830
f 1681/2575/1830 1678/2574/1829 1676/2455/1750 1679/2462/1757
f 1683/2318/1645 1680/2314/1641 1681/2575/1830 1684/2576/1831
f 1684/2576/1831 1681/2575/1830 1679/2462/1757 1682/2461/1756
f 1686/2322/1649 1683/2318/1645 1684/2576/1831 1687/2577/1832
f 1687/2577/1832 1684/2576/1831 1682/2461/1756 1685/2469/1764
f 1689/2326/1653 1686/2322/1649 1687/2577/1832 1690/2578/1833
f 1690/2578/1833 1687/2577/1832 1685/2469/1764 1688/2452/1747
f 1692/2303/1630 1689/2326/1653 1690/2578/1833 1693/2579/1834
f 1693/2579/1834 1690/2578/1833 1688/2452/1747 1691/2451/1746
f 1695/2304/1631 1692/2303/1630 1693/2579/1834 1696/2580/1835
f 1696/2580/1835 1693/2579/1834 1691/2451/1746 1694/2474/1769
f 1652/2312/1639 1695/2304/1631 1696/2580/1835 1654/2565/1820
f 1654/2565/1820 1696/2580/1835 1694/2474/1769 1653/2473/1768
f 1562/2309/1636 1557/2311/1638 1652/2312/1639 1650/2310/1637
f 1698/2299/1626 1700/2476/1771 1702/2581/1836 1699/2582/1837
f 1699/2582/1837 1702/2581/1836 1701/2478/1773 1697/2477/1772
f 1704/2300/1627 1698/2299/1626 1699/2582/1837 1705/2583/1838
f 1705/2583/1838 1699/2582/1837 1697/2477/1772 1703/2492/1787
f 1707/2316/1643 1704/2300/1627 1705/2583/1838 1708/2584/1839
f 1708/2584/1839 1705/2583/1838 1703/2492/1787 1706/2491/1786
f 1710/2460/1755 1707/2316/1643 1708/2584/1839 1711/2585/1840
f 1711/2585/1840 1708/2584/1839 1706/2491/1786 1709/2490/1785
f 1713/2467/1762 1710/2460/1755 1711/2585/1840 1714/2586/1841
f 1714/2586/1841 1711/2585/1840 1709/2490/1785 1712/2489/1784
f 1716/2468/1763 1713/2467/1762 1714/2586/1841 1717/2587/1842
f 1717/2587/1842 1714/2586/1841 1712/2489/1784 1715/2488/1783
f 1719/2472/1767 1716/2468/1763 1717/2587/1842 1720/2588/1843
f 1720/2588/1843 1717/2587/1842 1715/2488/1783 1718/2487/1782
f 1722/2457/1752 1719/2472/1767 1720/2588/1843 1723/2589/1844
f 1723/2589/1844 1720/2588/1843 1718/2487/1782 1721/2486/1781
f 1725/2458/1753 1722/2457/1752 1723/2589/1844 1726/2590/1845
f 1726/2590/1845 1723/2589/1844 1721/2486/1781 1724/2485/1780
f 1728/2463/1758 1725/2458/1753 1726/2590/1845 1729/2591/1846
f 1729/2591/1846 1726/2590/1845 1724/2485/1780 1727/2484/1779
f 1731/2464/1759 1728/2463/1758 1729/2591/1846 1732/2592/1847
f 1732/2592/1847 1729/2591/1846 1727/2484/1779 1730/2483/1778
f 1734/2470/1765 1731/2464/1759 1732/2592/1847 1735/2593/1848
f 1735/2593/1848 1732/2592/1847 1730/2483/1778 1733/2482/1777
f 1737/2453/1748 1734/2470/1765 1735/2593/1848 1738/2594/1849
f 1738/2594/1849 1735/2593/1848 1733/2482/1777 1736/2481/1776
f 1740/2454/1749 1737/2453/1748 1738/2594/1849 1741/2595/1850
f 1741/2595/1850 1738/2594/1849 1736/2481/1776 1739/2480/1775
f 1743/2475/1770 1740/2454/1749 1741/2595/1850 1744/2596/1851
f 1744/2596/1851 1741/2595/1850 1739/2480/1775 1742/2479/1774
f 1700/2476/1771 1743/2475/1770 1744/2596/1851 1702/2581/1836
f 1702/2581/1836 1744/2596/1851 1742/2479/1774 1701/2478/1773
f 1649/2298/1625 1653/2473/1768 1700/2476/1771 1698/2299/1626
f 1746/2334/1661 1748/2333/1660 1750/2597/1852 1747/2598/1853
f 1747/2599/1853 1750/2600/1852 1749/2391/1716 1745/2385/1711
f 1748/2333/1660 1751/2364/1691 1753/2601/1854 1750/2597/1852
f 1750/2600/1852 1753/2602/1854 1752/2392/1717 1749/2391/1716
f 1751/2364/1691 1754/2363/1690 1756/2603/1855 1753/2601/1854
f 1753/2604/1854 1756/2605/1855 1755/2398/1721 1752/2397/1717
f 1754/2363/1690 1757/2366/1693 1759/2606/1856 1756/2603/1855
f 1756/2605/1855 1759/2607/1856 1758/2405/1725 1755/2398/1721
f 1757/2366/1693 1760/2368/1695 1762/2608/1857 1759/2606/1856
f 1759/2607/1856 1762/2609/1857 1761/2409/1729 1758/2405/1725
f 1760/2368/1695 1763/2370/1697 1765/2610/1858 1762/2608/1857
f 1762/2609/1857 1765/2611/1858 1764/2413/1733 1761/2409/1729
f 1763/2370/1697 1766/2372/1699 1768/2612/1859 1765/2610/1858
f 1765/2613/1858 1768/2614/1859 1767/2381/1708 1764/2417/1733
f 1766/2372/1699 1769/2374/1701 1771/2615/1860 1768/2612/1859
f 1768/2614/1859 1771/2616/1860 1770/2382/1709 1767/2381/1708
f 1769/2374/1701 1772/2340/1667 1774/2617/1861 1771/2615/1860
f 1771/2616/1860 1774/2618/1861 1773/2389/1715 1770/2382/1709
f 1772/2340/1667 1775/2339/1666 1777/2619/1862 1774/2617/1861
f 1774/2618/1861 1777/2620/1862 1776/2395/1720 1773/2389/1715
f 1775/2339/1666 1778/2365/1692 1780/2621/1863 1777/2619/1862
f 1777/2622/1862 1780/2623/1863 1779/2402/1723 1776/2401/1720
f 1778/2365/1692 1781/2367/1694 1783/2624/1864 1780/2621/1863
f 1780/2623/1863 1783/2625/1864 1782/2407/1727 1779/2402/1723
f 1781/2367/1694 1784/2369/1696 1786/2626/1865 1783/2624/1864
f 1783/2625/1864 1786/2627/1865 1785/2411/1731 1782/2407/1727
f 1784/2369/1696 1787/2371/1698 1789/2628/1866 1786/2626/1865
f 1786/2627/1865 1789/2629/1866 1788/2415/1686 1785/2411/1731
f 1787/2371/1698 1790/2373/1700 1792/2630/1867 1789/2628/1866
f 1789/2631/1866 1792/2632/1867 1791/2360/1687 1788/2359/1686
f 1790/2373/1700 1746/2334/1661 1747/2598/1853 1792/2630/1867
f 1792/2632/1867 1747/2599/1853 1745/2385/1711 1791/2360/1687
f 1793/2356/1683 1797/2387/1713 1844/2388/1714 1842/2357/1684
f 1794/2386/1712 1796/2394/1719 1798/2633/1868 1795/2634/1869
f 1795/2635/1869 1798/2636/1868 1797/2387/1713 1793/2356/1683
f 1796/2394/1719 1799/2393/1718 1801/2637/1870 1798/2633/1868
f 1798/2636/1868 1801/2638/1870 1800/2375/1702 1797/2387/1713
f 1799/2400/1718 1802/2399/1722 1804/2639/1871 1801/2640/1870
f 1801/2638/1870 1804/2641/1871 1803/2345/1672 1800/2375/1702
f 1802/2399/1722 1805/2406/1726 1807/2642/1872 1804/2639/1871
f 1804/2641/1871 1807/2643/1872 1806/2346/1673 1803/2345/1672
f 1805/2406/1726 1808/2410/1730 1810/2644/1873 1807/2642/1872
f 1807/2643/1872 1810/2645/1873 1809/2335/1662 1806/2346/1673
f 1808/2410/1730 1811/2414/1707 1813/2646/1874 1810/2644/1873
f 1810/2645/1873 1813/2647/1874 1812/2336/1663 1809/2335/1662
f 1811/2418/1707 1814/2384/1706 1816/2648/1875 1813/2649/1874
f 1813/2647/1874 1816/2650/1875 1815/2253/1588 1812/2336/1663
f 1814/2384/1706 1817/2383/1710 1819/2651/1876 1816/2648/1875
f 1816/2650/1875 1819/2652/1876 1818/2254/1589 1815/2253/1588
f 1817/2383/1710 1820/2390/1671 1822/2653/1877 1819/2651/1876
f 1819/2652/1876 1822/2654/1878 1821/2349/1676 1818/2254/1589
f 1820/2390/1671 1823/2396/1670 1825/2655/1879 1822/2653/1877
f 1822/2654/1878 1825/2656/1879 1824/2353/1680 1821/2349/1676
f 1823/2404/1670 1826/2403/1724 1828/2657/1880 1825/2658/1879
f 1825/2656/1879 1828/2659/1880 1827/2327/1654 1824/2353/1680
f 1826/2403/1724 1829/2408/1728 1831/2660/1881 1828/2657/1880
f 1828/2659/1880 1831/2661/1881 1830/2328/1655 1827/2327/1654
f 1829/2408/1728 1832/2412/1732 1834/2662/1882 1831/2660/1881
f 1831/2661/1881 1834/2663/1882 1833/2331/1658 1830/2328/1655
f 1832/2412/1732 1835/2416/1689 1837/2664/1883 1834/2662/1882
f 1834/2663/1882 1837/2665/1883 1836/2351/1678 1833/2331/1658
f 1835/2362/1689 1838/2361/1688 1840/2666/1884 1837/2667/1883
f 1837/2665/1883 1840/2668/1884 1839/2355/1682 1836/2351/1678
f 1838/2361/1688 1794/2386/1712 1795/2634/1869 1840/2666/1884
f 1840/2668/1884 1795/2635/1869 1793/2356/1683 1839/2355/1682
f 1842/2357/1684 1844/2388/1714 1846/2669/1885 1843/2670/1886
f 1843/2671/1886 1846/2672/1885 1845/2341/1668 1841/2419/1734
f 1844/2388/1714 1847/2376/1703 1849/2673/1887 1846/2669/1885
f 1846/2672/1885 1849/2674/1887 1848/2342/1669 1845/2341/1668
f 1847/2376/1703 1850/2348/1675 1852/2675/1888 1849/2673/1887
f 1849/2676/1887 1852/2677/1889 1851/2430/1739 1848/2429/1669
f 1850/2348/1675 1853/2347/1674 1855/2678/1890 1852/2675/1888
f 1852/2677/1889 1855/2679/1890 1854/2437/1741 1851/2430/1739
f 1853/2347/1674 1856/2338/1665 1858/2680/1891 1855/2678/1890
f 1855/2679/1890 1858/2681/1891 1857/2441/1743 1854/2437/1741
f 1856/2338/1665 1859/2337/1664 1861/2682/1892 1858/2680/1891
f 1858/2681/1891 1861/2683/1892 1860/2445/1745 1857/2441/1743
f 1859/2337/1664 1862/2256/1591 1864/2684/1893 1861/2682/1892
f 1861/2685/1892 1864/2686/1894 1863/2421/1735 1860/2449/1745
f 1862/2256/1591 1865/2255/1590 1867/2687/1895 1864/2684/1893
f 1864/2686/1894 1867/2688/1896 1866/2422/1736 1863/2421/1735
f 1865/2255/1590 1868/2350/1677 1870/2689/1897 1867/2687/1895
f 1867/2688/1896 1870/2690/1898 1869/2425/1737 1866/2422/1736
f 1868/2350/1677 1871/2354/1681 1873/2691/1899 1870/2689/1897
f 1870/2690/1898 1873/2692/1900 1872/2427/1738 1869/2425/1737
f 1871/2354/1681 1874/2330/1657 1876/2693/1901 1873/2691/1899
f 1873/2694/1900 1876/2695/1901 1875/2434/1740 1872/2433/1738
f 1874/2330/1657 1877/2329/1656 1879/2696/1902 1876/2693/1901
f 1876/2695/1901 1879/2697/1902 1878/2439/1742 1875/2434/1740
f 1877/2329/1656 1880/2332/1659 1882/2698/1903 1879/2696/1902
f 1879/2697/1902 1882/2699/1903 1881/2443/1744 1878/2439/1742
f 1880/2332/1659 1883/2352/1679 1885/2700/1904 1882/2698/1903
f 1882/2699/1903 1885/2701/1905 1884/2447/1704 1881/2443/1744
f 1883/2352/1679 1886/2358/1685 1888/2702/1906 1885/2700/1904
f 1885/2703/1905 1888/2704/1907 1887/2378/1705 1884/2377/1704
f 1886/2358/1685 1842/2357/1684 1843/2670/1886 1888/2702/1906
f 1888/2704/1907 1843/2671/1886 1841/2419/1734 1887/2378/1705
f 1745/2385/1711 1749/2391/1716 1796/2394/1719 1794/2386/1712
f 1890/2420/1710 1892/2344/1671 1894/2705/1908 1891/2706/1909
f 1891/2707/1909 1894/2708/1908 1893/2709/1910 1889/2710/1911
f 1892/2344/1671 1895/2343/1670 1897/2711/1912 1894/2705/1908
f 1894/2708/1908 1897/2712/1912 1896/2713/1913 1893/2709/1910
f 1895/2432/1670 1898/2431/1724 1900/2714/1914 1897/2715/1912
f 1897/2712/1912 1900/2716/1914 1899/2717/1915 1896/2713/1913
f 1898/2431/1724 1901/2438/1728 1903/2718/1916 1900/2714/1914
f 1900/2716/1914 1903/2719/1916 1902/2720/1917 1899/2717/1915
f 1901/2438/1728 1904/2442/1732 1906/2721/1918 1903/2718/1916
f 1903/2719/1916 1906/2722/1918 1905/2723/1919 1902/2720/1917
f 1904/2442/1732 1907/2446/1689 1909/2724/1920 1906/2721/1918
f 1906/2722/1918 1909/2725/1920 1908/2726/1921 1905/2723/1919
f 1907/2450/1689 1910/2424/1688 1912/2727/1922 1909/2728/1920
f 1909/2725/1920 1912/2729/1922 1911/2730/1923 1908/2726/1921
f 1910/2424/1688 1913/2423/1712 1915/2731/1924 1912/2727/1922
f 1912/2729/1922 1915/2732/1924 1914/2733/1925 1911/2730/1923
f 1913/2423/1712 1916/2426/1719 1918/2734/1926 1915/2731/1924
f 1915/2732/1924 1918/2735/1926 1917/2736/1927 1914/2733/1925
f 1916/2426/1719 1919/2428/1718 1921/2737/1928 1918/2734/1926
f 1918/2735/1926 1921/2738/1928 1920/2739/1929 1917/2736/1927
f 1919/2436/1718 1922/2435/1722 1924/2740/1930 1921/2741/1928
f 1921/2738/1928 1924/2742/1930 1923/2743/1931 1920/2739/1929
f 1922/2435/1722 1925/2440/1726 1927/2744/1932 1924/2740/1930
f 1924/2742/1930 1927/2745/1932 1926/2746/1933 1923/2743/1931
f 1925/2440/1726 1928/2444/1730 1930/2747/1934 1927/2744/1932
f 1927/2745/1932 1930/2748/1934 1929/2749/1935 1926/2746/1933
f 1928/2444/1730 1931/2448/1707 1933/2750/1936 1930/2747/1934
f 1930/2748/1934 1933/2751/1936 1932/2752/1937 1929/2749/1935
f 1931/2380/1707 1934/2379/1706 1936/2753/1938 1933/2754/1936
f 1933/2751/1936 1936/2755/1938 1935/2756/1939 1932/2752/1937
f 1934/2379/1706 1890/2420/1710 1891/2706/1909 1936/2753/1938
f 1936/2755/1938 1891/2707/1909 1889/2710/1911 1935/2756/1939
f 1889/2710/1911 1893/2709/1910 1896/2713/1913 1899/2717/1915 1902/2720/1917 1905/2723/1919 1908/2726/1921 1911/2730/1923 1914/2733/1925 1917/2736/1927 1920/2739/1929 1923/2743/1931 1926/2746/1933 1929/2749/1935 1932/2752/1937 1935/2756/1939
f 2028/2757/1940 2031/2758/1941 1941/2759/1942 1938/2760/1943
f 1950/2761/1944 1953/2762/1945 1959/2763/1946 1956/2764/1947
f 1956/2764/1947 1959/2763/1946 1965/2765/1948 1962/2766/1949
f 1962/2766/1949 1965/2765/1948 1971/2767/1950 1968/2768/1951
f 1968/2768/1951 1971/2767/1950 1977/2769/1952 1974/2770/1953
f 1974/2771/1953 1977/2772/1952 1983/2773/1954 1980/2774/1955
f 1980/2774/1955 1983/2773/1954 1989/2775/1956 1986/2776/1957
f 1986/2776/1957 1989/2775/1956 1995/2777/1958 1992/2778/1959
f 1992/2778/1959 1995/2777/1958 2001/2779/1960 1998/2780/1961
f 1998/2781/1961 2001/2782/1960 2007/2783/1962 2004/2784/1963
f 2004/2784/1963 2007/2783/1962 2013/2785/1964 2010/2786/1965
f 2010/2786/1965 2013/2785/1964 2019/2787/1966 2016/2788/1967
f 2016/2788/1967 2019/2787/1966 2025/2789/1968 2022/2790/1969
f 2022/2791/1969 2025/2792/1968 2031/2758/1941 2028/2757/1940
f 1946/2793/1970 1940/2794/1971 2030/2795/1972 2024/2796/1973 2018/2797/1974 2012/2798/1975 2006/2799/1976 2000/2800/1977 1994/2801/1978 1988/2802/1979 1982/2803/1980 1976/2804/1981 1970/2805/1982 1964/2806/1983 1958/2807/1984 1952/2808/1985
f 1938/2760/1943 1941/2759/1942 1947/2809/1986 1944/2810/1987
f 1944/2810/1987 1947/2809/1986 1953/2811/1945 1950/2812/1944
f 1938/2760/1943 1944/2810/1987 1945/2813/1988 1939/2814/1989
f 1939/2815/1989 1945/2816/1988 1943/2817/1990 1937/2818/1991
f 1947/2809/1986 1941/2759/1942 1942/2819/1992 1948/2820/1993
f 1948/2821/1993 1942/2822/1992 1940/2794/1971 1946/2793/1970
f 1944/2810/1987 1950/2812/1944 1951/2823/1994 1945/2813/1988
f 1945/2816/1988 1951/2824/1994 1949/2825/1995 1943/2817/1990
f 1953/2811/1945 1947/2809/1986 1948/2820/1993 1954/2826/1996
f 1954/2827/1996 1948/2821/1993 1946/2793/1970 1952/2808/1985
f 1950/2761/1944 1956/2764/1947 1957/2828/1997 1951/2829/1994
f 1951/2824/1994 1957/2830/1997 1955/2831/1998 1949/2825/1995
f 1959/2763/1946 1953/2762/1945 1954/2832/1996 1960/2833/1999
f 1960/2834/1999 1954/2827/1996 1952/2808/1985 1958/2807/1984
f 1956/2764/1947 1962/2766/1949 1963/2835/2000 1957/2828/1997
f 1957/2830/1997 1963/2836/2000 1961/2837/2001 1955/2831/1998
f 1965/2765/1948 1959/2763/1946 1960/2833/1999 1966/2838/2002
f 1966/2839/2002 1960/2834/1999 1958/2807/1984 1964/2806/1983
f 1962/2766/1949 1968/2768/1951 1969/2840/2003 1963/2835/2000
f 1963/2836/2000 1969/2841/2003 1967/2842/2004 1961/2837/2001
f 1971/2767/1950 1965/2765/1948 1966/2838/2002 1972/2843/2005
f 1972/2844/2005 1966/2839/2002 1964/2806/1983 1970/2805/1982
f 1968/2768/1951 1974/2770/1953 1975/2845/2006 1969/2840/2003
f 1969/2841/2003 1975/2846/2006 1973/2847/2007 1967/2842/2004
f 1977/2769/1952 1971/2767/1950 1972/2843/2005 1978/2848/2008
f 1978/2849/2008 1972/2844/2005 1970/2805/1982 1976/2804/1981
f 1974/2771/1953 1980/2774/1955 1981/2850/2009 1975/2851/2006
f 1975/2846/2006 1981/2852/2009 1979/2853/2010 1973/2847/2007
f 1983/2773/1954 1977/2772/1952 1978/2854/2008 1984/2855/2011
f 1984/2856/2011 1978/2849/2008 1976/2804/1981 1982/2803/1980
f 1980/2774/1955 1986/2776/1957 1987/2857/2012 1981/2850/2009
f 1981/2852/2009 1987/2858/2012 1985/2859/2013 1979/2853/2010
f 1989/2775/1956 1983/2773/1954 1984/2855/2011 1990/2860/2014
f 1990/2861/2014 1984/2856/2011 1982/2803/1980 1988/2802/1979
f 1986/2776/1957 1992/2778/1959 1993/2862/2015 1987/2857/2012
f 1987/2858/2012 1993/2863/2015 1991/2864/2016 1985/2859/2013
f 1995/2777/1958 1989/2775/1956 1990/2860/2014 1996/2865/2017
f 1996/2866/2017 1990/2861/2014 1988/2802/1979 1994/2801/1978
f 1992/2778/1959 1998/2780/1961 1999/2867/2018 1993/2862/2015
f 1993/2863/2015 1999/2868/2018 1997/2869/2019 1991/2864/2016
f 2001/2779/1960 1995/2777/1958 1996/2865/2017 2002/2870/2020
f 2002/2871/2020 1996/2866/2017 1994/2801/1978 2000/2800/1977
f 1998/2781/1961 2004/2784/1963 2005/2872/2021 1999/2873/2018
f 1999/2868/2018 2005/2874/2021 2003/2875/2022 1997/2869/2019
f 2007/2783/1962 2001/2782/1960 2002/2876/2020 2008/2877/2023
f 2008/2878/2023 2002/2871/2020 2000/2800/1977 2006/2799/1976
f 2004/2784/1963 2010/2786/1965 2011/2879/2024 2005/2872/2021
f 2005/2874/2021 2011/2880/2024 2009/2881/2025 2003/2875/2022
f 2013/2785/1964 2007/2783/1962 2008/2877/2023 2014/2882/2026
f 2014/2883/2026 2008/2878/2023 2006/2799/1976 2012/2798/1975
f 2010/2786/1965 2016/2788/1967 2017/2884/2027 2011/2879/2024
f 2011/2880/2024 2017/2885/2027 2015/2886/2028 2009/2881/2025
f 2019/2787/1966 2013/2785/1964 2014/2882/2026 2020/2887/2029
f 2020/2888/2029 2014/2883/2026 2012/2798/1975 2018/2797/1974
f 2016/2788/1967 2022/2790/1969 2023/2889/2030 2017/2884/2027
f 2017/2885/2027 2023/2890/2030 2021/2891/2031 2015/2886/2028
f 2025/2789/1968 2019/2787/1966 2020/2887/2029 2026/2892/2032
f 2026/2893/2032 2020/2888/2029 2018/2797/1974 2024/2796/1973
f 2022/2791/1969 2028/2757/1940 2029/2894/2033 2023/2895/2030
f 2023/2890/2030 2029/2896/2033 2027/2897/2034 2021/2891/2031
f 2031/2758/1941 2025/2792/1968 2026/2898/2032 2032/2899/2035
f 2032/2900/2035 2026/2893/2032 2024/2796/1973 2030/2795/1972
f 2028/2757/1940 1938/2760/1943 1939/2814/1989 2029/2894/2033
f 2029/2896/2033 1939/2815/1989 1937/2818/1991 2027/2897/2034
f 1941/2759/1942 2031/2758/1941 2032/2899/2035 1942/2819/1992
f 1942/2822/1992 2032/2900/2035 2030/2795/1972 1940/2794/1971
f 1937/2818/1991 1943/2817/1990 1949/2825/1995 1955/2831/1998 1961/2837/2001 1967/2842/2004 1973/2847/2007 1979/2853/2010 1985/2859/2013 1991/2864/2016 1997/2869/2019 2003/2875/2022 2009/2881/2025 2015/2886/2028 2021/2891/2031 2027/2897/2034
f 2124/2901/1940 2127/2902/2036 2037/2903/1942 2034/2904/1943
f 2046/2905/1944 2049/2906/1945 2055/2907/1946 2052/2908/1947
f 2052/2908/1947 2055/2907/1946 2061/2909/1948 2058/2910/1949
f 2058/2910/1949 2061/2909/1948 2067/2911/1950 2064/2912/1951
f 2064/2912/1951 2067/2911/1950 2073/2913/1952 2070/2914/1953
f 2070/2915/1953 2073/2916/1952 2079/2917/1954 2076/2918/1955
f 2076/2918/1955 2079/2917/1954 2085/2919/1956 2082/2920/1957
f 2082/2920/1957 2085/2919/1956 2091/2921/1958 2088/2922/1959
f 2088/2922/1959 2091/2921/1958 2097/2923/2037 2094/2924/1961
f 2094/2925/1961 2097/2926/2037 2103/2927/1962 2100/2928/1963
f 2100/2928/1963 2103/2927/1962 2109/2929/1964 2106/2930/1965
f 2106/2930/1965 2109/2929/1964 2115/2931/1966 2112/2932/1967
f 2112/2932/1967 2115/2931/1966 2121/2933/1968 2118/2934/1969
f 2118/2935/1969 2121/2936/1968 2127/2902/2036 2124/2901/1940
f 2042/2937/1970 2036/2938/1971 2126/2939/1972 2120/2940/1973 2114/2941/1974 2108/2942/1975 2102/2943/1976 2096/2944/1977 2090/2945/1978 2084/2946/1979 2078/2947/1980 2072/2948/1981 2066/2949/1982 2060/2950/1983 2054/2951/1984 2048/2952/1985
f 2034/2904/1943 2037/2903/1942 2043/2953/1986 2040/2954/1987
f 2040/2954/1987 2043/2953/1986 2049/2955/1945 2046/2956/1944
f 2034/2904/1943 2040/2954/1987 2041/2957/1988 2035/2958/1989
f 2035/2959/1989 2041/2960/1988 2039/2961/1990 2033/2962/1991
f 2043/2953/1986 2037/2903/1942 2038/2963/1992 2044/2964/1993
f 2044/2965/1993 2038/2966/1992 2036/2938/1971 2042/2937/1970
f 2040/2954/1987 2046/2956/1944 2047/2967/1994 2041/2957/1988
f 2041/2960/1988 2047/2968/1994 2045/2969/1995 2039/2961/1990
f 2049/2955/1945 2043/2953/1986 2044/2964/1993 2050/2970/1996
f 2050/2971/1996 2044/2965/1993 2042/2937/1970 2048/2952/1985
f 2046/2905/1944 2052/2908/1947 2053/2972/1997 2047/2973/1994
f 2047/2968/1994 2053/2974/1997 2051/2975/1998 2045/2969/1995
f 2055/2907/1946 2049/2906/1945 2050/2976/1996 2056/2977/1999
f 2056/2978/1999 2050/2971/1996 2048/2952/1985 2054/2951/1984
f 2052/2908/1947 2058/2910/1949 2059/2979/2000 2053/2972/1997
f 2053/2974/1997 2059/2980/2000 2057/2981/2001 2051/2975/1998
f 2061/2909/1948 2055/2907/1946 2056/2977/1999 2062/2982/2002
f 2062/2983/2002 2056/2978/1999 2054/2951/1984 2060/2950/1983
f 2058/2910/1949 2064/2912/1951 2065/2984/2003 2059/2979/2000
f 2059/2980/2000 2065/2985/2003 2063/2986/2004 2057/2981/2001
f 2067/2911/1950 2061/2909/1948 2062/2982/2002 2068/2987/2005
f 2068/2988/2005 2062/2983/2002 2060/2950/1983 2066/2949/1982
f 2064/2912/1951 2070/2914/1953 2071/2989/2006 2065/2984/2003
f 2065/2985/2003 2071/2990/2006 2069/2991/2007 2063/2986/2004
f 2073/2913/1952 2067/2911/1950 2068/2987/2005 2074/2992/2008
f 2074/2993/2008 2068/2988/2005 2066/2949/1982 2072/2948/1981
f 2070/2915/1953 2076/2918/1955 2077/2994/2009 2071/2995/2006
f 2071/2990/2006 2077/2996/2009 2075/2997/2010 2069/2991/2007
f 2079/2917/1954 2073/2916/1952 2074/2998/2008 2080/2999/2011
f 2080/3000/2011 2074/2993/2008 2072/2948/1981 2078/2947/1980
f 2076/2918/1955 2082/2920/1957 2083/3001/2012 2077/2994/2009
f 2077/2996/2009 2083/3002/2012 2081/3003/2013 2075/2997/2010
f 2085/2919/1956 2079/2917/1954 2080/2999/2011 2086/3004/2014
f 2086/3005/2014 2080/3000/2011 2078/2947/1980 2084/2946/1979
f 2082/2920/1957 2088/2922/1959 2089/3006/2015 2083/3001/2012
f 2083/3002/2012 2089/3007/2015 2087/3008/2016 2081/3003/2013
f 2091/2921/1958 2085/2919/1956 2086/3004/2014 2092/3009/2017
f 2092/3010/2017 2086/3005/2014 2084/2946/1979 2090/2945/1978
f 2088/2922/1959 2094/2924/1961 2095/3011/2018 2089/3006/2015
f 2089/3007/2015 2095/3012/2018 2093/3013/2019 2087/3008/2016
f 2097/2923/2037 2091/2921/1958 2092/3009/2017 2098/3014/2020
f 2098/3015/2020 2092/3010/2017 2090/2945/1978 2096/2944/1977
f 2094/2925/1961 2100/2928/1963 2101/3016/2021 2095/3017/2018
f 2095/3012/2018 2101/3018/2021 2099/3019/2022 2093/3013/2019
f 2103/2927/1962 2097/2926/2037 2098/3020/2020 2104/3021/2023
f 2104/3022/2023 2098/3015/2020 2096/2944/1977 2102/2943/1976
f 2100/2928/1963 2106/2930/1965 2107/3023/2024 2101/3016/2021
f 2101/3018/2021 2107/3024/2024 2105/3025/2025 2099/3019/2022
f 2109/2929/1964 2103/2927/1962 2104/3021/2023 2110/3026/2026
f 2110/3027/2026 2104/3022/2023 2102/2943/1976 2108/2942/1975
f 2106/2930/1965 2112/2932/1967 2113/3028/2027 2107/3023/2024
f 2107/3024/2024 2113/3029/2027 2111/3030/2028 2105/3025/2025
f 2115/2931/1966 2109/2929/1964 2110/3026/2026 2116/3031/2029
f 2116/3032/2029 2110/3027/2026 2108/2942/1975 2114/2941/1974
f 2112/2932/1967 2118/2934/1969 2119/3033/2030 2113/3028/2027
f 2113/3029/2027 2119/3034/2030 2117/3035/2031 2111/3030/2028
f 2121/2933/1968 2115/2931/1966 2116/3031/2029 2122/3036/2032
f 2122/3037/2032 2116/3032/2029 2114/2941/1974 2120/2940/1973
f 2118/2935/1969 2124/2901/1940 2125/3038/2033 2119/3039/2030
f 2119/3034/2030 2125/3040/2033 2123/3041/2034 2117/3035/2031
f 2127/2902/2036 2121/2936/1968 2122/3042/2032 2128/3043/2035
f 2128/3044/2035 2122/3037/2032 2120/2940/1973 2126/2939/1972
f 2124/2901/1940 2034/2904/1943 2035/2958/1989 2125/3038/2033
f 2125/3040/2033 2035/2959/1989 2033/2962/1991 2123/3041/2034
f 2037/2903/1942 2127/2902/2036 2128/3043/2035 2038/2963/1992
f 2038/2966/1992 2128/3044/2035 2126/2939/1972 2036/2938/1971
f 2033/2962/1991 2039/2961/1990 2045/2969/1995 2051/2975/1998 2057/2981/2001 2063/2986/2004 2069/2991/2007 2075/2997/2010 2081/3003/2013 2087/3008/2016 2093/3013/2019 2099/3019/2022 2105/3025/2025 2111/3030/2028 2117/3035/2031 2123/3041/2034
f 2184/3045/2038 2180/3046/2039 2178/3047/2039 2182/3048/2038
f 2147/3049/2040 2145/3050/2040 2144/3051/2041 2142/3052/2041
f 2133/3053/2042 2129/3054/2043 2131/3055/2043 2135/3056/2042
f 2135/3057/2044 2131/3058/2044 2132/3059/2044 2136/3060/2044
f 2129/3061/2045 2133/3062/2045 2134/3063/2045 2130/3064/2045
f 2134/3063/2045 2133/3062/2045 2140/3065/2045 2139/3066/2045
f 2136/3067/2038 2134/3068/2038 2139/3069/2046 2137/3070/2046
f 2133/3053/2042 2135/3056/2042 2138/3071/2047 2140/3072/2047
f 2135/3057/2044 2136/3060/2044 2137/3073/2044 2138/3074/2044
f 2148/3075/2045 2147/3076/2045 2142/3077/2045 2141/3078/2045
f 2145/3079/2044 2146/3080/2044 2143/3081/2044 2144/3082/2044
f 2146/3083/2048 2148/3084/2048 2141/3085/2049 2143/3086/2049
f 2131/3055/2043 2129/3054/2043 2148/3087/2048 2146/3088/2048
f 2132/3059/2044 2131/3058/2044 2146/3080/2044 2145/3079/2044
f 2129/3061/2045 2130/3064/2045 2147/3076/2045 2148/3075/2045
f 2130/3089/2039 2132/3090/2039 2145/3091/2040 2147/3092/2040
f 2139/3093/2050 2140/3094/2050 2152/3095/2051 2151/3096/2050
f 2137/3097/2050 2139/3093/2050 2151/3096/2050 2149/3098/2050
f 2140/3094/2050 2138/3099/2050 2150/3100/2051 2152/3095/2051
f 2138/3099/2050 2137/3097/2050 2149/3098/2050 2150/3100/2051
f 2151/3101/2045 2152/3102/2045 2156/3103/2045 2155/3104/2045
f 2149/3105/2052 2151/3106/2052 2155/3107/2053 2153/3108/2053
f 2152/3109/2051 2150/3110/2051 2154/3111/2054 2156/3112/2054
f 2150/3113/2044 2149/3114/2044 2153/3115/2044 2154/3116/2044
f 2156/3112/2054 2154/3111/2054 2158/3117/2055 2160/3118/2055
f 2154/3116/2044 2153/3115/2044 2157/3119/2044 2158/3120/2044
f 2155/3104/2045 2156/3103/2045 2160/3121/2045 2159/3122/2045
f 2153/3108/2053 2155/3107/2053 2159/3123/2056 2157/3124/2056
f 2158/3120/2044 2157/3119/2044 2161/3125/2044 2162/3126/2044
f 2159/3122/2045 2160/3121/2045 2164/3127/2045 2163/3128/2045
f 2157/3124/2056 2159/3123/2056 2163/3129/2057 2161/3130/2057
f 2160/3118/2055 2158/3117/2055 2162/3131/2058 2164/3132/2058
f 2163/3128/2045 2164/3127/2045 2168/3133/2045 2167/3134/2045
f 2161/3130/2057 2163/3129/2057 2167/3135/2059 2165/3136/2059
f 2164/3132/2058 2162/3131/2058 2166/3137/2060 2168/3138/2060
f 2162/3126/2044 2161/3125/2044 2165/3139/2044 2166/3140/2044
f 2168/3141/2061 2166/3142/2061 2170/3143/2061 2172/3144/2061
f 2166/3140/2044 2165/3139/2044 2169/3145/2044 2170/3146/2044
f 2167/3134/2045 2168/3133/2045 2172/3147/2045 2171/3148/2045
f 2165/3149/2062 2167/3150/2062 2171/3151/2062 2169/3152/2062
f 2142/3052/2063 2144/3051/2063 2176/3153/2063 2174/3154/2063
f 2141/3078/2045 2142/3077/2045 2174/3155/2045 2173/3156/2045
f 2144/3082/2044 2143/3081/2044 2175/3157/2044 2176/3158/2044
f 2143/3086/2064 2141/3085/2064 2173/3159/2064 2175/3160/2064
f 2232/3161/2038 2228/3162/2039 2226/3163/2039 2230/3164/2038
f 2195/3165/2040 2193/3166/2040 2192/3167/2041 2190/3168/2041
f 2181/3169/2042 2177/3170/2043 2179/3171/2043 2183/3172/2042
f 2183/3173/2044 2179/3174/2044 2180/3175/2044 2184/3176/2044
f 2177/3177/2045 2181/3178/2045 2182/3179/2045 2178/3180/2045
f 2182/3179/2045 2181/3178/2045 2188/3181/2045 2187/3182/2045
f 2184/3045/2038 2182/3048/2038 2187/3183/2046 2185/3184/2046
f 2181/3169/2042 2183/3172/2042 2186/3185/2047 2188/3186/2047
f 2183/3173/2044 2184/3176/2044 2185/3187/2044 2186/3188/2044
f 2196/3189/2045 2195/3190/2045 2190/3191/2045 2189/3192/2045
f 2193/3193/2044 2194/3194/2044 2191/3195/2044 2192/3196/2044
f 2194/3197/2048 2196/3198/2048 2189/3199/2049 2191/3200/2049
f 2179/3171/2043 2177/3170/2043 2196/3201/2048 2194/3202/2048
f 2180/3175/2044 2179/3174/2044 2194/3194/2044 2193/3193/2044
f 2177/3177/2045 2178/3180/2045 2195/3190/2045 2196/3189/2045
f 2178/3047/2039 2180/3046/2039 2193/3203/2040 2195/3204/2040
f 2187/3205/2050 2188/3206/2050 2200/3207/2051 2199/3208/2050
f 2185/3209/2050 2187/3205/2050 2199/3208/2050 2197/3210/2050
f 2188/3206/2050 2186/3211/2050 2198/3212/2051 2200/3207/2051
f 2186/3211/2050 2185/3209/2050 2197/3210/2050 2198/3212/2051
f 2199/3213/2045 2200/3214/2045 2204/3215/2045 2203/3216/2045
f 2197/3217/2052 2199/3218/2052 2203/3219/2053 2201/3220/2053
f 2200/3221/2051 2198/3222/2051 2202/3223/2054 2204/3224/2054
f 2198/3225/2044 2197/3226/2044 2201/3227/2044 2202/3228/2044
f 2204/3224/2054 2202/3223/2054 2206/3229/2055 2208/3230/2055
f 2202/3228/2044 2201/3227/2044 2205/3231/2044 2206/3232/2044
f 2203/3216/2045 2204/3215/2045 2208/3233/2045 2207/3234/2045
f 2201/3220/2053 2203/3219/2053 2207/3235/2056 2205/3236/2056
f 2206/3232/2044 2205/3231/2044 2209/3237/2044 2210/3238/2044
f 2207/3234/2045 2208/3233/2045 2212/3239/2045 2211/3240/2045
f 2205/3236/2056 2207/3235/2056 2211/3241/2057 2209/3242/2057
f 2208/3230/2055 2206/3229/2055 2210/3243/2058 2212/3244/2058
f 2211/3240/2045 2212/3239/2045 2216/3245/2045 2215/3246/2045
f 2209/3242/2057 2211/3241/2057 2215/3247/2059 2213/3248/2059
f 2212/3244/2058 2210/3243/2058 2214/3249/2060 2216/3250/2060
f 2210/3238/2044 2209/3237/2044 2213/3251/2044 2214/3252/2044
f 2216/3253/2061 2214/3254/2061 2218/3255/2061 2220/3256/2061
f 2214/3252/2044 2213/3251/2044 2217/3257/2044 2218/3258/2044
f 2215/3246/2045 2216/3245/2045 2220/3259/2045 2219/3260/2045
f 2213/3261/2062 2215/3262/2062 2219/3263/2062 2217/3264/2062
f 2190/3168/2063 2192/3167/2063 2224/3265/2063 2222/3266/2063
f 2189/3192/2045 2190/3191/2045 2222/3267/2045 2221/3268/2045
f 2192/3196/2044 2191/3195/2044 2223/3269/2044 2224/3270/2044
f 2191/3200/2064 2189/3199/2064 2221/3271/2064 2223/3272/2064
f 2280/3273/2038 2276/3274/2039 2274/3275/2039 2278/3276/2038
f 2243/3277/2040 2241/3278/2040 2240/3279/2041 2238/3280/2041
f 2229/3281/2042 2225/3282/2043 2227/3283/2043 2231/3284/2042
f 2231/3285/2044 2227/3286/2044 2228/3287/2044 2232/3288/2044
f 2225/3289/2045 2229/3290/2045 2230/3291/2045 2226/3292/2045
f 2230/3291/2045 2229/3290/2045 2236/3293/2045 2235/3294/2045
f 2232/3161/2038 2230/3164/2038 2235/3295/2046 2233/3296/2046
f 2229/3281/2042 2231/3284/2042 2234/3297/2047 2236/3298/2047
f 2231/3285/2044 2232/3288/2044 2233/3299/2044 2234/3300/2044
f 2244/3301/2045 2243/3302/2045 2238/3303/2045 2237/3304/2045
f 2241/3305/2044 2242/3306/2044 2239/3307/2044 2240/3308/2044
f 2242/3309/2048 2244/3310/2048 2237/3311/2049 2239/3312/2049
f 2227/3283/2043 2225/3282/2043 2244/3313/2048 2242/3314/2048
f 2228/3287/2044 2227/3286/2044 2242/3306/2044 2241/3305/2044
f 2225/3289/2045 2226/3292/2045 2243/3302/2045 2244/3301/2045
f 2226/3163/2039 2228/3162/2039 2241/3315/2040 2243/3316/2040
f 2235/3317/2050 2236/3318/2050 2248/3319/2051 2247/3320/2050
f 2233/3321/2050 2235/3317/2050 2247/3320/2050 2245/3322/2050
f 2236/3318/2050 2234/3323/2050 2246/3324/2051 2248/3319/2051
f 2234/3323/2050 2233/3321/2050 2245/3322/2050 2246/3324/2051
f 2247/3325/2045 2248/3326/2045 2252/3327/2045 2251/3328/2045
f 2245/3329/2052 2247/3330/2052 2251/3331/2053 2249/3332/2053
f 2248/3333/2051 2246/3334/2051 2250/3335/2054 2252/3336/2054
f 2246/3337/2044 2245/3338/2044 2249/3339/2044 2250/3340/2044
f 2252/3336/2054 2250/3335/2054 2254/3341/2055 2256/3342/2055
f 2250/3340/2044 2249/3339/2044 2253/3343/2044 2254/3344/2044
f 2251/3328/2045 2252/3327/2045 2256/3345/2045 2255/3346/2045
f 2249/3332/2053 2251/3331/2053 2255/3347/2056 2253/3348/2056
f 2254/3344/2044 2253/3343/2044 2257/3349/2044 2258/3350/2044
f 2255/3346/2045 2256/3345/2045 2260/3351/2045 2259/3352/2045
f 2253/3348/2056 2255/3347/2056 2259/3353/2057 2257/3354/2057
f 2256/3342/2055 2254/3341/2055 2258/3355/2058 2260/3356/2058
f 2259/3352/2045 2260/3351/2045 2264/3357/2045 2263/3358/2045
f 2257/3354/2057 2259/3353/2057 2263/3359/2059 2261/3360/2059
f 2260/3356/2058 2258/3355/2058 2262/3361/2060 2264/3362/2060
f 2258/3350/2044 2257/3349/2044 2261/3363/2044 2262/3364/2044
f 2264/3365/2061 2262/3366/2061 2266/3367/2061 2268/3368/2061
f 2262/3364/2044 2261/3363/2044 2265/3369/2044 2266/3370/2044
f 2263/3358/2045 2264/3357/2045 2268/3371/2045 2267/3372/2045
f 2261/3373/2062 2263/3374/2062 2267/3375/2062 2265/3376/2062
f 2238/3280/2063 2240/3279/2063 2272/3377/2063 2270/3378/2063
f 2237/3304/2045 2238/3303/2045 2270/3379/2045 2269/3380/2045
f 2240/3308/2044 2239/3307/2044 2271/3381/2044 2272/3382/2044
f 2239/3312/2064 2237/3311/2064 2269/3383/2064 2271/3384/2064
f 2328/3385/2038 2324/3386/2039 2322/3387/2039 2326/3388/2038
f 2291/3389/2040 2289/3390/2040 2288/3391/2041 2286/3392/2041
f 2277/3393/2042 2273/3394/2043 2275/3395/2043 2279/3396/2042
f 2279/3397/2044 2275/3398/2044 2276/3399/2044 2280/3400/2044
f 2273/3401/2045 2277/3402/2045 2278/3403/2045 2274/3404/2045
f 2278/3403/2045 2277/3402/2045 2284/3405/2045 2283/3406/2045
f 2280/3273/2038 2278/3276/2038 2283/3407/2046 2281/3408/2046
f 2277/3393/2042 2279/3396/2042 2282/3409/2047 2284/3410/2047
f 2279/3397/2044 2280/3400/2044 2281/3411/2044 2282/3412/2044
f 2292/3413/2045 2291/3414/2045 2286/3415/2045 2285/3416/2045
f 2289/3417/2044 2290/3418/2044 2287/3419/2044 2288/3420/2044
f 2290/3421/2048 2292/3422/2048 2285/3423/2049 2287/3424/2049
f 2275/3395/2043 2273/3394/2043 2292/3425/2048 2290/3426/2048
f 2276/3399/2044 2275/3398/2044 2290/3418/2044 2289/3417/2044
f 2273/3401/2045 2274/3404/2045 2291/3414/2045 2292/3413/2045
f 2274/3275/2039 2276/3274/2039 2289/3427/2040 2291/3428/2040
f 2283/3429/2050 2284/3430/2050 2296/3431/2051 2295/3432/2050
f 2281/3433/2050 2283/3429/2050 2295/3432/2050 2293/3434/2050
f 2284/3430/2050 2282/3435/2050 2294/3436/2051 2296/3431/2051
f 2282/3435/2050 2281/3433/2050 2293/3434/2050 2294/3436/2051
f 2295/3437/2045 2296/3438/2045 2300/3439/2045 2299/3440/2045
f 2293/3441/2052 2295/3442/2052 2299/3443/2053 2297/3444/2053
f 2296/3445/2051 2294/3446/2051 2298/3447/2054 2300/3448/2054
f 2294/3449/2044 2293/3450/2044 2297/3451/2044 2298/3452/2044
f 2300/3448/2054 2298/3447/2054 2302/3453/2055 2304/3454/2055
f 2298/3452/2044 2297/3451/2044 2301/3455/2044 2302/3456/2044
f 2299/3440/2045 2300/3439/2045 2304/3457/2045 2303/3458/2045
f 2297/3444/2053 2299/3443/2053 2303/3459/2056 2301/3460/2056
f 2302/3456/2044 2301/3455/2044 2305/3461/2044 2306/3462/2044
f 2303/3458/2045 2304/3457/2045 2308/3463/2045 2307/3464/2045
f 2301/3460/2056 2303/3459/2056 2307/3465/2057 2305/3466/2057
f 2304/3454/2055 2302/3453/2055 2306/3467/2058 2308/3468/2058
f 2307/3464/2045 2308/3463/2045 2312/3469/2045 2311/3470/2045
f 2305/3466/2057 2307/3465/2057 2311/3471/2059 2309/3472/2059
f 2308/3468/2058 2306/3467/2058 2310/3473/2060 2312/3474/2060
f 2306/3462/2044 2305/3461/2044 2309/3475/2044 2310/3476/2044
f 2312/3477/2061 2310/3478/2061 2314/3479/2061 2316/3480/2061
f 2310/3476/2044 2309/3475/2044 2313/3481/2044 2314/3482/2044
f 2311/3470/2045 2312/3469/2045 2316/3483/2045 2315/3484/2045
f 2309/3485/2062 2311/3486/2062 2315/3487/2062 2313/3488/2062
f 2286/3392/2063 2288/3391/2063 2320/3489/2063 2318/3490/2063
f 2285/3416/2045 2286/3415/2045 2318/3491/2045 2317/3492/2045
f 2288/3420/2044 2287/3419/2044 2319/3493/2044 2320/3494/2044
f 2287/3424/2064 2285/3423/2064 2317/3495/2064 2319/3496/2064
f 2376/3497/2038 2372/3498/2039 2370/3499/2039 2374/3500/2038
f 2339/3501/2040 2337/3502/2040 2336/3503/2041 2334/3504/2041
f 2325/3505/2042 2321/3506/2043 2323/3507/2043 2327/3508/2042
f 2327/3509/2044 2323/3510/2044 2324/3511/2044 2328/3512/2044
f 2321/3513/2045 2325/3514/2045 2326/3515/2045 2322/3516/2045
f 2326/3515/2045 2325/3514/2045 2332/3517/2045 2331/3518/2045
f 2328/3385/2038 2326/3388/2038 2331/3519/2046 2329/3520/2046
f 2325/3505/2042 2327/3508/2042 2330/3521/2047 2332/3522/2047
f 2327/3509/2044 2328/3512/2044 2329/3523/2044 2330/3524/2044
f 2340/3525/2045 2339/3526/2045 2334/3527/2045 2333/3528/2045
f 2337/3529/2044 2338/3530/2044 2335/3531/2044 2336/3532/2044
f 2338/3533/2048 2340/3534/2048 2333/3535/2049 2335/3536/2049
f 2323/3507/2043 2321/3506/2043 2340/3537/2048 2338/3538/2048
f 2324/3511/2044 2323/3510/2044 2338/3530/2044 2337/3529/2044
f 2321/3513/2045 2322/3516/2045 2339/3526/2045 2340/3525/2045
f 2322/3387/2039 2324/3386/2039 2337/3539/2040 2339/3540/2040
f 2331/3541/2050 2332/3542/2050 2344/3543/2051 2343/3544/2050
f 2329/3545/2050 2331/3541/2050 2343/3544/2050 2341/3546/2050
f 2332/3542/2050 2330/3547/2050 2342/3548/2051 2344/3543/2051
f 2330/3547/2050 2329/3545/2050 2341/3546/2050 2342/3548/2051
f 2343/3549/2045 2344/3550/2045 2348/3551/2045 2347/3552/2045
f 2341/3553/2052 2343/3554/2052 2347/3555/2053 2345/3556/2053
f 2344/3557/2051 2342/3558/2051 2346/3559/2054 2348/3560/2054
f 2342/3561/2044 2341/3562/2044 2345/3563/2044 2346/3564/2044
f 2348/3560/2054 2346/3559/2054 2350/3565/2055 2352/3566/2055
f 2346/3564/2044 2345/3563/2044 2349/3567/2044 2350/3568/2044
f 2347/3552/2045 2348/3551/2045 2352/3569/2045 2351/3570/2045
f 2345/3556/2053 2347/3555/2053 2351/3571/2056 2349/3572/2056
f 2350/3568/2044 2349/3567/2044 2353/3573/2044 2354/3574/2044
f 2351/3570/2045 2352/3569/2045 2356/3575/2045 2355/3576/2045
f 2349/3572/2056 2351/3571/2056 2355/3577/2057 2353/3578/2057
f 2352/3566/2055 2350/3565/2055 2354/3579/2058 2356/3580/2058
f 2355/3576/2045 2356/3575/2045 2360/3581/2045 2359/3582/2045
f 2353/3578/2057 2355/3577/2057 2359/3583/2059 2357/3584/2059
f 2356/3580/2058 2354/3579/2058 2358/3585/2060 2360/3586/2060
f 2354/3574/2044 2353/3573/2044 2357/3587/2044 2358/3588/2044
f 2360/3589/2061 2358/3590/2061 2362/3591/2061 2364/3592/2061
f 2358/3588/2044 2357/3587/2044 2361/3593/2044 2362/3594/2044
f 2359/3582/2045 2360/3581/2045 2364/3595/2045 2363/3596/2045
f 2357/3597/2062 2359/3598/2062 2363/3599/2062 2361/3600/2062
f 2334/3504/2063 2336/3503/2063 2368/3601/2063 2366/3602/2063
f 2333/3528/2045 2334/3527/2045 2366/3603/2045 2365/3604/2045
f 2336/3532/2044 2335/3531/2044 2367/3605/2044 2368/3606/2044
f 2335/3536/2064 2333/3535/2064 2365/3607/2064 2367/3608/2064
f 2424/3609/2038 2420/3610/2039 2418/3611/2039 2422/3612/2038
f 2387/3613/2040 2385/3614/2040 2384/3615/2041 2382/3616/2041
f 2373/3617/2042 2369/3618/2043 2371/3619/2043 2375/3620/2042
f 2375/3621/2044 2371/3622/2044 2372/3623/2044 2376/3624/2044
f 2369/3625/2045 2373/3626/2045 2374/3627/2045 2370/3628/2045
f 2374/3627/2045 2373/3626/2045 2380/3629/2045 2379/3630/2045
f 2376/3497/2038 2374/3500/2038 2379/3631/2046 2377/3632/2046
f 2373/3617/2042 2375/3620/2042 2378/3633/2047 2380/3634/2047
f 2375/3621/2044 2376/3624/2044 2377/3635/2044 2378/3636/2044
f 2388/3637/2045 2387/3638/2045 2382/3639/2045 2381/3640/2045
f 2385/3641/2044 2386/3642/2044 2383/3643/2044 2384/3644/2044
f 2386/3645/2048 2388/3646/2048 2381/3647/2049 2383/3648/2049
f 2371/3619/2043 2369/3618/2043 2388/3649/2048 2386/3650/2048
f 2372/3623/2044 2371/3622/2044 2386/3642/2044 2385/3641/2044
f 2369/3625/2045 2370/3628/2045 2387/3638/2045 2388/3637/2045
f 2370/3499/2039 2372/3498/2039 2385/3651/2040 2387/3652/2040
f 2379/3653/2050 2380/3654/2050 2392/3655/2051 2391/3656/2050
f 2377/3657/2050 2379/3653/2050 2391/3656/2050 2389/3658/2050
f 2380/3654/2050 2378/3659/2050 2390/3660/2051 2392/3655/2051
f 2378/3659/2050 2377/3657/2050 2389/3658/2050 2390/3660/2051
f 2391/3661/2045 2392/3662/2045 2396/3663/2045 2395/3664/2045
f 2389/3665/2052 2391/3666/2052 2395/3667/2053 2393/3668/2053
f 2392/3669/2051 2390/3670/2051 2394/3671/2054 2396/3672/2054
f 2390/3673/2044 2389/3674/2044 2393/3675/2044 2394/3676/2044
f 2396/3672/2054 2394/3671/2054 2398/3677/2055 2400/3678/2055
f 2394/3676/2044 2393/3675/2044 2397/3679/2044 2398/3680/2044
f 2395/3664/2045 2396/3663/2045 2400/3681/2045 2399/3682/2045
f 2393/3668/2053 2395/3667/2053 2399/3683/2056 2397/3684/2056
f 2398/3680/2044 2397/3679/2044 2401/3685/2044 2402/3686/2044
f 2399/3682/2045 2400/3681/2045 2404/3687/2045 2403/3688/2045
f 2397/3684/2056 2399/3683/2056 2403/3689/2057 2401/3690/2057
f 2400/3678/2055 2398/3677/2055 2402/3691/2058 2404/3692/2058
f 2403/3688/2045 2404/3687/2045 2408/3693/2045 2407/3694/2045
f 2401/3690/2057 2403/3689/2057 2407/3695/2059 2405/3696/2059
f 2404/3692/2058 2402/3691/2058 2406/3697/2060 2408/3698/2060
f 2402/3686/2044 2401/3685/2044 2405/3699/2044 2406/3700/2044
f 2408/3701/2061 2406/3702/2061 2410/3703/2061 2412/3704/2061
f 2406/3700/2044 2405/3699/2044 2409/3705/2044 2410/3706/2044
f 2407/3694/2045 2408/3693/2045 2412/3707/2045 2411/3708/2045
f 2405/3709/2062 2407/3710/2062 2411/3711/2062 2409/3712/2062
f 2382/3616/2063 2384/3615/2063 2416/3713/2063 2414/3714/2063
f 2381/3640/2045 2382/3639/2045 2414/3715/2045 2413/3716/2045
f 2384/3644/2044 2383/3643/2044 2415/3717/2044 2416/3718/2044
f 2383/3648/2064 2381/3647/2064 2413/3719/2064 2415/3720/2064
f 2472/3721/2038 2468/3722/2039 2466/3723/2039 2470/3724/2038
f 2435/3725/2040 2433/3726/2040 2432/3727/2041 2430/3728/2041
f 2421/3729/2042 2417/3730/2043 2419/3731/2043 2423/3732/2042
f 2423/3733/2044 2419/3734/2044 2420/3735/2044 2424/3736/2044
f 2417/3737/2045 2421/3738/2045 2422/3739/2045 2418/3740/2045
f 2422/3739/2045 2421/3738/2045 2428/3741/2045 2427/3742/2045
f 2424/3609/2038 2422/3612/2038 2427/3743/2046 2425/3744/2046
f 2421/3729/2042 2423/3732/2042 2426/3745/2047 2428/3746/2047
f 2423/3733/2044 2424/3736/2044 2425/3747/2044 2426/3748/2044
f 2436/3749/2045 2435/3750/2045 2430/3751/2045 2429/3752/2045
f 2433/3753/2044 2434/3754/2044 2431/3755/2044 2432/3756/2044
f 2434/3757/2048 2436/3758/2048 2429/3759/2049 2431/3760/2049
f 2419/3731/2043 2417/3730/2043 2436/3761/2048 2434/3762/2048
f 2420/3735/2044 2419/3734/2044 2434/3754/2044 2433/3753/2044
f 2417/3737/2045 2418/3740/2045 2435/3750/2045 2436/3749/2045
f 2418/3611/2039 2420/3610/2039 2433/3763/2040 2435/3764/2040
f 2427/3765/2050 2428/3766/2050 2440/3767/2051 2439/3768/2050
f 2425/3769/2050 2427/3765/2050 2439/3768/2050 2437/3770/2050
f 2428/3766/2050 2426/3771/2050 2438/3772/2051 2440/3767/2051
f 2426/3771/2050 2425/3769/2050 2437/3770/2050 2438/3772/2051
f 2439/3773/2045 2440/3774/2045 2444/3775/2045 2443/3776/2045
f 2437/3777/2052 2439/3778/2052 2443/3779/2053 2441/3780/2053
f 2440/3781/2051 2438/3782/2051 2442/3783/2054 2444/3784/2054
f 2438/3785/2044 2437/3786/2044 2441/3787/2044 2442/3788/2044
f 2444/3784/2054 2442/3783/2054 2446/3789/2055 2448/3790/2055
f 2442/3788/2044 2441/3787/2044 2445/3791/2044 2446/3792/2044
f 2443/3776/2045 2444/3775/2045 2448/3793/2045 2447/3794/2045
f 2441/3780/2053 2443/3779/2053 2447/3795/2056 2445/3796/2056
f 2446/3792/2044 2445/3791/2044 2449/3797/2044 2450/3798/2044
f 2447/3794/2045 2448/3793/2045 2452/3799/2045 2451/3800/2045
f 2445/3796/2056 2447/3795/2056 2451/3801/2057 2449/3802/2057
f 2448/3790/2055 2446/3789/2055 2450/3803/2058 2452/3804/2058
f 2451/3800/2045 2452/3799/2045 2456/3805/2045 2455/3806/2045
f 2449/3802/2057 2451/3801/2057 2455/3807/2059 2453/3808/2059
f 2452/3804/2058 2450/3803/2058 2454/3809/2060 2456/3810/2060
f 2450/3798/2044 2449/3797/2044 2453/3811/2044 2454/3812/2044
f 2456/3813/2061 2454/3814/2061 2458/3815/2061 2460/3816/2061
f 2454/3812/2044 2453/3811/2044 2457/3817/2044 2458/3818/2044
f 2455/3806/2045 2456/3805/2045 2460/3819/2045 2459/3820/2045
f 2453/3821/2062 2455/3822/2062 2459/3823/2062 2457/3824/2062
f 2430/3728/2063 2432/3727/2063 2464/3825/2063 2462/3826/2063
f 2429/3752/2045 2430/3751/2045 2462/3827/2045 2461/3828/2045
f 2432/3756/2044 2431/3755/2044 2463/3829/2044 2464/3830/2044
f 2431/3760/2064 2429/3759/2064 2461/3831/2064 2463/3832/2064
f 2520/3833/2038 2516/3834/2039 2514/3835/2039 2518/3836/2038
f 2483/3837/2040 2481/3838/2040 2480/3839/2041 2478/3840/2041
f 2469/3841/2042 2465/3842/2043 2467/3843/2043 2471/3844/2042
f 2471/3845/2044 2467/3846/2044 2468/3847/2044 2472/3848/2044
f 2465/3849/2045 2469/3850/2045 2470/3851/2045 2466/3852/2045
f 2470/3851/2045 2469/3850/2045 2476/3853/2045 2475/3854/2045
f 2472/3721/2038 2470/3724/2038 2475/3855/2046 2473/3856/2046
f 2469/3841/2042 2471/3844/2042 2474/3857/2047 2476/3858/2047
f 2471/3845/2044 2472/3848/2044 2473/3859/2044 2474/3860/2044
f 2484/3861/2045 2483/3862/2045 2478/3863/2045 2477/3864/2045
f 2481/3865/2044 2482/3866/2044 2479/3867/2044 2480/3868/2044
f 2482/3869/2048 2484/3870/2048 2477/3871/2049 2479/3872/2049
f 2467/3843/2043 2465/3842/2043 2484/3873/2048 2482/3874/2048
f 2468/3847/2044 2467/3846/2044 2482/3866/2044 2481/3865/2044
f 2465/3849/2045 2466/3852/2045 2483/3862/2045 2484/3861/2045
f 2466/3723/2039 2468/3722/2039 2481/3875/2040 2483/3876/2040
f 2475/3877/2050 2476/3878/2050 2488/3879/2051 2487/3880/2050
f 2473/3881/2050 2475/3877/2050 2487/3880/2050 2485/3882/2050
f 2476/3878/2050 2474/3883/2050 2486/3884/2051 2488/3879/2051
f 2474/3883/2050 2473/3881/2050 2485/3882/2050 2486/3884/2051
f 2487/3885/2045 2488/3886/2045 2492/3887/2045 2491/3888/2045
f 2485/3889/2052 2487/3890/2052 2491/3891/2053 2489/3892/2053
f 2488/3893/2051 2486/3894/2051 2490/3895/2054 2492/3896/2054
f 2486/3897/2044 2485/3898/2044 2489/3899/2044 2490/3900/2044
f 2492/3896/2054 2490/3895/2054 2494/3901/2055 2496/3902/2055
f 2490/3900/2044 2489/3899/2044 2493/3903/2044 2494/3904/2044
f 2491/3888/2045 2492/3887/2045 2496/3905/2045 2495/3906/2045
f 2489/3892/2053 2491/3891/2053 2495/3907/2056 2493/3908/2056
f 2494/3904/2044 2493/3903/2044 2497/3909/2044 2498/3910/2044
f 2495/3906/2045 2496/3905/2045 2500/3911/2045 2499/3912/2045
f 2493/3908/2056 2495/3907/2056 2499/3913/2057 2497/3914/2057
f 2496/3902/2055 2494/3901/2055 2498/3915/2058 2500/3916/2058
f 2499/3912/2045 2500/3911/2045 2504/3917/2045 2503/3918/2045
f 2497/3914/2057 2499/3913/2057 2503/3919/2059 2501/3920/2059
f 2500/3916/2058 2498/3915/2058 2502/3921/2060 2504/3922/2060
f 2498/3910/2044 2497/3909/2044 2501/3923/2044 2502/3924/2044
f 2504/3925/2061 2502/3926/2061 2506/3927/2061 2508/3928/2061
f 2502/3924/2044 2501/3923/2044 2505/3929/2044 2506/3930/2044
f 2503/3918/2045 2504/3917/2045 2508/3931/2045 2507/3932/2045
f 2501/3933/2062 2503/3934/2062 2507/3935/2062 2505/3936/2062
f 2478/3840/2063 2480/3839/2063 2512/3937/2063 2510/3938/2063
f 2477/3864/2045 2478/3863/2045 2510/3939/2045 2509/3940/2045
f 2480/3868/2044 2479/3867/2044 2511/3941/2044 2512/3942/2044
f 2479/3872/2064 2477/3871/2064 2509/3943/2064 2511/3944/2064
f 2568/3945/2038 2564/3946/2039 2562/3947/2039 2566/3948/2038
f 2531/3949/2040 2529/3950/2040 2528/3951/2041 2526/3952/2041
f 2517/3953/2042 2513/3954/2043 2515/3955/2043 2519/3956/2042
f 2519/3957/2044 2515/3958/2044 2516/3959/2044 2520/3960/2044
f 2513/3961/2045 2517/3962/2045 2518/3963/2045 2514/3964/2045
f 2518/3963/2045 2517/3962/2045 2524/3965/2045 2523/3966/2045
f 2520/3833/2038 2518/3836/2038 2523/3967/2046 2521/3968/2046
f 2517/3953/2042 2519/3956/2042 2522/3969/2047 2524/3970/2047
f 2519/3957/2044 2520/3960/2044 2521/3971/2044 2522/3972/2044
f 2532/3973/2045 2531/3974/2045 2526/3975/2045 2525/3976/2045
f 2529/3977/2044 2530/3978/2044 2527/3979/2044 2528/3980/2044
f 2530/3981/2048 2532/3982/2048 2525/3983/2049 2527/3984/2049
f 2515/3955/2043 2513/3954/2043 2532/3985/2048 2530/3986/2048
f 2516/3959/2044 2515/3958/2044 2530/3978/2044 2529/3977/2044
f 2513/3961/2045 2514/3964/2045 2531/3974/2045 2532/3973/2045
f 2514/3835/2039 2516/3834/2039 2529/3987/2040 2531/3988/2040
f 2523/3989/2050 2524/3990/2050 2536/3991/2051 2535/3992/2050
f 2521/3993/2050 2523/3989/2050 2535/3992/2050 2533/3994/2050
f 2524/3990/2050 2522/3995/2050 2534/3996/2051 2536/3991/2051
f 2522/3995/2050 2521/3993/2050 2533/3994/2050 2534/3996/2051
f 2535/3997/2045 2536/3998/2045 2540/3999/2045 2539/4000/2045
f 2533/4001/2052 2535/4002/2052 2539/4003/2053 2537/4004/2053
f 2536/4005/2051 2534/4006/2051 2538/4007/2054 2540/4008/2054
f 2534/4009/2044 2533/4010/2044 2537/4011/2044 2538/4012/2044
f 2540/4008/2054 2538/4007/2054 2542/4013/2055 2544/4014/2055
f 2538/4012/2044 2537/4011/2044 2541/4015/2044 2542/4016/2044
f 2539/4000/2045 2540/3999/2045 2544/4017/2045 2543/4018/2045
f 2537/4004/2053 2539/4003/2053 2543/4019/2056 2541/4020/2056
f 2542/4016/2044 2541/4015/2044 2545/4021/2044 2546/4022/2044
f 2543/4018/2045 2544/4017/2045 2548/4023/2045 2547/4024/2045
f 2541/4020/2056 2543/4019/2056 2547/4025/2057 2545/4026/2057
f 2544/4014/2055 2542/4013/2055 2546/4027/2058 2548/4028/2058
f 2547/4024/2045 2548/4023/2045 2552/4029/2045 2551/4030/2045
f 2545/4026/2057 2547/4025/2057 2551/4031/2059 2549/4032/2059
f 2548/4028/2058 2546/4027/2058 2550/4033/2060 2552/4034/2060
f 2546/4022/2044 2545/4021/2044 2549/4035/2044 2550/4036/2044
f 2552/4037/2061 2550/4038/2061 2554/4039/2061 2556/4040/2061
f 2550/4036/2044 2549/4035/2044 2553/4041/2044 2554/4042/2044
f 2551/4030/2045 2552/4029/2045 2556/4043/2045 2555/4044/2045
f 2549/4045/2062 2551/4046/2062 2555/4047/2062 2553/4048/2062
f 2526/3952/2063 2528/3951/2063 2560/4049/2063 2558/4050/2063
f 2525/3976/2045 2526/3975/2045 2558/4051/2045 2557/4052/2045
f 2528/3980/2044 2527/3979/2044 2559/4053/2044 2560/4054/2044
f 2527/3984/2064 2525/3983/2064 2557/4055/2064 2559/4056/2064
f 2616/4057/2038 2612/4058/2039 2610/4059/2039 2614/4060/2038
f 2579/4061/2040 2577/4062/2040 2576/4063/2041 2574/4064/2041
f 2565/4065/2042 2561/4066/2043 2563/4067/2043 2567/4068/2042
f 2567/4069/2044 2563/4070/2044 2564/4071/2044 2568/4072/2044
f 2561/4073/2045 2565/4074/2045 2566/4075/2045 2562/4076/2045
f 2566/4075/2045 2565/4074/2045 2572/4077/2045 2571/4078/2045
f 2568/3945/2038 2566/3948/2038 2571/4079/2046 2569/4080/2046
f 2565/4065/2042 2567/4068/2042 2570/4081/2047 2572/4082/2047
f 2567/4069/2044 2568/4072/2044 2569/4083/2044 2570/4084/2044
f 2580/4085/2045 2579/4086/2045 2574/4087/2045 2573/4088/2045
f 2577/4089/2044 2578/4090/2044 2575/4091/2044 2576/4092/2044
f 2578/4093/2048 2580/4094/2048 2573/4095/2049 2575/4096/2049
f 2563/4067/2043 2561/4066/2043 2580/4097/2048 2578/4098/2048
f 2564/4071/2044 2563/4070/2044 2578/4090/2044 2577/4089/2044
f 2561/4073/2045 2562/4076/2045 2579/4086/2045 2580/4085/2045
f 2562/3947/2039 2564/3946/2039 2577/4099/2040 2579/4100/2040
f 2571/4101/2050 2572/4102/2050 2584/4103/2051 2583/4104/2050
f 2569/4105/2050 2571/4101/2050 2583/4104/2050 2581/4106/2050
f 2572/4102/2050 2570/4107/2050 2582/4108/2051 2584/4103/2051
f 2570/4107/2050 2569/4105/2050 2581/4106/2050 2582/4108/2051
f 2583/4109/2045 2584/4110/2045 2588/4111/2045 2587/4112/2045
f 2581/4113/2052 2583/4114/2052 2587/4115/2053 2585/4116/2053
f 2584/4117/2051 2582/4118/2051 2586/4119/2054 2588/4120/2054
f 2582/4121/2044 2581/4122/2044 2585/4123/2044 2586/4124/2044
f 2588/4120/2054 2586/4119/2054 2590/4125/2055 2592/4126/2055
f 2586/4124/2044 2585/4123/2044 2589/4127/2044 2590/4128/2044
f 2587/4112/2045 2588/4111/2045 2592/4129/2045 2591/4130/2045
f 2585/4116/2053 2587/4115/2053 2591/4131/2056 2589/4132/2056
f 2590/4128/2044 2589/4127/2044 2593/4133/2044 2594/4134/2044
f 2591/4130/2045 2592/4129/2045 2596/4135/2045 2595/4136/2045
f 2589/4132/2056 2591/4131/2056 2595/4137/2057 2593/4138/2057
f 2592/4126/2055 2590/4125/2055 2594/4139/2058 2596/4140/2058
f 2595/4136/2045 2596/4135/2045 2600/4141/2045 2599/4142/2045
f 2593/4138/2057 2595/4137/2057 2599/4143/2059 2597/4144/2059
f 2596/4140/2058 2594/4139/2058 2598/4145/2060 2600/4146/2060
f 2594/4134/2044 2593/4133/2044 2597/4147/2044 2598/4148/2044
f 2600/4149/2061 2598/4150/2061 2602/4151/2061 2604/4152/2061
f 2598/4148/2044 2597/4147/2044 2601/4153/2044 2602/4154/2044
f 2599/4142/2045 2600/4141/2045 2604/4155/2045 2603/4156/2045
f 2597/4157/2062 2599/4158/2062 2603/4159/2062 2601/4160/2062
f 2574/4064/2063 2576/4063/2063 2608/4161/2063 2606/4162/2063
f 2573/4088/2045 2574/4087/2045 2606/4163/2045 2605/4164/2045
f 2576/4092/2044 2575/4091/2044 2607/4165/2044 2608/4166/2044
f 2575/4096/2064 2573/4095/2064 2605/4167/2064 2607/4168/2064
f 2664/4169/2038 2660/4170/2039 2658/4171/2039 2662/4172/2038
f 2627/4173/2040 2625/4174/2040 2624/4175/2041 2622/4176/2041
f 2613/4177/2042 2609/4178/2043 2611/4179/2043 2615/4180/2042
f 2615/4181/2044 2611/4182/2044 2612/4183/2044 2616/4184/2044
f 2609/4185/2045 2613/4186/2045 2614/4187/2045 2610/4188/2045
f 2614/4187/2045 2613/4186/2045 2620/4189/2045 2619/4190/2045
f 2616/4057/2038 2614/4060/2038 2619/4191/2046 2617/4192/2046
f 2613/4177/2042 2615/4180/2042 2618/4193/2047 2620/4194/2047
f 2615/4181/2044 2616/4184/2044 2617/4195/2044 2618/4196/2044
f 2628/4197/2045 2627/4198/2045 2622/4199/2045 2621/4200/2045
f 2625/4201/2044 2626/4202/2044 2623/4203/2044 2624/4204/2044
f 2626/4205/2048 2628/4206/2048 2621/4207/2049 2623/4208/2049
f 2611/4179/2043 2609/4178/2043 2628/4209/2048 2626/4210/2048
f 2612/4183/2044 2611/4182/2044 2626/4202/2044 2625/4201/2044
f 2609/4185/2045 2610/4188/2045 2627/4198/2045 2628/4197/2045
f 2610/4059/2039 2612/4058/2039 2625/4211/2040 2627/4212/2040
f 2619/4213/2050 2620/4214/2050 2632/4215/2051 2631/4216/2050
f 2617/4217/2050 2619/4213/2050 2631/4216/2050 2629/4218/2050
f 2620/4214/2050 2618/4219/2050 2630/4220/2051 2632/4215/2051
f 2618/4219/2050 2617/4217/2050 2629/4218/2050 2630/4220/2051
f 2631/4221/2045 2632/4222/2045 2636/4223/2045 2635/4224/2045
f 2629/4225/2052 2631/4226/2052 2635/4227/2053 2633/4228/2053
f 2632/4229/2051 2630/4230/2051 2634/4231/2054 2636/4232/2054
f 2630/4233/2044 2629/4234/2044 2633/4235/2044 2634/4236/2044
f 2636/4232/2054 2634/4231/2054 2638/4237/2055 2640/4238/2055
f 2634/4236/2044 2633/4235/2044 2637/4239/2044 2638/4240/2044
f 2635/4224/2045 2636/4223/2045 2640/4241/2045 2639/4242/2045
f 2633/4228/2053 2635/4227/2053 2639/4243/2056 2637/4244/2056
f 2638/4240/2044 2637/4239/2044 2641/4245/2044 2642/4246/2044
f 2639/4242/2045 2640/4241/2045 2644/4247/2045 2643/4248/2045
f 2637/4244/2056 2639/4243/2056 2643/4249/2057 2641/4250/2057
f 2640/4238/2055 2638/4237/2055 2642/4251/2058 2644/4252/2058
f 2643/4248/2045 2644/4247/2045 2648/4253/2045 2647/4254/2045
f 2641/4250/2057 2643/4249/2057 2647/4255/2059 2645/4256/2059
f 2644/4252/2058 2642/4251/2058 2646/4257/2060 2648/4258/2060
f 2642/4246/2044 2641/4245/2044 2645/4259/2044 2646/4260/2044
f 2648/4261/2061 2646/4262/2061 2650/4263/2061 2652/4264/2061
f 2646/4260/2044 2645/4259/2044 2649/4265/2044 2650/4266/2044
f 2647/4254/2045 2648/4253/2045 2652/4267/2045 2651/4268/2045
f 2645/4269/2062 2647/4270/2062 2651/4271/2062 2649/4272/2062
f 2622/4176/2063 2624/4175/2063 2656/4273/2063 2654/4274/2063
f 2621/4200/2045 2622/4199/2045 2654/4275/2045 2653/4276/2045
f 2624/4204/2044 2623/4203/2044 2655/4277/2044 2656/4278/2044
f 2623/4208/2064 2621/4207/2064 2653/4279/2064 2655/4280/2064
f 2712/4281/2038 2708/4282/2039 2706/4283/2039 2710/4284/2038
f 2675/4285/2040 2673/4286/2040 2672/4287/2041 2670/4288/2041
f 2661/4289/2042 2657/4290/2043 2659/4291/2043 2663/4292/2042
f 2663/4293/2044 2659/4294/2044 2660/4295/2044 2664/4296/2044
f 2657/4297/2045 2661/4298/2045 2662/4299/2045 2658/4300/2045
f 2662/4299/2045 2661/4298/2045 2668/4301/2045 2667/4302/2045
f 2664/4169/2038 2662/4172/2038 2667/4303/2046 2665/4304/2046
f 2661/4289/2042 2663/4292/2042 2666/4305/2047 2668/4306/2047
f 2663/4293/2044 2664/4296/2044 2665/4307/2044 2666/4308/2044
f 2676/4309/2045 2675/4310/2045 2670/4311/2045 2669/4312/2045
f 2673/4313/2044 2674/4314/2044 2671/4315/2044 2672/4316/2044
f 2674/4317/2048 2676/4318/2048 2669/4319/2049 2671/4320/2049
f 2659/4291/2043 2657/4290/2043 2676/4321/2048 2674/4322/2048
f 2660/4295/2044 2659/4294/2044 2674/4314/2044 2673/4313/2044
f 2657/4297/2045 2658/4300/2045 2675/4310/2045 2676/4309/2045
f 2658/4171/2039 2660/4170/2039 2673/4323/2040 2675/4324/2040
f 2667/4325/2050 2668/4326/2050 2680/4327/2051 2679/4328/2050
f 2665/4329/2050 2667/4325/2050 2679/4328/2050 2677/4330/2050
f 2668/4326/2050 2666/4331/2050 2678/4332/2051 2680/4327/2051
f 2666/4331/2050 2665/4329/2050 2677/4330/2050 2678/4332/2051
f 2679/4333/2045 2680/4334/2045 2684/4335/2045 2683/4336/2045
f 2677/4337/2052 2679/4338/2052 2683/4339/2053 2681/4340/2053
f 2680/4341/2051 2678/4342/2051 2682/4343/2054 2684/4344/2054
f 2678/4345/2044 2677/4346/2044 2681/4347/2044 2682/4348/2044
f 2684/4344/2054 2682/4343/2054 2686/4349/2055 2688/4350/2055
f 2682/4348/2044 2681/4347/2044 2685/4351/2044 2686/4352/2044
f 2683/4336/2045 2684/4335/2045 2688/4353/2045 2687/4354/2045
f 2681/4340/2053 2683/4339/2053 2687/4355/2056 2685/4356/2056
f 2686/4352/2044 2685/4351/2044 2689/4357/2044 2690/4358/2044
f 2687/4354/2045 2688/4353/2045 2692/4359/2045 2691/4360/2045
f 2685/4356/2056 2687/4355/2056 2691/4361/2057 2689/4362/2057
f 2688/4350/2055 2686/4349/2055 2690/4363/2058 2692/4364/2058
f 2691/4360/2045 2692/4359/2045 2696/4365/2045 2695/4366/2045
f 2689/4362/2057 2691/4361/2057 2695/4367/2059 2693/4368/2059
f 2692/4364/2058 2690/4363/2058 2694/4369/2060 2696/4370/2060
f 2690/4358/2044 2689/4357/2044 2693/4371/2044 2694/4372/2044
f 2696/4373/2061 2694/4374/2061 2698/4375/2061 2700/4376/2061
f 2694/4372/2044 2693/4371/2044 2697/4377/2044 2698/4378/2044
f 2695/4366/2045 2696/4365/2045 2700/4379/2045 2699/4380/2045
f 2693/4381/2062 2695/4382/2062 2699/4383/2062 2697/4384/2062
f 2670/4288/2063 2672/4287/2063 2704/4385/2063 2702/4386/2063
f 2669/4312/2045 2670/4311/2045 2702/4387/2045 2701/4388/2045
f 2672/4316/2044 2671/4315/2044 2703/4389/2044 2704/4390/2044
f 2671/4320/2064 2669/4319/2064 2701/4391/2064 2703/4392/2064
f 2760/4393/2038 2756/4394/2039 2754/4395/2039 2758/4396/2038
f 2723/4397/2040 2721/4398/2040 2720/4399/2041 2718/4400/2041
f 2709/4401/2042 2705/4402/2043 2707/4403/2043 2711/4404/2042
f 2711/4405/2044 2707/4406/2044 2708/4407/2044 2712/4408/2044
f 2705/4409/2045 2709/4410/2045 2710/4411/2045 2706/4412/2045
f 2710/4411/2045 2709/4410/2045 2716/4413/2045 2715/4414/2045
f 2712/4281/2038 2710/4284/2038 2715/4415/2046 2713/4416/2046
f 2709/4401/2042 2711/4404/2042 2714/4417/2047 2716/4418/2047
f 2711/4405/2044 2712/4408/2044 2713/4419/2044 2714/4420/2044
f 2724/4421/2045 2723/4422/2045 2718/4423/2045 2717/4424/2045
f 2721/4425/2044 2722/4426/2044 2719/4427/2044 2720/4428/2044
f 2722/4429/2048 2724/4430/2048 2717/4431/2049 2719/4432/2049
f 2707/4403/2043 2705/4402/2043 2724/4433/2048 2722/4434/2048
f 2708/4407/2044 2707/4406/2044 2722/4426/2044 2721/4425/2044
f 2705/4409/2045 2706/4412/2045 2723/4422/2045 2724/4421/2045
f 2706/4283/2039 2708/4282/2039 2721/4435/2040 2723/4436/2040
f 2715/4437/2050 2716/4438/2050 2728/4439/2051 2727/4440/2050
f 2713/4441/2050 2715/4437/2050 2727/4440/2050 2725/4442/2050
f 2716/4438/2050 2714/4443/2050 2726/4444/2051 2728/4439/2051
f 2714/4443/2050 2713/4441/2050 2725/4442/2050 2726/4444/2051
f 2727/4445/2045 2728/4446/2045 2732/4447/2045 2731/4448/2045
f 2725/4449/2052 2727/4450/2052 2731/4451/2053 2729/4452/2053
f 2728/4453/2051 2726/4454/2051 2730/4455/2054 2732/4456/2054
f 2726/4457/2044 2725/4458/2044 2729/4459/2044 2730/4460/2044
f 2732/4456/2054 2730/4455/2054 2734/4461/2055 2736/4462/2055
f 2730/4460/2044 2729/4459/2044 2733/4463/2044 2734/4464/2044
f 2731/4448/2045 2732/4447/2045 2736/4465/2045 2735/4466/2045
f 2729/4452/2053 2731/4451/2053 2735/4467/2056 2733/4468/2056
f 2734/4464/2044 2733/4463/2044 2737/4469/2044 2738/4470/2044
f 2735/4466/2045 2736/4465/2045 2740/4471/2045 2739/4472/2045
f 2733/4468/2056 2735/4467/2056 2739/4473/2057 2737/4474/2057
f 2736/4462/2055 2734/4461/2055 2738/4475/2058 2740/4476/2058
f 2739/4472/2045 2740/4471/2045 2744/4477/2045 2743/4478/2045
f 2737/4474/2057 2739/4473/2057 2743/4479/2059 2741/4480/2059
f 2740/4476/2058 2738/4475/2058 2742/4481/2060 2744/4482/2060
f 2738/4470/2044 2737/4469/2044 2741/4483/2044 2742/4484/2044
f 2744/4485/2061 2742/4486/2061 2746/4487/2061 2748/4488/2061
f 2742/4484/2044 2741/4483/2044 2745/4489/2044 2746/4490/2044
f 2743/4478/2045 2744/4477/2045 2748/4491/2045 2747/4492/2045
f 2741/4493/2062 2743/4494/2062 2747/4495/2062 2745/4496/2062
f 2718/4400/2063 2720/4399/2063 2752/4497/2063 2750/4498/2063
f 2717/4424/2045 2718/4423/2045 2750/4499/2045 2749/4500/2045
f 2720/4428/2044 2719/4427/2044 2751/4501/2044 2752/4502/2044
f 2719/4432/2064 2717/4431/2064 2749/4503/2064 2751/4504/2064
f 2808/4505/2038 2804/4506/2039 2802/4507/2039 2806/4508/2038
f 2771/4509/2040 2769/4510/2040 2768/4511/2041 2766/4512/2041
f 2757/4513/2042 2753/4514/2043 2755/4515/2043 2759/4516/2042
f 2759/4517/2044 2755/4518/2044 2756/4519/2044 2760/4520/2044
f 2753/4521/2045 2757/4522/2045 2758/4523/2045 2754/4524/2045
f 2758/4523/2045 2757/4522/2045 2764/4525/2045 2763/4526/2045
f 2760/4393/2038 2758/4396/2038 2763/4527/2046 2761/4528/2046
f 2757/4513/2042 2759/4516/2042 2762/4529/2047 2764/4530/2047
f 2759/4517/2044 2760/4520/2044 2761/4531/2044 2762/4532/2044
f 2772/4533/2045 2771/4534/2045 2766/4535/2045 2765/4536/2045
f 2769/4537/2044 2770/4538/2044 2767/4539/2044 2768/4540/2044
f 2770/4541/2048 2772/4542/2048 2765/4543/2049 2767/4544/2049
f 2755/4515/2043 2753/4514/2043 2772/4545/2048 2770/4546/2048
f 2756/4519/2044 2755/4518/2044 2770/4538/2044 2769/4537/2044
f 2753/4521/2045 2754/4524/2045 2771/4534/2045 2772/4533/2045
f 2754/4395/2039 2756/4394/2039 2769/4547/2040 2771/4548/2040
f 2763/4549/2050 2764/4550/2050 2776/4551/2051 2775/4552/2050
f 2761/4553/2050 2763/4549/2050 2775/4552/2050 2773/4554/2050
f 2764/4550/2050 2762/4555/2050 2774/4556/2051 2776/4551/2051
f 2762/4555/2050 2761/4553/2050 2773/4554/2050 2774/4556/2051
f 2775/4557/2045 2776/4558/2045 2780/4559/2045 2779/4560/2045
f 2773/4561/2052 2775/4562/2052 2779/4563/2053 2777/4564/2053
f 2776/4565/2051 2774/4566/2051 2778/4567/2054 2780/4568/2054
f 2774/4569/2044 2773/4570/2044 2777/4571/2044 2778/4572/2044
f 2780/4568/2054 2778/4567/2054 2782/4573/2055 2784/4574/2055
f 2778/4572/2044 2777/4571/2044 2781/4575/2044 2782/4576/2044
f 2779/4560/2045 2780/4559/2045 2784/4577/2045 2783/4578/2045
f 2777/4564/2053 2779/4563/2053 2783/4579/2056 2781/4580/2056
f 2782/4576/2044 2781/4575/2044 2785/4581/2044 2786/4582/2044
f 2783/4578/2045 2784/4577/2045 2788/4583/2045 2787/4584/2045
f 2781/4580/2056 2783/4579/2056 2787/4585/2057 2785/4586/2057
f 2784/4574/2055 2782/4573/2055 2786/4587/2058 2788/4588/2058
f 2787/4584/2045 2788/4583/2045 2792/4589/2045 2791/4590/2045
f 2785/4586/2057 2787/4585/2057 2791/4591/2059 2789/4592/2059
f 2788/4588/2058 2786/4587/2058 2790/4593/2060 2792/4594/2060
f 2786/4582/2044 2785/4581/2044 2789/4595/2044 2790/4596/2044
f 2792/4597/2061 2790/4598/2061 2794/4599/2061 2796/4600/2061
f 2790/4596/2044 2789/4595/2044 2793/4601/2044 2794/4602/2044
f 2791/4590/2045 2792/4589/2045 2796/4603/2045 2795/4604/2045
f 2789/4605/2062 2791/4606/2062 2795/4607/2062 2793/4608/2062
f 2766/4512/2063 2768/4511/2063 2800/4609/2063 2798/4610/2063
f 2765/4536/2045 2766/4535/2045 2798/4611/2045 2797/4612/2045
f 2768/4540/2044 2767/4539/2044 2799/4613/2044 2800/4614/2044
f 2767/4544/2064 2765/4543/2064 2797/4615/2064 2799/4616/2064
f 2819/4617/2040 2817/4618/2040 2816/4619/2041 2814/4620/2041
f 2805/4621/2042 2801/4622/2043 2803/4623/2043 2807/4624/2042
f 2807/4625/2044 2803/4626/2044 2804/4627/2044 2808/4628/2044
f 2801/4629/2045 2805/4630/2045 2806/4631/2045 2802/4632/2045
f 2806/4631/2045 2805/4630/2045 2812/4633/2045 2811/4634/2045
f 2808/4505/2038 2806/4508/2038 2811/4635/2046 2809/4636/2046
f 2805/4621/2042 2807/4624/2042 2810/4637/2047 2812/4638/2047
f 2807/4625/2044 2808/4628/2044 2809/4639/2044 2810/4640/2044
f 2820/4641/2045 2819/4642/2045 2814/4643/2045 2813/4644/2045
f 2817/4645/2044 2818/4646/2044 2815/4647/2044 2816/4648/2044
f 2818/4649/2048 2820/4650/2048 2813/4651/2049 2815/4652/2049
f 2803/4623/2043 2801/4622/2043 2820/4653/2048 2818/4654/2048
f 2804/4627/2044 2803/4626/2044 2818/4646/2044 2817/4645/2044
f 2801/4629/2045 2802/4632/2045 2819/4642/2045 2820/4641/2045
f 2802/4507/2039 2804/4506/2039 2817/4655/2040 2819/4656/2040
f 2811/4657/2050 2812/4658/2050 2824/4659/2051 2823/4660/2050
f 2809/4661/2050 2811/4657/2050 2823/4660/2050 2821/4662/2050
f 2812/4658/2050 2810/4663/2050 2822/4664/2051 2824/4659/2051
f 2810/4663/2050 2809/4661/2050 2821/4662/2050 2822/4664/2051
f 2823/4665/2045 2824/4666/2045 2828/4667/2045 2827/4668/2045
f 2821/4669/2052 2823/4670/2052 2827/4671/2053 2825/4672/2053
f 2824/4673/2051 2822/4674/2051 2826/4675/2054 2828/4676/2054
f 2822/4677/2044 2821/4678/2044 2825/4679/2044 2826/4680/2044
f 2828/4676/2054 2826/4675/2054 2830/4681/2055 2832/4682/2055
f 2826/4680/2044 2825/4679/2044 2829/4683/2044 2830/4684/2044
f 2827/4668/2045 2828/4667/2045 2832/4685/2045 2831/4686/2045
f 2825/4672/2053 2827/4671/2053 2831/4687/2056 2829/4688/2056
f 2830/4684/2044 2829/4683/2044 2833/4689/2044 2834/4690/2044
f 2831/4686/2045 2832/4685/2045 2836/4691/2045 2835/4692/2045
f 2829/4688/2056 2831/4687/2056 2835/4693/2057 2833/4694/2057
f 2832/4682/2055 2830/4681/2055 2834/4695/2058 2836/4696/2058
f 2835/4692/2045 2836/4691/2045 2840/4697/2045 2839/4698/2045
f 2833/4694/2057 2835/4693/2057 2839/4699/2059 2837/4700/2059
f 2836/4696/2058 2834/4695/2058 2838/4701/2060 2840/4702/2060
f 2834/4690/2044 2833/4689/2044 2837/4703/2044 2838/4704/2044
f 2840/4705/2061 2838/4706/2061 2842/4707/2061 2844/4708/2061
f 2838/4704/2044 2837/4703/2044 2841/4709/2044 2842/4710/2044
f 2839/4698/2045 2840/4697/2045 2844/4711/2045 2843/4712/2045
f 2837/4713/2062 2839/4714/2062 2843/4715/2062 2841/4716/2062
f 2814/4620/2063 2816/4619/2063 2848/4717/2063 2846/4718/2063
f 2813/4644/2045 2814/4643/2045 2846/4719/2045 2845/4720/2045
f 2816/4648/2044 2815/4647/2044 2847/4721/2044 2848/4722/2044
f 2815/4652/2064 2813/4651/2064 2845/4723/2064 2847/4724/2064
f 2136/3067/2038 2132/3090/2039 2130/3089/2039 2134/3068/2038
f 2940/4725/1940 2943/4726/1941 2853/4727/1942 2850/4728/1943
f 2862/4729/1944 2865/4730/1945 2871/4731/1946 2868/4732/1947
f 2868/4732/1947 2871/4731/1946 2877/4733/1948 2874/4734/1949
f 2874/4734/1949 2877/4733/1948 2883/4735/1950 2880/4736/1951
f 2880/4736/1951 2883/4735/1950 2889/4737/1952 2886/4738/1953
f 2886/4739/1953 2889/4740/1952 2895/4741/1954 2892/4742/1955
f 2892/4742/1955 2895/4741/1954 2901/4743/1956 2898/4744/1957
f 2898/4744/1957 2901/4743/1956 2907/4745/1958 2904/4746/1959
f 2904/4746/1959 2907/4745/1958 2913/4747/1960 2910/4748/1961
f 2910/4749/1961 2913/4750/1960 2919/4751/1962 2916/4752/1963
f 2916/4752/1963 2919/4751/1962 2925/4753/1964 2922/4754/1965
f 2922/4754/1965 2925/4753/1964 2931/4755/1966 2928/4756/1967
f 2928/4756/1967 2931/4755/1966 2937/4757/1968 2934/4758/1969
f 2934/4759/1969 2937/4760/1968 2943/4726/1941 2940/4725/1940
f 2858/4761/1970 2852/4762/1971 2942/4763/1972 2936/4764/1973 2930/4765/1974 2924/4766/1975 2918/4767/1976 2912/4768/1977 2906/4769/1978 2900/4770/1979 2894/4771/1980 2888/4772/1981 2882/4773/1982 2876/4774/1983 2870/4775/1984 2864/4776/1985
f 2850/4728/1943 2853/4727/1942 2859/4777/1986 2856/4778/1987
f 2856/4778/1987 2859/4777/1986 2865/4779/1945 2862/4780/1944
f 2850/4728/1943 2856/4778/1987 2857/4781/1988 2851/4782/1989
f 2851/4783/1989 2857/4784/1988 2855/4785/1990 2849/4786/1991
f 2859/4777/1986 2853/4727/1942 2854/4787/1992 2860/4788/1993
f 2860/4789/1993 2854/4790/1992 2852/4762/1971 2858/4761/1970
f 2856/4778/1987 2862/4780/1944 2863/4791/1994 2857/4781/1988
f 2857/4784/1988 2863/4792/1994 2861/4793/1995 2855/4785/1990
f 2865/4779/1945 2859/4777/1986 2860/4788/1993 2866/4794/1996
f 2866/4795/1996 2860/4789/1993 2858/4761/1970 2864/4776/1985
f 2862/4729/1944 2868/4732/1947 2869/4796/1997 2863/4797/1994
f 2863/4792/1994 2869/4798/1997 2867/4799/1998 2861/4793/1995
f 2871/4731/1946 2865/4730/1945 2866/4800/1996 2872/4801/1999
f 2872/4802/1999 2866/4795/1996 2864/4776/1985 2870/4775/1984
f 2868/4732/1947 2874/4734/1949 2875/4803/2000 2869/4796/1997
f 2869/4798/1997 2875/4804/2000 2873/4805/2001 2867/4799/1998
f 2877/4733/1948 2871/4731/1946 2872/4801/1999 2878/4806/2002
f 2878/4807/2002 2872/4802/1999 2870/4775/1984 2876/4774/1983
f 2874/4734/1949 2880/4736/1951 2881/4808/2003 2875/4803/2000
f 2875/4804/2000 2881/4809/2003 2879/4810/2004 2873/4805/2001
f 2883/4735/1950 2877/4733/1948 2878/4806/2002 2884/4811/2005
f 2884/4812/2005 2878/4807/2002 2876/4774/1983 2882/4773/1982
f 2880/4736/1951 2886/4738/1953 2887/4813/2006 2881/4808/2003
f 2881/4809/2003 2887/4814/2006 2885/4815/2007 2879/4810/2004
f 2889/4737/1952 2883/4735/1950 2884/4811/2005 2890/4816/2008
f 2890/4817/2008 2884/4812/2005 2882/4773/1982 2888/4772/1981
f 2886/4739/1953 2892/4742/1955 2893/4818/2009 2887/4819/2006
f 2887/4814/2006 2893/4820/2009 2891/4821/2010 2885/4815/2007
f 2895/4741/1954 2889/4740/1952 2890/4822/2008 2896/4823/2011
f 2896/4824/2011 2890/4817/2008 2888/4772/1981 2894/4771/1980
f 2892/4742/1955 2898/4744/1957 2899/4825/2012 2893/4818/2009
f 2893/4820/2009 2899/4826/2012 2897/4827/2013 2891/4821/2010
f 2901/4743/1956 2895/4741/1954 2896/4823/2011 2902/4828/2014
f 2902/4829/2014 2896/4824/2011 2894/4771/1980 2900/4770/1979
f 2898/4744/1957 2904/4746/1959 2905/4830/2015 2899/4825/2012
f 2899/4826/2012 2905/4831/2015 2903/4832/2016 2897/4827/2013
f 2907/4745/1958 2901/4743/1956 2902/4828/2014 2908/4833/2017
f 2908/4834/2017 2902/4829/2014 2900/4770/1979 2906/4769/1978
f 2904/4746/1959 2910/4748/1961 2911/4835/2018 2905/4830/2015
f 2905/4831/2015 2911/4836/2018 2909/4837/2019 2903/4832/2016
f 2913/4747/1960 2907/4745/1958 2908/4833/2017 2914/4838/2020
f 2914/4839/2020 2908/4834/2017 2906/4769/1978 2912/4768/1977
f 2910/4749/1961 2916/4752/1963 2917/4840/2021 2911/4841/2018
f 2911/4836/2018 2917/4842/2021 2915/4843/2022 2909/4837/2019
f 2919/4751/1962 2913/4750/1960 2914/4844/2020 2920/4845/2023
f 2920/4846/2023 2914/4839/2020 2912/4768/1977 2918/4767/1976
f 2916/4752/1963 2922/4754/1965 2923/4847/2024 2917/4840/2021
f 2917/4842/2021 2923/4848/2024 2921/4849/2025 2915/4843/2022
f 2925/4753/1964 2919/4751/1962 2920/4845/2023 2926/4850/2026
f 2926/4851/2026 2920/4846/2023 2918/4767/1976 2924/4766/1975
f 2922/4754/1965 2928/4756/1967 2929/4852/2027 2923/4847/2024
f 2923/4848/2024 2929/4853/2027 2927/4854/2028 2921/4849/2025
f 2931/4755/1966 2925/4753/1964 2926/4850/2026 2932/4855/2029
f 2932/4856/2029 2926/4851/2026 2924/4766/1975 2930/4765/1974
f 2928/4756/1967 2934/4758/1969 2935/4857/2030 2929/4852/2027
f 2929/4853/2027 2935/4858/2030 2933/4859/2031 2927/4854/2028
f 2937/4757/1968 2931/4755/1966 2932/4855/2029 2938/4860/2032
f 2938/4861/2032 2932/4856/2029 2930/4765/1974 2936/4764/1973
f 2934/4759/1969 2940/4725/1940 2941/4862/2033 2935/4863/2030
f 2935/4858/2030 2941/4864/2033 2939/4865/2034 2933/4859/2031
f 2943/4726/1941 2937/4760/1968 2938/4866/2032 2944/4867/2035
f 2944/4868/2035 2938/4861/2032 2936/4764/1973 2942/4763/1972
f 2940/4725/1940 2850/4728/1943 2851/4782/1989 2941/4862/2033
f 2941/4864/2033 2851/4783/1989 2849/4786/1991 2939/4865/2034
f 2853/4727/1942 2943/4726/1941 2944/4867/2035 2854/4787/1992
f 2854/4790/1992 2944/4868/2035 2942/4763/1972 2852/4762/1971
f 2849/4786/1991 2855/4785/1990 2861/4793/1995 2867/4799/1998 2873/4805/2001 2879/4810/2004 2885/4815/2007 2891/4821/2010 2897/4827/2013 2903/4832/2016 2909/4837/2019 2915/4843/2022 2921/4849/2025 2927/4854/2028 2933/4859/2031 2939/4865/2034
f 2984/4869/2065 2972/4870/2066 2970/4871/2066 2982/4872/2065
f 2948/4873/2044 2947/4874/2044 2951/4875/2044 2952/4876/2044
f 2952/4876/2044 2951/4875/2044 2955/4877/2044 2956/4878/2044
f 2947/4879/2067 2945/4880/2067 2950/4881/2068 2951/4882/2068
f 2946/4883/2066 2948/4884/2066 2952/4885/2069 2949/4886/2069
f 2945/4887/2045 2946/4888/2045 2949/4889/2045 2950/4890/2045
f 2951/4891/2070 2950/4892/2070 2954/4893/2070 2955/4894/2070
f 2949/4895/2071 2952/4896/2071 2956/4897/2071 2953/4898/2071
f 2950/4890/2045 2949/4889/2045 2953/4899/2045 2954/4900/2045
f 2957/4901/2072 2945/4880/2067 2947/4879/2067 2959/4902/2072
f 2959/4903/2044 2947/4874/2044 2948/4873/2044 2960/4904/2044
f 2945/4887/2045 2957/4905/2045 2958/4906/2045 2946/4888/2045
f 2960/4904/2044 2964/4907/2044 2963/4908/2044 2959/4903/2044
f 2964/4907/2044 2968/4909/2044 2967/4910/2044 2963/4908/2044
f 2959/4902/2072 2963/4911/2073 2962/4912/2073 2957/4901/2072
f 2958/4913/2065 2961/4914/2074 2964/4915/2074 2960/4916/2065
f 2957/4905/2045 2962/4917/2045 2961/4918/2045 2958/4906/2045
f 2963/4919/2075 2967/4920/2075 2966/4921/2075 2962/4922/2075
f 2961/4923/2076 2965/4924/2076 2968/4925/2076 2964/4926/2076
f 2962/4917/2045 2966/4927/2045 2965/4928/2045 2961/4918/2045
f 3008/4929/2065 2996/4930/2066 2994/4931/2066 3006/4932/2065
f 2972/4933/2044 2971/4934/2044 2975/4935/2044 2976/4936/2044
f 2976/4936/2044 2975/4935/2044 2979/4937/2044 2980/4938/2044
f 2971/4939/2067 2969/4940/2067 2974/4941/2068 2975/4942/2068
f 2970/4871/2066 2972/4870/2066 2976/4943/2069 2973/4944/2069
f 2969/4945/2045 2970/4946/2045 2973/4947/2045 2974/4948/2045
f 2975/4949/2070 2974/4950/2070 2978/4951/2070 2979/4952/2070
f 2973/4953/2071 2976/4954/2071 2980/4955/2071 2977/4956/2071
f 2974/4948/2045 2973/4947/2045 2977/4957/2045 2978/4958/2045
f 2981/4959/2072 2969/4940/2067 2971/4939/2067 2983/4960/2072
f 2983/4961/2044 2971/4934/2044 2972/4933/2044 2984/4962/2044
f 2969/4945/2045 2981/4963/2045 2982/4964/2045 2970/4946/2045
f 2984/4962/2044 2988/4965/2044 2987/4966/2044 2983/4961/2044
f 2988/4965/2044 2992/4967/2044 2991/4968/2044 2987/4966/2044
f 2983/4960/2072 2987/4969/2073 2986/4970/2073 2981/4959/2072
f 2982/4872/2065 2985/4971/2074 2988/4972/2074 2984/4869/2065
f 2981/4963/2045 2986/4973/2045 2985/4974/2045 2982/4964/2045
f 2987/4975/2075 2991/4976/2075 2990/4977/2075 2986/4978/2075
f 2985/4979/2076 2989/4980/2076 2992/4981/2076 2988/4982/2076
f 2986/4973/2045 2990/4983/2045 2989/4984/2045 2985/4974/2045
f 3032/4985/2065 3020/4986/2066 3018/4987/2066 3030/4988/2065
f 2996/4989/2044 2995/4990/2044 2999/4991/2044 3000/4992/2044
f 3000/4992/2044 2999/4991/2044 3003/4993/2044 3004/4994/2044
f 2995/4995/2067 2993/4996/2067 2998/4997/2068 2999/4998/2068
f 2994/4931/2066 2996/4930/2066 3000/4999/2069 2997/5000/2069
f 2993/5001/2045 2994/5002/2045 2997/5003/2045 2998/5004/2045
f 2999/5005/2070 2998/5006/2070 3002/5007/2070 3003/5008/2070
f 2997/5009/2071 3000/5010/2071 3004/5011/2071 3001/5012/2071
f 2998/5004/2045 2997/5003/2045 3001/5013/2045 3002/5014/2045
f 3005/5015/2072 2993/4996/2067 2995/4995/2067 3007/5016/2072
f 3007/5017/2044 2995/4990/2044 2996/4989/2044 3008/5018/2044
f 2993/5001/2045 3005/5019/2045 3006/5020/2045 2994/5002/2045
f 3008/5018/2044 3012/5021/2044 3011/5022/2044 3007/5017/2044
f 3012/5021/2044 3016/5023/2044 3015/5024/2044 3011/5022/2044
f 3007/5016/2072 3011/5025/2073 3010/5026/2073 3005/5015/2072
f 3006/4932/2065 3009/5027/2074 3012/5028/2074 3008/4929/2065
f 3005/5019/2045 3010/5029/2045 3009/5030/2045 3006/5020/2045
f 3011/5031/2075 3015/5032/2075 3014/5033/2075 3010/5034/2075
f 3009/5035/2076 3013/5036/2076 3016/5037/2076 3012/5038/2076
f 3010/5029/2045 3014/5039/2045 3013/5040/2045 3009/5030/2045
f 3056/5041/2065 3044/5042/2066 3042/5043/2066 3054/5044/2065
f 3020/5045/2044 3019/5046/2044 3023/5047/2044 3024/5048/2044
f 3024/5048/2044 3023/5047/2044 3027/5049/2044 3028/5050/2044
f 3019/5051/2067 3017/5052/2067 3022/5053/2068 3023/5054/2068
f 3018/4987/2066 3020/4986/2066 3024/5055/2069 3021/5056/2069
f 3017/5057/2045 3018/5058/2045 3021/5059/2045 3022/5060/2045
f 3023/5061/2070 3022/5062/2070 3026/5063/2070 3027/5064/2070
f 3021/5065/2071 3024/5066/2071 3028/5067/2071 3025/5068/2071
f 3022/5060/2045 3021/5059/2045 3025/5069/2045 3026/5070/2045
f 3029/5071/2072 3017/5052/2067 3019/5051/2067 3031/5072/2072
f 3031/5073/2044 3019/5046/2044 3020/5045/2044 3032/5074/2044
f 3017/5057/2045 3029/5075/2045 3030/5076/2045 3018/5058/2045
f 3032/5074/2044 3036/5077/2044 3035/5078/2044 3031/5073/2044
f 3036/5077/2044 3040/5079/2044 3039/5080/2044 3035/5078/2044
f 3031/5072/2072 3035/5081/2073 3034/5082/2073 3029/5071/2072
f 3030/4988/2065 3033/5083/2074 3036/5084/2074 3032/4985/2065
f 3029/5075/2045 3034/5085/2045 3033/5086/2045 3030/5076/2045
f 3035/5087/2075 3039/5088/2075 3038/5089/2075 3034/5090/2075
f 3033/5091/2076 3037/5092/2076 3040/5093/2076 3036/5094/2076
f 3034/5085/2045 3038/5095/2045 3037/5096/2045 3033/5086/2045
f 3129/5097/2065 3117/5098/2066 3115/5099/2066 3127/5100/2065
f 3044/5101/2044 3043/5102/2044 3047/5103/2044 3048/5104/2044
f 3048/5104/2044 3047/5103/2044 3051/5105/2044 3052/5106/2044
f 3043/5107/2067 3041/5108/2067 3046/5109/2068 3047/5110/2068
f 3042/5043/2066 3044/5042/2066 3048/5111/2069 3045/5112/2069
f 3041/5113/2045 3042/5114/2045 3045/5115/2045 3046/5116/2045
f 3047/5117/2070 3046/5118/2070 3050/5119/2070 3051/5120/2070
f 3045/5121/2071 3048/5122/2071 3052/5123/2071 3049/5124/2071
f 3046/5116/2045 3045/5115/2045 3049/5125/2045 3050/5126/2045
f 3053/5127/2072 3041/5108/2067 3043/5107/2067 3055/5128/2072
f 3055/5129/2044 3043/5102/2044 3044/5101/2044 3056/5130/2044
f 3041/5113/2045 3053/5131/2045 3054/5132/2045 3042/5114/2045
f 3056/5130/2044 3060/5133/2044 3059/5134/2044 3055/5129/2044
f 3060/5133/2044 3064/5135/2044 3063/5136/2044 3059/5134/2044
f 3055/5128/2072 3059/5137/2073 3058/5138/2073 3053/5127/2072
f 3054/5044/2065 3057/5139/2074 3060/5140/2074 3056/5041/2065
f 3053/5131/2045 3058/5141/2045 3057/5142/2045 3054/5132/2045
f 3059/5143/2075 3063/5144/2075 3062/5145/2075 3058/5146/2075
f 3057/5147/2076 3061/5148/2076 3064/5149/2076 3060/5150/2076
f 3058/5141/2045 3062/5151/2045 3061/5152/2045 3057/5142/2045
f 3201/5153/2065 3189/5154/2066 3187/5155/2066 3199/5156/2065
f 3068/5157/2044 3067/5158/2044 3071/5159/2044 3072/5160/2044
f 3072/5160/2044 3071/5159/2044 3075/5161/2044 3076/5162/2044
f 3067/5163/2067 3065/5164/2067 3070/5165/2068 3071/5166/2068
f 3066/5167/2066 3068/5168/2066 3072/5169/2069 3069/5170/2069
f 3065/5171/2045 3066/5172/2045 3069/5173/2045 3070/5174/2045
f 3071/5175/2070 3070/5176/2070 3074/5177/2070 3075/5178/2070
f 3069/5179/2071 3072/5180/2071 3076/5181/2071 3073/5182/2071
f 3070/5174/2045 3069/5173/2045 3073/5183/2045 3074/5184/2045
f 3077/5185/2072 3065/5164/2067 3067/5163/2067 3079/5186/2072
f 3079/5187/2044 3067/5158/2044 3068/5157/2044 3080/5188/2044
f 3065/5171/2045 3077/5189/2045 3078/5190/2045 3066/5172/2045
f 3080/5188/2044 3084/5191/2044 3083/5192/2044 3079/5187/2044
f 3084/5191/2044 3088/5193/2044 3087/5194/2044 3083/5192/2044
f 3079/5186/2072 3083/5195/2073 3082/5196/2073 3077/5185/2072
f 3078/5197/2065 3081/5198/2074 3084/5199/2074 3080/5200/2065
f 3077/5189/2045 3082/5201/2045 3081/5202/2045 3078/5190/2045
f 3083/5203/2075 3087/5204/2075 3086/5205/2075 3082/5206/2075
f 3081/5207/2076 3085/5208/2076 3088/5209/2076 3084/5210/2076
f 3082/5201/2045 3086/5211/2045 3085/5212/2045 3081/5202/2045
f 3080/5200/2065 3068/5168/2066 3066/5167/2066 3078/5197/2065
f 3092/5213/2044 3091/5214/2044 3095/5215/2044 3096/5216/2044
f 3096/5216/2044 3095/5215/2044 3099/5217/2044 3100/5218/2044
f 3091/5219/2067 3089/5220/2067 3094/5221/2068 3095/5222/2068
f 3090/5223/2066 3092/5224/2066 3096/5225/2069 3093/5226/2069
f 3089/5227/2045 3090/5228/2045 3093/5229/2045 3094/5230/2045
f 3095/5231/2070 3094/5232/2070 3098/5233/2070 3099/5234/2070
f 3093/5235/2071 3096/5236/2071 3100/5237/2071 3097/5238/2071
f 3094/5230/2045 3093/5229/2045 3097/5239/2045 3098/5240/2045
f 3089/5227/2045 3101/5241/2045 3102/5242/2045 3113/5243/2045 3090/5228/2045
f 3103/5244/2044 3091/5214/2044 3092/5213/2044 3104/5245/2044
f 3104/5245/2044 3108/5246/2044 3107/5247/2044 3103/5244/2044
f 3108/5246/2044 3112/5248/2044 3111/5249/2044 3107/5247/2044
f 3103/5250/2072 3107/5251/2073 3106/5252/2073 3101/5253/2072
f 3102/5254/2065 3105/5255/2074 3108/5256/2074 3104/5257/2065
f 3101/5241/2045 3106/5258/2045 3105/5259/2045 3102/5242/2045
f 3107/5260/2075 3111/5261/2075 3110/5262/2075 3106/5263/2075
f 3105/5264/2076 3109/5265/2076 3112/5266/2076 3108/5267/2076
f 3106/5258/2045 3110/5268/2045 3109/5269/2045 3105/5259/2045
f 3153/5270/2065 3141/5271/2066 3139/5272/2066 3151/5273/2065
f 3117/5274/2044 3116/5275/2044 3120/5276/2044 3121/5277/2044
f 3121/5277/2044 3120/5276/2044 3124/5278/2044 3125/5279/2044
f 3116/5280/2067 3114/5281/2067 3119/5282/2068 3120/5283/2068
f 3115/5099/2066 3117/5098/2066 3121/5284/2069 3118/5285/2069
f 3114/5286/2045 3115/5287/2045 3118/5288/2045 3119/5289/2045
f 3120/5290/2070 3119/5291/2070 3123/5292/2070 3124/5293/2070
f 3118/5294/2071 3121/5295/2071 3125/5296/2071 3122/5297/2071
f 3119/5289/2045 3118/5288/2045 3122/5298/2045 3123/5299/2045
f 3126/5300/2072 3114/5281/2067 3116/5280/2067 3128/5301/2072
f 3128/5302/2044 3116/5275/2044 3117/5274/2044 3129/5303/2044
f 3114/5286/2045 3126/5304/2045 3127/5305/2045 3115/5287/2045
f 3129/5303/2044 3133/5306/2044 3132/5307/2044 3128/5302/2044
f 3133/5306/2044 3137/5308/2044 3136/5309/2044 3132/5307/2044
f 3128/5301/2072 3132/5310/2073 3131/5311/2073 3126/5300/2072
f 3127/5100/2065 3130/5312/2074 3133/5313/2074 3129/5097/2065
f 3126/5304/2045 3131/5314/2045 3130/5315/2045 3127/5305/2045
f 3132/5316/2075 3136/5317/2075 3135/5318/2075 3131/5319/2075
f 3130/5320/2076 3134/5321/2076 3137/5322/2076 3133/5323/2076
f 3131/5314/2045 3135/5324/2045 3134/5325/2045 3130/5315/2045
f 3177/5326/2065 3165/5327/2066 3163/5328/2066 3175/5329/2065
f 3141/5330/2044 3140/5331/2044 3144/5332/2044 3145/5333/2044
f 3145/5333/2044 3144/5332/2044 3148/5334/2044 3149/5335/2044
f 3140/5336/2067 3138/5337/2067 3143/5338/2068 3144/5339/2068
f 3139/5272/2066 3141/5271/2066 3145/5340/2069 3142/5341/2069
f 3138/5342/2045 3139/5343/2045 3142/5344/2045 3143/5345/2045
f 3144/5346/2070 3143/5347/2070 3147/5348/2070 3148/5349/2070
f 3142/5350/2071 3145/5351/2071 3149/5352/2071 3146/5353/2071
f 3143/5345/2045 3142/5344/2045 3146/5354/2045 3147/5355/2045
f 3150/5356/2072 3138/5337/2067 3140/5336/2067 3152/5357/2072
f 3152/5358/2044 3140/5331/2044 3141/5330/2044 3153/5359/2044
f 3138/5342/2045 3150/5360/2045 3151/5361/2045 3139/5343/2045
f 3153/5359/2044 3157/5362/2044 3156/5363/2044 3152/5358/2044
f 3157/5362/2044 3161/5364/2044 3160/5365/2044 3156/5363/2044
f 3152/5357/2072 3156/5366/2073 3155/5367/2073 3150/5356/2072
f 3151/5273/2065 3154/5368/2074 3157/5369/2074 3153/5270/2065
f 3150/5360/2045 3155/5370/2045 3154/5371/2045 3151/5361/2045
f 3156/5372/2075 3160/5373/2075 3159/5374/2075 3155/5375/2075
f 3154/5376/2076 3158/5377/2076 3161/5378/2076 3157/5379/2076
f 3155/5370/2045 3159/5380/2045 3158/5381/2045 3154/5371/2045
f 3225/5382/2065 3213/5383/2066 3211/5384/2066 3223/5385/2065
f 3165/5386/2044 3164/5387/2044 3168/5388/2044 3169/5389/2044
f 3169/5389/2044 3168/5388/2044 3172/5390/2044 3173/5391/2044
f 3164/5392/2067 3162/5393/2067 3167/5394/2068 3168/5395/2068
f 3163/5328/2066 3165/5327/2066 3169/5396/2069 3166/5397/2069
f 3162/5398/2045 3163/5399/2045 3166/5400/2045 3167/5401/2045
f 3168/5402/2070 3167/5403/2070 3171/5404/2070 3172/5405/2070
f 3166/5406/2071 3169/5407/2071 3173/5408/2071 3170/5409/2071
f 3167/5401/2045 3166/5400/2045 3170/5410/2045 3171/5411/2045
f 3174/5412/2072 3162/5393/2067 3164/5392/2067 3176/5413/2072
f 3176/5414/2044 3164/5387/2044 3165/5386/2044 3177/5415/2044
f 3162/5398/2045 3174/5416/2045 3175/5417/2045 3163/5399/2045
f 3177/5415/2044 3181/5418/2044 3180/5419/2044 3176/5414/2044
f 3181/5418/2044 3185/5420/2044 3184/5421/2044 3180/5419/2044
f 3176/5413/2072 3180/5422/2073 3179/5423/2073 3174/5412/2072
f 3175/5329/2065 3178/5424/2074 3181/5425/2074 3177/5326/2065
f 3174/5416/2045 3179/5426/2045 3178/5427/2045 3175/5417/2045
f 3180/5428/2075 3184/5429/2075 3183/5430/2075 3179/5431/2075
f 3178/5432/2076 3182/5433/2076 3185/5434/2076 3181/5435/2076
f 3179/5426/2045 3183/5436/2045 3182/5437/2045 3178/5427/2045
f 3101/5253/2072 3089/5220/2067 3091/5219/2067 3103/5250/2072
f 3189/5438/2044 3188/5439/2044 3192/5440/2044 3193/5441/2044
f 3193/5441/2044 3192/5440/2044 3196/5442/2044 3197/5443/2044
f 3188/5444/2067 3186/5445/2067 3191/5446/2068 3192/5447/2068
f 3187/5155/2066 3189/5154/2066 3193/5448/2069 3190/5449/2069
f 3186/5450/2045 3187/5451/2045 3190/5452/2045 3191/5453/2045
f 3192/5454/2070 3191/5455/2070 3195/5456/2070 3196/5457/2070
f 3190/5458/2071 3193/5459/2071 3197/5460/2071 3194/5461/2071
f 3191/5453/2045 3190/5452/2045 3194/5462/2045 3195/5463/2045
f 3198/5464/2072 3186/5445/2067 3188/5444/2067 3200/5465/2072
f 3200/5466/2044 3188/5439/2044 3189/5438/2044 3201/5467/2044
f 3186/5450/2045 3198/5468/2045 3199/5469/2045 3187/5451/2045
f 3201/5467/2044 3205/5470/2044 3204/5471/2044 3200/5466/2044
f 3205/5470/2044 3209/5472/2044 3208/5473/2044 3204/5471/2044
f 3200/5465/2072 3204/5474/2073 3203/5475/2073 3198/5464/2072
f 3199/5156/2065 3202/5476/2074 3205/5477/2074 3201/5153/2065
f 3198/5468/2045 3203/5478/2045 3202/5479/2045 3199/5469/2045
f 3204/5480/2075 3208/5481/2075 3207/5482/2075 3203/5483/2075
f 3202/5484/2076 3206/5485/2076 3209/5486/2076 3205/5487/2076
f 3203/5478/2045 3207/5488/2045 3206/5489/2045 3202/5479/2045
f 3249/5490/2065 3237/5491/2066 3235/5492/2066 3247/5493/2065
f 3213/5494/2044 3212/5495/2044 3216/5496/2044 3217/5497/2044
f 3217/5497/2044 3216/5496/2044 3220/5498/2044 3221/5499/2044
f 3212/5500/2067 3210/5501/2067 3215/5502/2068 3216/5503/2068
f 3211/5384/2066 3213/5383/2066 3217/5504/2069 3214/5505/2069
f 3210/5506/2045 3211/5507/2045 3214/5508/2045 3215/5509/2045
f 3216/5510/2070 3215/5511/2070 3219/5512/2070 3220/5513/2070
f 3214/5514/2071 3217/5515/2071 3221/5516/2071 3218/5517/2071
f 3215/5509/2045 3214/5508/2045 3218/5518/2045 3219/5519/2045
f 3222/5520/2072 3210/5501/2067 3212/5500/2067 3224/5521/2072
f 3224/5522/2044 3212/5495/2044 3213/5494/2044 3225/5523/2044
f 3210/5506/2045 3222/5524/2045 3223/5525/2045 3211/5507/2045
f 3225/5523/2044 3229/5526/2044 3228/5527/2044 3224/5522/2044
f 3229/5526/2044 3233/5528/2044 3232/5529/2044 3228/5527/2044
f 3224/5521/2072 3228/5530/2073 3227/5531/2073 3222/5520/2072
f 3223/5385/2065 3226/5532/2074 3229/5533/2074 3225/5382/2065
f 3222/5524/2045 3227/5534/2045 3226/5535/2045 3223/5525/2045
f 3228/5536/2075 3232/5537/2075 3231/5538/2075 3227/5539/2075
f 3226/5540/2076 3230/5541/2076 3233/5542/2076 3229/5543/2076
f 3227/5534/2045 3231/5544/2045 3230/5545/2045 3226/5535/2045
f 3273/5546/2065 3261/5547/2066 3259/5548/2066 3271/5549/2065
f 3237/5550/2044 3236/5551/2044 3240/5552/2044 3241/5553/2044
f 3241/5553/2044 3240/5552/2044 3244/5554/2044 3245/5555/2044
f 3236/5556/2067 3234/5557/2067 3239/5558/2068 3240/5559/2068
f 3235/5492/2066 3237/5491/2066 3241/5560/2069 3238/5561/2069
f 3234/5562/2045 3235/5563/2045 3238/5564/2045 3239/5565/2045
f 3240/5566/2070 3239/5567/2070 3243/5568/2070 3244/5569/2070
f 3238/5570/2071 3241/5571/2071 3245/5572/2071 3242/5573/2071
f 3239/5565/2045 3238/5564/2045 3242/5574/2045 3243/5575/2045
f 3246/5576/2072 3234/5557/2067 3236/5556/2067 3248/5577/2072
f 3248/5578/2044 3236/5551/2044 3237/5550/2044 3249/5579/2044
f 3234/5562/2045 3246/5580/2045 3247/5581/2045 3235/5563/2045
f 3249/5579/2044 3253/5582/2044 3252/5583/2044 3248/5578/2044
f 3253/5582/2044 3257/5584/2044 3256/5585/2044 3252/5583/2044
f 3248/5577/2072 3252/5586/2073 3251/5587/2073 3246/5576/2072
f 3247/5493/2065 3250/5588/2074 3253/5589/2074 3249/5490/2065
f 3246/5580/2045 3251/5590/2045 3250/5591/2045 3247/5581/2045
f 3252/5592/2075 3256/5593/2075 3255/5594/2075 3251/5595/2075
f 3250/5596/2076 3254/5597/2076 3257/5598/2076 3253/5599/2076
f 3251/5590/2045 3255/5600/2045 3254/5601/2045 3250/5591/2045
f 3297/5602/2065 3285/5603/2066 3283/5604/2066 3295/5605/2065
f 3261/5606/2044 3260/5607/2044 3264/5608/2044 3265/5609/2044
f 3265/5609/2044 3264/5608/2044 3268/5610/2044 3269/5611/2044
f 3260/5612/2067 3258/5613/2067 3263/5614/2068 3264/5615/2068
f 3259/5548/2066 3261/5547/2066 3265/5616/2069 3262/5617/2069
f 3258/5618/2045 3259/5619/2045 3262/5620/2045 3263/5621/2045
f 3264/5622/2070 3263/5623/2070 3267/5624/2070 3268/5625/2070
f 3262/5626/2071 3265/5627/2071 3269/5628/2071 3266/5629/2071
f 3263/5621/2045 3262/5620/2045 3266/5630/2045 3267/5631/2045
f 3270/5632/2072 3258/5613/2067 3260/5612/2067 3272/5633/2072
f 3272/5634/2044 3260/5607/2044 3261/5606/2044 3273/5635/2044
f 3258/5618/2045 3270/5636/2045 3271/5637/2045 3259/5619/2045
f 3273/5635/2044 3277/5638/2044 3276/5639/2044 3272/5634/2044
f 3277/5638/2044 3281/5640/2044 3280/5641/2044 3276/5639/2044
f 3272/5633/2072 3276/5642/2073 3275/5643/2073 3270/5632/2072
f 3271/5549/2065 3274/5644/2074 3277/5645/2074 3273/5546/2065
f 3270/5636/2045 3275/5646/2045 3274/5647/2045 3271/5637/2045
f 3276/5648/2075 3280/5649/2075 3279/5650/2075 3275/5651/2075
f 3274/5652/2076 3278/5653/2076 3281/5654/2076 3277/5655/2076
f 3275/5646/2045 3279/5656/2045 3278/5657/2045 3274/5647/2045
f 3285/5658/2044 3284/5659/2044 3288/5660/2044 3289/5661/2044
f 3289/5661/2044 3288/5660/2044 3292/5662/2044 3293/5663/2044
f 3284/5664/2067 3282/5665/2067 3287/5666/2068 3288/5667/2068
f 3283/5604/2066 3285/5603/2066 3289/5668/2069 3286/5669/2069
f 3282/5670/2045 3283/5671/2045 3286/5672/2045 3287/5673/2045
f 3288/5674/2070 3287/5675/2070 3291/5676/2070 3292/5677/2070
f 3286/5678/2071 3289/5679/2071 3293/5680/2071 3290/5681/2071
f 3287/5673/2045 3286/5672/2045 3290/5682/2045 3291/5683/2045
f 3294/5684/2072 3282/5665/2067 3284/5664/2067 3296/5685/2072
f 3296/5686/2044 3284/5659/2044 3285/5658/2044 3297/5687/2044
f 3282/5670/2045 3294/5688/2045 3295/5689/2045 3283/5671/2045
f 3297/5687/2044 3301/5690/2044 3300/5691/2044 3296/5686/2044
f 3301/5690/2044 3305/5692/2044 3304/5693/2044 3300/5691/2044
f 3296/5685/2072 3300/5694/2073 3299/5695/2073 3294/5684/2072
f 3295/5605/2065 3298/5696/2074 3301/5697/2074 3297/5602/2065
f 3294/5688/2045 3299/5698/2045 3298/5699/2045 3295/5689/2045
f 3300/5700/2075 3304/5701/2075 3303/5702/2075 3299/5703/2075
f 3298/5704/2076 3302/5705/2076 3305/5706/2076 3301/5707/2076
f 3299/5698/2045 3303/5708/2045 3302/5709/2045 3298/5699/2045
f 3104/5257/2065 3092/5224/2066 3090/5223/2066 3113/5710/15 3102/5254/2065
f 2960/4916/2065 2948/4884/2066 2946/4883/2066 2958/4913/2065
f 3306/5711/2045 3307/5712/2045 3309/5713/2045 3308/5714/2045
f 3308/5715/2077 3309/5716/2078 3313/5717/2078 3312/5718/2077
f 3312/5719/2044 3313/5720/2044 3311/5721/2044 3310/5722/2044
f 3310/5723/2050 3311/5724/2079 3307/5725/2079 3306/5726/2050
f 3308/5727/2080 3312/5728/2080 3310/5729/2080 3306/5730/2080
f 3309/5713/2045 3307/5712/2045 3314/5731/2045 3315/5732/2045
f 3314/5733/2081 3317/5734/2081 3321/5735/2082 3318/5736/2082
f 3307/5725/2079 3311/5724/2079 3317/5737/2081 3314/5738/2081
f 3313/5717/2078 3309/5716/2078 3315/5739/2083 3316/5740/2083
f 3311/5721/2044 3313/5720/2044 3316/5741/2044 3317/5742/2044
f 3321/5743/2044 3320/5744/2044 3324/5745/2044 3325/5746/2044
f 3316/5747/2083 3315/5748/2083 3319/5749/2084 3320/5750/2084
f 3317/5742/2044 3316/5741/2044 3320/5744/2044 3321/5743/2044
f 3315/5732/2045 3314/5731/2045 3318/5751/2045 3319/5752/2045
f 3322/5753/2085 3325/5754/2085 3329/5755/2086 3326/5756/2086
f 3319/5752/2045 3318/5751/2045 3322/5757/2045 3323/5758/2045
f 3318/5736/2082 3321/5735/2082 3325/5754/2085 3322/5753/2085
f 3320/5750/2084 3319/5749/2084 3323/5759/2087 3324/5760/2087
f 3328/5761/2088 3327/5762/2088 3331/5763/2089 3332/5764/2089
f 3324/5760/2087 3323/5759/2087 3327/5762/2088 3328/5761/2088
f 3325/5746/2044 3324/5745/2044 3328/5765/2044 3329/5766/2044
f 3323/5758/2045 3322/5757/2045 3326/5767/2045 3327/5768/2045
f 3333/5769/2044 3332/5770/2044 3336/5771/2044 3337/5772/2044
f 3329/5766/2044 3328/5765/2044 3332/5770/2044 3333/5769/2044
f 3327/5768/2045 3326/5767/2045 3330/5773/2045 3331/5774/2045
f 3326/5756/2086 3329/5755/2086 3333/5775/2090 3330/5776/2090
f 3334/5777/2091 3337/5778/2091 3341/5779/2092 3338/5780/2092
f 3331/5774/2045 3330/5773/2045 3334/5781/2045 3335/5782/2045
f 3330/5783/2090 3333/5784/2090 3337/5778/2091 3334/5777/2091
f 3332/5785/2089 3331/5786/2089 3335/5787/2093 3336/5788/2093
f 3340/5789/2094 3339/5790/2094 3338/5791/2094 3341/5792/2094
f 3336/5788/2093 3335/5787/2093 3339/5793/2095 3340/5794/2095
f 3337/5772/2044 3336/5771/2044 3340/5795/2044 3341/5796/2044
f 3335/5782/2045 3334/5781/2045 3338/5797/2045 3339/5798/2045
f 3342/5799/2044 3344/5800/2044 3345/5801/2044 3343/5802/2044
f 3344/5803/2077 3348/5804/2077 3349/5805/2078 3345/5806/2078
f 3348/5807/2045 3346/5808/2045 3347/5809/2045 3349/5810/2045
f 3346/5811/2050 3342/5812/2050 3343/5813/2079 3347/5814/2079
f 3344/5815/2080 3342/5816/2080 3346/5817/2080 3348/5818/2080
f 3345/5801/2044 3351/5819/2044 3350/5820/2044 3343/5802/2044
f 3350/5821/2081 3354/5822/2082 3357/5823/2082 3353/5824/2081
f 3343/5813/2079 3350/5825/2081 3353/5826/2081 3347/5814/2079
f 3349/5805/2078 3352/5827/2083 3351/5828/2083 3345/5806/2078
f 3347/5809/2045 3353/5829/2045 3352/5830/2045 3349/5810/2045
f 3357/5831/2045 3361/5832/2045 3360/5833/2045 3356/5834/2045
f 3352/5835/2083 3356/5836/2084 3355/5837/2084 3351/5838/2083
f 3353/5829/2045 3357/5831/2045 3356/5834/2045 3352/5830/2045
f 3351/5819/2044 3355/5839/2044 3354/5840/2044 3350/5820/2044
f 3358/5841/2085 3362/5842/2086 3365/5843/2086 3361/5844/2085
f 3355/5839/2044 3359/5845/2044 3358/5846/2044 3354/5840/2044
f 3354/5822/2082 3358/5841/2085 3361/5844/2085 3357/5823/2082
f 3356/5836/2084 3360/5847/2087 3359/5848/2087 3355/5837/2084
f 3364/5849/2088 3368/5850/2089 3367/5851/2089 3363/5852/2088
f 3360/5847/2087 3364/5849/2088 3363/5852/2088 3359/5848/2087
f 3361/5832/2045 3365/5853/2045 3364/5854/2045 3360/5833/2045
f 3359/5845/2044 3363/5855/2044 3362/5856/2044 3358/5846/2044
f 3369/5857/2045 3373/5858/2045 3372/5859/2045 3368/5860/2045
f 3365/5853/2045 3369/5857/2045 3368/5860/2045 3364/5854/2045
f 3363/5855/2044 3367/5861/2044 3366/5862/2044 3362/5856/2044
f 3362/5842/2086 3366/5863/2090 3369/5864/2090 3365/5843/2086
f 3370/5865/2091 3374/5866/2092 3377/5867/2092 3373/5868/2091
f 3367/5861/2044 3371/5869/2044 3370/5870/2044 3366/5862/2044
f 3366/5871/2090 3370/5865/2091 3373/5868/2091 3369/5872/2090
f 3368/5873/2089 3372/5874/2093 3371/5875/2093 3367/5876/2089
f 3376/5877/2094 3377/5878/2094 3374/5879/2094 3375/5880/2094
f 3372/5874/2093 3376/5881/2095 3375/5882/2095 3371/5875/2093
f 3373/5858/2045 3377/5883/2045 3376/5884/2045 3372/5859/2045
f 3371/5869/2044 3375/5885/2044 3374/5886/2044 3370/5870/2044
f 3484/5887/2096 3488/5888/2097 3397/5889/2098 3395/5890/2099
f 3401/5891/2100 3407/5892/2101 3390/5893/2102 3391/5894/2103
f 3407/5892/2101 3413/5895/2104 3385/5896/2105 3390/5893/2102
f 3413/5895/2104 3419/5897/2106 3384/5898/2107 3385/5896/2105
f 3419/5897/2106 3425/5899/2108 3379/5900/2109 3384/5898/2107
f 3425/5899/2108 3431/5901/2110 3378/5902/2111 3379/5900/2109
f 3431/5901/2110 3437/5903/2112 3392/5904/2113 3378/5902/2111
f 3437/5903/2112 3443/5905/2114 3387/5906/2115 3392/5904/2113
f 3443/5905/2114 3449/5907/2116 3386/5908/2117 3387/5906/2115
f 3449/5907/2116 3455/5909/2118 3381/5910/2119 3386/5908/2117
f 3455/5909/2118 3461/5911/2120 3380/5912/2121 3381/5910/2119
f 3461/5911/2120 3467/5913/2122 3393/5914/2123 3380/5912/2121
f 3467/5913/2122 3473/5915/2124 3389/5916/2125 3393/5914/2123
f 3473/5915/2124 3479/5917/2126 3388/5918/2127 3389/5916/2125
f 3430/5919/2128 3434/5920/2129 3440/5921/2130 3436/5922/2131
f 3479/5917/2126 3485/5923/2132 3383/5924/2133 3388/5918/2127
f 3485/5923/2132 3394/5925/2134 3382/5926/2135 3383/5924/2133
f 3656/5927/2136 3659/5928/2137 3706/5929/2138 3703/5930/2139
f 3439/5931/2140 3433/5932/2141 3509/5933/2142 3512/5934/2143
f 3460/5935/2144 3464/5936/2145 3470/5937/2146 3466/5938/2147
f 3400/5939/2148 3404/5940/2149 3410/5941/2150 3406/5942/2151
f 3418/5943/2152 3422/5944/2153 3428/5945/2154 3424/5946/2155
f 3448/5947/2156 3452/5948/2157 3458/5949/2158 3454/5950/2159
f 3478/5951/2160 3482/5952/2161 3488/5888/2097 3484/5887/2096
f 3406/5953/2151 3410/5954/2150 3416/5955/2162 3412/5956/2163
f 3436/5922/2131 3440/5921/2130 3446/5957/2164 3442/5958/2165
f 3466/5938/2147 3470/5937/2146 3476/5959/2166 3472/5960/2167
f 3424/5946/2155 3428/5945/2154 3434/5961/2129 3430/5962/2128
f 3454/5963/2159 3458/5964/2158 3464/5936/2145 3460/5935/2144
f 3412/5956/2163 3416/5955/2162 3422/5944/2153 3418/5943/2152
f 3442/5958/2165 3446/5957/2164 3452/5948/2157 3448/5947/2156
f 3415/5965/2168 3409/5966/2169 3497/5967/2170 3500/5968/2171
f 3472/5960/2167 3476/5959/2166 3482/5969/2161 3478/5970/2160
f 3496/5971/2172 3490/5972/2173 3539/5973/2174 3545/5974/2175
f 3487/5975/2176 3481/5976/2177 3533/5977/2178 3536/5978/2179
f 3445/5979/2180 3439/5931/2140 3512/5934/2143 3515/5980/2181
f 3451/5981/2182 3445/5979/2180 3515/5980/2181 3518/5982/2183
f 3409/5966/2169 3403/5983/2184 3491/5984/2185 3497/5967/2170
f 3398/5985/2186 3487/5975/2176 3536/5978/2179 3493/5986/2187
f 3457/5987/2188 3451/5981/2182 3518/5982/2183 3521/5988/2189
f 3499/5989/2190 3496/5971/2172 3545/5974/2175 3548/5990/2191
f 3463/5991/2192 3457/5987/2188 3521/5988/2189 3524/5992/2193
f 3421/5993/2194 3415/5965/2168 3500/5968/2171 3503/5994/2195
f 3469/5995/2196 3463/5991/2192 3524/5992/2193 3527/5996/2197
f 3427/5997/2198 3421/5993/2194 3503/5994/2195 3506/5998/2199
f 3475/5999/2200 3469/5995/2196 3527/5996/2197 3530/6000/2201
f 3433/5932/2141 3427/5997/2198 3506/5998/2199 3509/5933/2142
f 3481/5976/2177 3475/5999/2200 3530/6000/2201 3533/5977/2178
f 3668/6001/2202 3671/6002/2203 3718/6003/2204 3715/6004/2205
f 3671/6002/2203 3674/6005/2206 3721/6006/2207 3718/6003/2204
f 3382/5926/2135 3391/5894/2103 3589/6007/2208 3587/6008/2209
f 3650/6009/2210 3653/6010/2211 3700/6011/2212 3697/6012/2213
f 3386/5908/2117 3381/5910/2119 3616/6013/2214 3613/6014/2215
f 3686/6015/2216 3689/6016/2217 3736/6017/2218 3733/6018/2219
f 3644/6019/2220 3647/6020/2221 3694/6021/2222 3691/6022/2223
f 3659/5928/2137 3662/6023/2224 3709/6024/2225 3706/5929/2138
f 3674/6005/2206 3677/6025/2226 3724/6026/2227 3721/6006/2207
f 3653/6010/2211 3656/5927/2136 3703/5930/2139 3700/6011/2212
f 3665/6027/2228 3668/6001/2202 3715/6004/2205 3712/6028/2229
f 3647/6020/2221 3650/6009/2210 3697/6012/2213 3694/6021/2222
f 3662/6023/2224 3665/6027/2228 3712/6028/2229 3709/6024/2225
f 3680/6029/2230 3634/6030/2231 3683/6031/2232 3727/6032/2233
f 3677/6025/2226 3680/6029/2230 3727/6032/2233 3724/6026/2227
f 3629/6033/2234 3632/6034/2235 3679/6035/2236 3676/6036/2237
f 3390/5893/2102 3385/5896/2105 3595/6037/2238 3592/6038/2239
f 3381/5910/2119 3380/5912/2121 3619/6039/2240 3616/6013/2214
f 3385/5896/2105 3384/5898/2107 3598/6040/2241 3595/6037/2238
f 3380/5912/2121 3393/5914/2123 3622/6041/2242 3619/6039/2240
f 3384/5898/2107 3379/5900/2109 3601/6042/2243 3598/6040/2241
f 3393/5914/2123 3389/5916/2125 3625/6043/2244 3622/6041/2242
f 3379/5900/2109 3378/5902/2111 3604/6044/2245 3601/6042/2243
f 3389/5916/2125 3388/5918/2127 3628/6045/2246 3625/6043/2244
f 3378/5902/2111 3392/5904/2113 3607/6046/2247 3604/6044/2245
f 3388/5918/2127 3383/5924/2133 3631/6047/2248 3628/6045/2246
f 3392/5904/2113 3387/5906/2115 3610/6048/2249 3607/6046/2247
f 3383/5924/2133 3382/5926/2135 3587/6008/2209 3631/6047/2248
f 3641/6049/2250 3644/6019/2220 3691/6022/2223 3688/6050/2251
f 3387/5906/2115 3386/5908/2117 3613/6014/2215 3610/6048/2249
f 3391/5894/2103 3390/5893/2102 3592/6038/2239 3589/6007/2208
f 3725/6051/2252 3728/6052/2253 3775/6053/2254 3772/6054/2255
f 3608/6055/2256 3611/6056/2257 3658/6057/2258 3655/6058/2254
f 3632/6034/2235 3586/6059/2259 3635/6060/2260 3679/6035/2236
f 3638/6061/2261 3641/6049/2250 3688/6050/2251 3685/6062/2262
f 3611/6056/2257 3614/6063/2263 3661/6064/2219 3658/6057/2258
f 3590/6065/2264 3593/6066/2265 3640/6067/2266 3637/6068/2267
f 3614/6063/2263 3617/6069/2268 3664/6070/2218 3661/6064/2219
f 3593/6071/2265 3596/6072/2269 3643/6073/2270 3640/6074/2266
f 3617/6075/2268 3620/6076/2271 3667/6077/2272 3664/6078/2218
f 3596/6072/2269 3599/6079/2273 3646/6080/2274 3643/6073/2270
f 3620/6076/2271 3623/6081/2275 3670/6082/2276 3667/6077/2272
f 3599/6079/2273 3602/6083/2277 3649/6084/2278 3646/6080/2274
f 3623/6081/2275 3626/6085/2279 3673/6086/2280 3670/6082/2276
f 3602/6083/2277 3605/6087/2281 3652/6088/2255 3649/6084/2278
f 3626/6085/2279 3629/6089/2234 3676/6090/2237 3673/6086/2280
f 3605/6091/2281 3608/6055/2256 3655/6058/2254 3652/6092/2255
f 3728/6052/2253 3682/6093/2282 3731/6094/2258 3775/6053/2254
f 3704/6095/2283 3707/6096/2284 3754/6097/2260 3751/6098/2236
f 3707/6096/2284 3710/6099/2285 3757/6100/2267 3754/6097/2260
f 3710/6099/2285 3713/6101/2286 3760/6102/2266 3757/6100/2267
f 3682/6093/2282 3686/6015/2216 3733/6018/2219 3731/6094/2258
f 3689/6103/2217 3692/6104/2287 3739/6105/2272 3736/6106/2218
f 3713/6107/2286 3716/6108/2288 3763/6109/2270 3760/6110/2266
f 3692/6104/2287 3695/6111/2289 3742/6112/2276 3739/6105/2272
f 3716/6108/2288 3719/6113/2290 3766/6114/2274 3763/6109/2270
f 3695/6111/2289 3698/6115/2291 3745/6116/2280 3742/6112/2276
f 3719/6113/2290 3722/6117/2292 3769/6118/2278 3766/6114/2274
f 3698/6115/2291 3701/6119/2293 3748/6120/2237 3745/6116/2280
f 3722/6117/2292 3725/6121/2252 3772/6122/2255 3769/6118/2278
f 3701/6123/2293 3704/6095/2283 3751/6098/2236 3748/6124/2237
f 3532/6125/2294 3529/6126/2295 3578/6127/2296 3581/6128/2297
f 3395/5890/2099 3397/5889/2098 3404/5940/2149 3400/5939/2148
f 3517/6129/2298 3514/6130/2299 3563/6131/2300 3566/6132/2301
f 3502/6133/2302 3499/5989/2190 3548/5990/2191 3551/6134/2303
f 3523/6135/2304 3520/6136/2305 3569/6137/2306 3572/6138/2307
f 3508/6139/2308 3505/6140/2309 3554/6141/2310 3557/6142/2311
f 3529/6126/2295 3526/6143/2312 3575/6144/2313 3578/6127/2296
f 3514/6130/2299 3511/6145/2314 3560/6146/2315 3563/6131/2300
f 3494/6147/2316 3535/6148/2317 3584/6149/2318 3541/6150/2319
f 3535/6148/2317 3532/6125/2294 3581/6128/2297 3584/6149/2318
f 3520/6136/2305 3517/6129/2298 3566/6132/2301 3569/6137/2306
f 3505/6140/2309 3502/6133/2302 3551/6134/2303 3554/6141/2310
f 3538/6151/2320 3542/6152/2321 3583/6153/2322 3580/6154/2323 3577/6155/2324 3574/6156/2325 3571/6157/2326 3568/6158/2327 3565/6159/2328 3562/6160/2329 3559/6161/2330 3556/6162/2331 3553/6163/2332 3550/6164/2333 3547/6165/2334 3544/6166/2335
f 3526/6143/2312 3523/6135/2304 3572/6138/2307 3575/6144/2313
f 3511/6145/2314 3508/6139/2308 3557/6142/2311 3560/6146/2315
f 3395/5890/2099 3400/5939/2148 3402/6167/2336 3396/6168/2337
f 3396/6169/2337 3402/6170/2336 3401/5891/2100 3394/5925/2134
f 3404/5940/2149 3397/5889/2098 3399/6171/2338 3405/6172/2339
f 3405/6173/2339 3399/6174/2338 3398/5985/2186 3403/5983/2184
f 3400/5939/2148 3406/5942/2151 3408/6175/2340 3402/6167/2336
f 3402/6170/2336 3408/6176/2340 3407/5892/2101 3401/5891/2100
f 3410/5941/2150 3404/5940/2149 3405/6172/2339 3411/6177/2341
f 3411/6178/2341 3405/6173/2339 3403/5983/2184 3409/5966/2169
f 3406/5953/2151 3412/5956/2163 3414/6179/2342 3408/6180/2340
f 3408/6176/2340 3414/6181/2342 3413/5895/2104 3407/5892/2101
f 3416/5955/2162 3410/5954/2150 3411/6182/2341 3417/6183/2343
f 3417/6184/2343 3411/6178/2341 3409/5966/2169 3415/5965/2168
f 3412/5956/2163 3418/5943/2152 3420/6185/2344 3414/6179/2342
f 3414/6181/2342 3420/6186/2344 3419/5897/2106 3413/5895/2104
f 3422/5944/2153 3416/5955/2162 3417/6183/2343 3423/6187/2345
f 3423/6188/2345 3417/6184/2343 3415/5965/2168 3421/5993/2194
f 3418/5943/2152 3424/5946/2155 3426/6189/2346 3420/6185/2344
f 3420/6186/2344 3426/6190/2346 3425/5899/2108 3419/5897/2106
f 3428/5945/2154 3422/5944/2153 3423/6187/2345 3429/6191/2347
f 3429/6192/2347 3423/6188/2345 3421/5993/2194 3427/5997/2198
f 3424/5946/2155 3430/5962/2128 3432/6193/2348 3426/6189/2346
f 3426/6190/2346 3432/6194/2348 3431/5901/2110 3425/5899/2108
f 3434/5961/2129 3428/5945/2154 3429/6191/2347 3435/6195/2349
f 3435/6196/2349 3429/6192/2347 3427/5997/2198 3433/5932/2141
f 3430/5919/2128 3436/5922/2131 3438/6197/2350 3432/6198/2348
f 3432/6194/2348 3438/6199/2350 3437/5903/2112 3431/5901/2110
f 3440/5921/2130 3434/5920/2129 3435/6200/2349 3441/6201/2351
f 3441/6202/2351 3435/6196/2349 3433/5932/2141 3439/5931/2140
f 3436/5922/2131 3442/5958/2165 3444/6203/2352 3438/6197/2350
f 3438/6199/2350 3444/6204/2352 3443/5905/2114 3437/5903/2112
f 3446/5957/2164 3440/5921/2130 3441/6201/2351 3447/6205/2353
f 3447/6206/2353 3441/6202/2351 3439/5931/2140 3445/5979/2180
f 3442/5958/2165 3448/5947/2156 3450/6207/2354 3444/6203/2352
f 3444/6204/2352 3450/6208/2354 3449/5907/2116 3443/5905/2114
f 3452/5948/2157 3446/5957/2164 3447/6205/2353 3453/6209/2355
f 3453/6210/2355 3447/6206/2353 3445/5979/2180 3451/5981/2182
f 3448/5947/2156 3454/5950/2159 3456/6211/2356 3450/6207/2354
f 3450/6208/2354 3456/6212/2356 3455/5909/2118 3449/5907/2116
f 3458/5949/2158 3452/5948/2157 3453/6209/2355 3459/6213/2357
f 3459/6214/2357 3453/6210/2355 3451/5981/2182 3457/5987/2188
f 3454/5963/2159 3460/5935/2144 3462/6215/2358 3456/6216/2356
f 3456/6212/2356 3462/6217/2358 3461/5911/2120 3455/5909/2118
f 3464/5936/2145 3458/5964/2158 3459/6218/2357 3465/6219/2359
f 3465/6220/2359 3459/6214/2357 3457/5987/2188 3463/5991/2192
f 3460/5935/2144 3466/5938/2147 3468/6221/2360 3462/6215/2358
f 3462/6217/2358 3468/6222/2360 3467/5913/2122 3461/5911/2120
f 3470/5937/2146 3464/5936/2145 3465/6219/2359 3471/6223/2361
f 3471/6224/2361 3465/6220/2359 3463/5991/2192 3469/5995/2196
f 3466/5938/2147 3472/5960/2167 3474/6225/2362 3468/6221/2360
f 3468/6222/2360 3474/6226/2362 3473/5915/2124 3467/5913/2122
f 3476/5959/2166 3470/5937/2146 3471/6223/2361 3477/6227/2363
f 3477/6228/2363 3471/6224/2361 3469/5995/2196 3475/5999/2200
f 3472/5960/2167 3478/5970/2160 3480/6229/2364 3474/6225/2362
f 3474/6226/2362 3480/6230/2364 3479/5917/2126 3473/5915/2124
f 3482/5969/2161 3476/5959/2166 3477/6227/2363 3483/6231/2365
f 3483/6232/2365 3477/6228/2363 3475/5999/2200 3481/5976/2177
f 3478/5951/2160 3484/5887/2096 3486/6233/2366 3480/6234/2364
f 3480/6230/2364 3486/6235/2366 3485/5923/2132 3479/5917/2126
f 3488/5888/2097 3482/5952/2161 3483/6236/2365 3489/6237/2367
f 3489/6238/2367 3483/6232/2365 3481/5976/2177 3487/5975/2176
f 3484/5887/2096 3395/5890/2099 3396/6168/2337 3486/6233/2366
f 3486/6235/2366 3396/6169/2337 3394/5925/2134 3485/5923/2132
f 3397/5889/2098 3488/5888/2097 3489/6237/2367 3399/6171/2338
f 3399/6174/2338 3489/6238/2367 3487/5975/2176 3398/5985/2186
f 3394/5925/2134 3401/5891/2100 3391/5894/2103 3382/5926/2135
f 3491/5984/2185 3493/5986/2187 3495/6239/2368 3492/6240/2369
f 3492/6240/2369 3495/6239/2368 3494/6147/2316 3490/5972/2173
f 3497/5967/2170 3491/5984/2185 3492/6240/2369 3498/6241/2370
f 3498/6241/2370 3492/6240/2369 3490/5972/2173 3496/5971/2172
f 3500/5968/2171 3497/5967/2170 3498/6241/2370 3501/6242/2371
f 3501/6242/2371 3498/6241/2370 3496/5971/2172 3499/5989/2190
f 3503/5994/2195 3500/5968/2171 3501/6242/2371 3504/6243/2372
f 3504/6243/2372 3501/6242/2371 3499/5989/2190 3502/6133/2302
f 3506/5998/2199 3503/5994/2195 3504/6243/2372 3507/6244/2373
f 3507/6244/2373 3504/6243/2372 3502/6133/2302 3505/6140/2309
f 3509/5933/2142 3506/5998/2199 3507/6244/2373 3510/6245/2374
f 3510/6245/2374 3507/6244/2373 3505/6140/2309 3508/6139/2308
f 3512/5934/2143 3509/5933/2142 3510/6245/2374 3513/6246/2375
f 3513/6246/2375 3510/6245/2374 3508/6139/2308 3511/6145/2314
f 3515/5980/2181 3512/5934/2143 3513/6246/2375 3516/6247/2376
f 3516/6247/2376 3513/6246/2375 3511/6145/2314 3514/6130/2299
f 3518/5982/2183 3515/5980/2181 3516/6247/2376 3519/6248/2377
f 3519/6248/2377 3516/6247/2376 3514/6130/2299 3517/6129/2298
f 3521/5988/2189 3518/5982/2183 3519/6248/2377 3522/6249/2378
f 3522/6249/2378 3519/6248/2377 3517/6129/2298 3520/6136/2305
f 3524/5992/2193 3521/5988/2189 3522/6249/2378 3525/6250/2379
f 3525/6250/2379 3522/6249/2378 3520/6136/2305 3523/6135/2304
f 3527/5996/2197 3524/5992/2193 3525/6250/2379 3528/6251/2380
f 3528/6251/2380 3525/6250/2379 3523/6135/2304 3526/6143/2312
f 3530/6000/2201 3527/5996/2197 3528/6251/2380 3531/6252/2381
f 3531/6252/2381 3528/6251/2380 3526/6143/2312 3529/6126/2295
f 3533/5977/2178 3530/6000/2201 3531/6252/2381 3534/6253/2382
f 3534/6253/2382 3531/6252/2381 3529/6126/2295 3532/6125/2294
f 3536/5978/2179 3533/5977/2178 3534/6253/2382 3537/6254/2383
f 3537/6254/2383 3534/6253/2382 3532/6125/2294 3535/6148/2317
f 3493/5986/2187 3536/5978/2179 3537/6254/2383 3495/6239/2368
f 3495/6239/2368 3537/6254/2383 3535/6148/2317 3494/6147/2316
f 3403/5983/2184 3398/5985/2186 3493/5986/2187 3491/5984/2185
f 3539/5973/2174 3541/6150/2319 3543/6255/2384 3540/6256/2385
f 3540/6256/2385 3543/6255/2384 3542/6152/2321 3538/6151/2320
f 3545/5974/2175 3539/5973/2174 3540/6256/2385 3546/6257/2386
f 3546/6257/2386 3540/6256/2385 3538/6151/2320 3544/6166/2335
f 3548/5990/2191 3545/5974/2175 3546/6257/2386 3549/6258/2387
f 3549/6258/2387 3546/6257/2386 3544/6166/2335 3547/6165/2334
f 3551/6134/2303 3548/5990/2191 3549/6258/2387 3552/6259/2388
f 3552/6259/2388 3549/6258/2387 3547/6165/2334 3550/6164/2333
f 3554/6141/2310 3551/6134/2303 3552/6259/2388 3555/6260/2389
f 3555/6260/2389 3552/6259/2388 3550/6164/2333 3553/6163/2332
f 3557/6142/2311 3554/6141/2310 3555/6260/2389 3558/6261/2390
f 3558/6261/2390 3555/6260/2389 3553/6163/2332 3556/6162/2331
f 3560/6146/2315 3557/6142/2311 3558/6261/2390 3561/6262/2391
f 3561/6262/2391 3558/6261/2390 3556/6162/2331 3559/6161/2330
f 3563/6131/2300 3560/6146/2315 3561/6262/2391 3564/6263/2392
f 3564/6263/2392 3561/6262/2391 3559/6161/2330 3562/6160/2329
f 3566/6132/2301 3563/6131/2300 3564/6263/2392 3567/6264/2393
f 3567/6264/2393 3564/6263/2392 3562/6160/2329 3565/6159/2328
f 3569/6137/2306 3566/6132/2301 3567/6264/2393 3570/6265/2394
f 3570/6265/2394 3567/6264/2393 3565/6159/2328 3568/6158/2327
f 3572/6138/2307 3569/6137/2306 3570/6265/2394 3573/6266/2395
f 3573/6266/2395 3570/6265/2394 3568/6158/2327 3571/6157/2326
f 3575/6144/2313 3572/6138/2307 3573/6266/2395 3576/6267/2396
f 3576/6267/2396 3573/6266/2395 3571/6157/2326 3574/6156/2325
f 3578/6127/2296 3575/6144/2313 3576/6267/2396 3579/6268/2397
f 3579/6268/2397 3576/6267/2396 3574/6156/2325 3577/6155/2324
f 3581/6128/2297 3578/6127/2296 3579/6268/2397 3582/6269/2398
f 3582/6269/2398 3579/6268/2397 3577/6155/2324 3580/6154/2323
f 3584/6149/2318 3581/6128/2297 3582/6269/2398 3585/6270/2399
f 3585/6270/2399 3582/6269/2398 3580/6154/2323 3583/6153/2322
f 3541/6150/2319 3584/6149/2318 3585/6270/2399 3543/6255/2384
f 3543/6255/2384 3585/6270/2399 3583/6153/2322 3542/6152/2321
f 3490/5972/2173 3494/6147/2316 3541/6150/2319 3539/5973/2174
f 3587/6008/2209 3589/6007/2208 3591/6271/2400 3588/6272/2401
f 3588/6273/2401 3591/6274/2400 3590/6065/2264 3586/6059/2259
f 3589/6007/2208 3592/6038/2239 3594/6275/2402 3591/6271/2400
f 3591/6274/2400 3594/6276/2402 3593/6066/2265 3590/6065/2264
f 3592/6038/2239 3595/6037/2238 3597/6277/2403 3594/6275/2402
f 3594/6278/2402 3597/6279/2403 3596/6072/2269 3593/6071/2265
f 3595/6037/2238 3598/6040/2241 3600/6280/2404 3597/6277/2403
f 3597/6279/2403 3600/6281/2404 3599/6079/2273 3596/6072/2269
f 3598/6040/2241 3601/6042/2243 3603/6282/2405 3600/6280/2404
f 3600/6281/2404 3603/6283/2405 3602/6083/2277 3599/6079/2273
f 3601/6042/2243 3604/6044/2245 3606/6284/2406 3603/6282/2405
f 3603/6283/2405 3606/6285/2406 3605/6087/2281 3602/6083/2277
f 3604/6044/2245 3607/6046/2247 3609/6286/2407 3606/6284/2406
f 3606/6287/2406 3609/6288/2407 3608/6055/2256 3605/6091/2281
f 3607/6046/2247 3610/6048/2249 3612/6289/2408 3609/6286/2407
f 3609/6288/2407 3612/6290/2408 3611/6056/2257 3608/6055/2256
f 3610/6048/2249 3613/6014/2215 3615/6291/2409 3612/6289/2408
f 3612/6290/2408 3615/6292/2409 3614/6063/2263 3611/6056/2257
f 3613/6014/2215 3616/6013/2214 3618/6293/2410 3615/6291/2409
f 3615/6292/2409 3618/6294/2410 3617/6069/2268 3614/6063/2263
f 3616/6013/2214 3619/6039/2240 3621/6295/2411 3618/6293/2410
f 3618/6296/2410 3621/6297/2411 3620/6076/2271 3617/6075/2268
f 3619/6039/2240 3622/6041/2242 3624/6298/2412 3621/6295/2411
f 3621/6297/2411 3624/6299/2412 3623/6081/2275 3620/6076/2271
f 3622/6041/2242 3625/6043/2244 3627/6300/2413 3624/6298/2412
f 3624/6299/2412 3627/6301/2413 3626/6085/2279 3623/6081/2275
f 3625/6043/2244 3628/6045/2246 3630/6302/2414 3627/6300/2413
f 3627/6301/2413 3630/6303/2414 3629/6089/2234 3626/6085/2279
f 3628/6045/2246 3631/6047/2248 3633/6304/2415 3630/6302/2414
f 3630/6305/2414 3633/6306/2415 3632/6034/2235 3629/6033/2234
f 3631/6047/2248 3587/6008/2209 3588/6272/2401 3633/6304/2415
f 3633/6306/2415 3588/6273/2401 3586/6059/2259 3632/6034/2235
f 3634/6030/2231 3638/6061/2261 3685/6062/2262 3683/6031/2232
f 3635/6060/2260 3637/6068/2267 3639/6307/2416 3636/6308/2417
f 3636/6309/2417 3639/6310/2416 3638/6061/2261 3634/6030/2231
f 3637/6068/2267 3640/6067/2266 3642/6311/2418 3639/6307/2416
f 3639/6310/2416 3642/6312/2418 3641/6049/2250 3638/6061/2261
f 3640/6074/2266 3643/6073/2270 3645/6313/2419 3642/6314/2418
f 3642/6312/2418 3645/6315/2419 3644/6019/2220 3641/6049/2250
f 3643/6073/2270 3646/6080/2274 3648/6316/2420 3645/6313/2419
f 3645/6315/2419 3648/6317/2420 3647/6020/2221 3644/6019/2220
f 3646/6080/2274 3649/6084/2278 3651/6318/2421 3648/6316/2420
f 3648/6317/2420 3651/6319/2421 3650/6009/2210 3647/6020/2221
f 3649/6084/2278 3652/6088/2255 3654/6320/2422 3651/6318/2421
f 3651/6319/2421 3654/6321/2422 3653/6010/2211 3650/6009/2210
f 3652/6092/2255 3655/6058/2254 3657/6322/2423 3654/6323/2422
f 3654/6321/2422 3657/6324/2423 3656/5927/2136 3653/6010/2211
f 3655/6058/2254 3658/6057/2258 3660/6325/2424 3657/6322/2423
f 3657/6324/2423 3660/6326/2424 3659/5928/2137 3656/5927/2136
f 3658/6057/2258 3661/6064/2219 3663/6327/2425 3660/6325/2424
f 3660/6326/2424 3663/6328/2425 3662/6023/2224 3659/5928/2137
f 3661/6064/2219 3664/6070/2218 3666/6329/2426 3663/6327/2425
f 3663/6328/2425 3666/6330/2426 3665/6027/2228 3662/6023/2224
f 3664/6078/2218 3667/6077/2272 3669/6331/2427 3666/6332/2426
f 3666/6330/2426 3669/6333/2427 3668/6001/2202 3665/6027/2228
f 3667/6077/2272 3670/6082/2276 3672/6334/2428 3669/6331/2427
f 3669/6333/2427 3672/6335/2429 3671/6002/2203 3668/6001/2202
f 3670/6082/2276 3673/6086/2280 3675/6336/2430 3672/6334/2428
f 3672/6335/2429 3675/6337/2430 3674/6005/2206 3671/6002/2203
f 3673/6086/2280 3676/6090/2237 3678/6338/2431 3675/6336/2430
f 3675/6337/2430 3678/6339/2431 3677/6025/2226 3674/6005/2206
f 3676/6036/2237 3679/6035/2236 3681/6340/2432 3678/6341/2431
f 3678/6339/2431 3681/6342/2432 3680/6029/2230 3677/6025/2226
f 3679/6035/2236 3635/6060/2260 3636/6308/2417 3681/6340/2432
f 3681/6342/2432 3636/6309/2417 3634/6030/2231 3680/6029/2230
f 3683/6031/2232 3685/6062/2262 3687/6343/2433 3684/6344/2434
f 3684/6345/2434 3687/6346/2435 3686/6015/2216 3682/6093/2282
f 3685/6062/2262 3688/6050/2251 3690/6347/2436 3687/6343/2433
f 3687/6346/2435 3690/6348/2436 3689/6016/2217 3686/6015/2216
f 3688/6050/2251 3691/6022/2223 3693/6349/2437 3690/6347/2436
f 3690/6350/2436 3693/6351/2437 3692/6104/2287 3689/6103/2217
f 3691/6022/2223 3694/6021/2222 3696/6352/2429 3693/6349/2437
f 3693/6351/2437 3696/6353/2428 3695/6111/2289 3692/6104/2287
f 3694/6021/2222 3697/6012/2213 3699/6354/2438 3696/6352/2429
f 3696/6353/2428 3699/6355/2439 3698/6115/2291 3695/6111/2289
f 3697/6012/2213 3700/6011/2212 3702/6356/2440 3699/6354/2438
f 3699/6355/2439 3702/6357/2440 3701/6119/2293 3698/6115/2291
f 3700/6011/2212 3703/5930/2139 3705/6358/2441 3702/6356/2440
f 3702/6359/2440 3705/6360/2441 3704/6095/2283 3701/6123/2293
f 3703/5930/2139 3706/5929/2138 3708/6361/2442 3705/6358/2441
f 3705/6360/2441 3708/6362/2442 3707/6096/2284 3704/6095/2283
f 3706/5929/2138 3709/6024/2225 3711/6363/2443 3708/6361/2442
f 3708/6362/2442 3711/6364/2444 3710/6099/2285 3707/6096/2284
f 3709/6024/2225 3712/6028/2229 3714/6365/2445 3711/6363/2443
f 3711/6364/2444 3714/6366/2446 3713/6101/2286 3710/6099/2285
f 3712/6028/2229 3715/6004/2205 3717/6367/2447 3714/6365/2445
f 3714/6368/2446 3717/6369/2447 3716/6108/2288 3713/6107/2286
f 3715/6004/2205 3718/6003/2204 3720/6370/2448 3717/6367/2447
f 3717/6369/2447 3720/6371/2448 3719/6113/2290 3716/6108/2288
f 3718/6003/2204 3721/6006/2207 3723/6372/2449 3720/6370/2448
f 3720/6371/2448 3723/6373/2449 3722/6117/2292 3719/6113/2290
f 3721/6006/2207 3724/6026/2227 3726/6374/2450 3723/6372/2449
f 3723/6373/2449 3726/6375/2451 3725/6121/2252 3722/6117/2292
f 3724/6026/2227 3727/6032/2233 3729/6376/2452 3726/6374/2450
f 3726/6377/2451 3729/6378/2452 3728/6052/2253 3725/6051/2252
f 3727/6032/2233 3683/6031/2232 3684/6344/2434 3729/6376/2452
f 3729/6378/2452 3684/6345/2434 3682/6093/2282 3728/6052/2253
f 3586/6059/2259 3590/6065/2264 3637/6068/2267 3635/6060/2260
f 3731/6094/2258 3733/6018/2219 3735/6379/2453 3732/6380/2454
f 3732/6381/2454 3735/6382/2453 3734/6383/2455 3730/6384/2456
f 3733/6018/2219 3736/6017/2218 3738/6385/2457 3735/6379/2453
f 3735/6382/2453 3738/6386/2457 3737/6387/2458 3734/6383/2455
f 3736/6106/2218 3739/6105/2272 3741/6388/2459 3738/6389/2457
f 3738/6386/2457 3741/6390/2459 3740/6391/2460 3737/6387/2458
f 3739/6105/2272 3742/6112/2276 3744/6392/2461 3741/6388/2459
f 3741/6390/2459 3744/6393/2461 3743/6394/2462 3740/6391/2460
f 3742/6112/2276 3745/6116/2280 3747/6395/2463 3744/6392/2461
f 3744/6393/2461 3747/6396/2463 3746/6397/2464 3743/6394/2462
f 3745/6116/2280 3748/6120/2237 3750/6398/2465 3747/6395/2463
f 3747/6396/2463 3750/6399/2465 3749/6400/2466 3746/6397/2464
f 3748/6124/2237 3751/6098/2236 3753/6401/2467 3750/6402/2465
f 3750/6399/2465 3753/6403/2467 3752/6404/2468 3749/6400/2466
f 3751/6098/2236 3754/6097/2260 3756/6405/2469 3753/6401/2467
f 3753/6403/2467 3756/6406/2469 3755/6407/2470 3752/6404/2468
f 3754/6097/2260 3757/6100/2267 3759/6408/2471 3756/6405/2469
f 3756/6406/2469 3759/6409/2471 3758/6410/2472 3755/6407/2470
f 3757/6100/2267 3760/6102/2266 3762/6411/2473 3759/6408/2471
f 3759/6409/2471 3762/6412/2473 3761/6413/2474 3758/6410/2472
f 3760/6110/2266 3763/6109/2270 3765/6414/2475 3762/6415/2473
f 3762/6412/2473 3765/6416/2475 3764/6417/2476 3761/6413/2474
f 3763/6109/2270 3766/6114/2274 3768/6418/2477 3765/6414/2475
f 3765/6416/2475 3768/6419/2477 3767/6420/2478 3764/6417/2476
f 3766/6114/2274 3769/6118/2278 3771/6421/2479 3768/6418/2477
f 3768/6419/2477 3771/6422/2479 3770/6423/2480 3767/6420/2478
f 3769/6118/2278 3772/6122/2255 3774/6424/2481 3771/6421/2479
f 3771/6422/2479 3774/6425/2481 3773/6426/2482 3770/6423/2480
f 3772/6054/2255 3775/6053/2254 3777/6427/2483 3774/6428/2481
f 3774/6425/2481 3777/6429/2483 3776/6430/2484 3773/6426/2482
f 3775/6053/2254 3731/6094/2258 3732/6380/2454 3777/6427/2483
f 3777/6429/2483 3732/6381/2454 3730/6384/2456 3776/6430/2484
f 3730/6384/2456 3734/6383/2455 3737/6387/2458 3740/6391/2460 3743/6394/2462 3746/6397/2464 3749/6400/2466 3752/6404/2468 3755/6407/2470 3758/6410/2472 3761/6413/2474 3764/6417/2476 3767/6420/2478 3770/6423/2480 3773/6426/2482 3776/6430/2484
